
=== JavaScript構文検証 ===
JS syntax check passed (51 files).

=== 生成物の再現性検証 ===
Synchronized dates and asset versions (v=20260802_0131a) in index.html
[build-html] synchronized editorial structure: 9
Generated /home/runner/work/PlayPoint/PlayPoint/en/index.html successfully.
Generated /home/runner/work/PlayPoint/PlayPoint/ko/index.html successfully.
Generated /home/runner/work/PlayPoint/PlayPoint/tw/index.html successfully.
Successfully synchronized sw.js cache. CACHE_NAME=playpoint-calc-v20260802_0131-8b7853ca
Successfully synchronized consent.js version in third-party.js to v=55813d3bcb
Generated international SEO pages (57 files).
[manual-intl] restored canonical article content: 13
[intl-content-expansion] published 27 locale articles
Successfully synchronized asset versions and dates in about-playpoints.html
Successfully synchronized asset versions and dates in info.html
Successfully synchronized asset versions and dates in changelog.html
Successfully synchronized asset versions and dates in attention.html
Successfully synchronized asset versions and dates in privacy.html
Successfully synchronized asset versions and dates in terms.html
Successfully synchronized asset versions and dates in sitemap.html
Successfully synchronized asset versions and dates in embed.html
Successfully synchronized asset versions and dates in latest/index.html
Successfully synchronized asset versions and dates in status/diamond/index.html
Successfully synchronized asset versions and dates in status/platinum/index.html
Successfully synchronized asset versions and dates in status/gold/index.html
Successfully synchronized asset versions and dates in status/silver/index.html
Successfully synchronized asset versions and dates in maintenance/platinum/index.html
Successfully synchronized asset versions and dates in maintenance/diamond/index.html
Successfully synchronized asset versions and dates in campaign/2x/index.html
Successfully synchronized asset versions and dates in campaign/3x/index.html
Successfully synchronized asset versions and dates in campaign/wait/index.html
Successfully synchronized asset versions and dates in amount/10000/index.html
Successfully synchronized asset versions and dates in compare/earning-rates/index.html
Successfully synchronized asset versions and dates in en/articles/2026-06-20-discount-gift-cards.html
Successfully synchronized asset versions and dates in ko/articles/2026-06-20-discount-gift-cards.html
Successfully synchronized asset versions and dates in tw/articles/2026-06-20-discount-gift-cards.html
[public-assets] synchronized content hashes: 17 files
Updated sitemap.xml and blog/sitemap.xml with current article dates (30 articles).
Generated blog feeds (30 articles).
[blog-index] synchronized static article titles: 0
[build-html] stripped external Google Fonts: 0
[build-html] sanitized internal attribution links: 0
diff --git a/en/articles/index.html b/en/articles/index.html
index b9014a9..984ae1f 100644
--- a/en/articles/index.html
+++ b/en/articles/index.html
@@ -47,6 +47,12 @@
                 <li><a href="/en/articles/google-play-balance-combine-payment.html">Can you combine Google Play balance with another payment method?</a></li>
                 <li><a href="/en/articles/google-play-points-device-change.html">Play Points after changing phones or devices</a></li>
                 <li><a href="/en/articles/google-play-points-rounding-tax.html">How Play Points handle tax, rounding and split purchases</a></li>
+                <li><a href="/en/articles/google-play-points-balance-history-progress.html">Where to check Play Points balance, history and level progress</a></li>
+                <li><a href="/en/articles/google-play-points-apps-books-purchases.html">Do paid apps, games and books earn Play Points?</a></li>
+                <li><a href="/en/articles/google-play-games-vs-play-points.html">Google Play Games vs Play Points: XP, achievements and rewards</a></li>
+                <li><a href="/en/articles/google-play-points-earn-free.html">Legitimate ways to earn Play Points without extra spending</a></li>
+                <li><a href="/en/articles/google-play-points-500-1000-cost.html">How much spending for 500 or 1,000 Play Points?</a></li>
+                <li><a href="/en/articles/google-play-points-discounts-promo-codes.html">Do discounts and promo codes still earn Play Points?</a></li>
                 <li><a href="/en/articles/google-play-points-super-weekly-reward.html">Super Weekly Prize eligibility, prize stock and Super Tickets</a></li>
                 <li><a href="/en/articles/google-play-quests.html">Google Play quests not appearing or completing</a></li>
                 <li><a href="/en/articles/google-play-points-cash-conversion.html">Can you cash out Google Play Points?</a></li>
diff --git a/ko/articles/index.html b/ko/articles/index.html
index c0dc0b0..6b8d670 100644
--- a/ko/articles/index.html
+++ b/ko/articles/index.html
@@ -47,6 +47,12 @@
                 <li><a href="/ko/articles/google-play-balance-combine-payment.html">Google Play 잔액과 다른 결제 수단을 함께 사용할 수 있나요?</a></li>
                 <li><a href="/ko/articles/google-play-points-device-change.html">휴대전화 변경 후 Play Points가 보이지 않을 때</a></li>
                 <li><a href="/ko/articles/google-play-points-rounding-tax.html">Play Points 세금·반올림·분할 결제 계산</a></li>
+                <li><a href="/ko/articles/google-play-points-balance-history-progress.html">Play Points 잔액·내역·등급 진행도 확인 방법</a></li>
+                <li><a href="/ko/articles/google-play-points-apps-books-purchases.html">유료 앱·게임·도서 구매의 Play Points 적립 조건</a></li>
+                <li><a href="/ko/articles/google-play-games-vs-play-points.html">Google Play Games와 Play Points 차이</a></li>
+                <li><a href="/ko/articles/google-play-points-earn-free.html">추가 결제 없이 Play Points를 모으는 공식 방법</a></li>
+                <li><a href="/ko/articles/google-play-points-500-1000-cost.html">Play Points 500·1,000포인트 필요 금액</a></li>
+                <li><a href="/ko/articles/google-play-points-discounts-promo-codes.html">할인·프로모션 코드 사용 시 Play Points 적립 기준</a></li>
                 <li><a href="/ko/articles/google-play-points-super-weekly-reward.html">슈퍼 위클리 리워드 대상·재고·슈퍼 티켓</a></li>
                 <li><a href="/ko/articles/google-play-quests.html">Google Play 퀘스트가 표시되거나 완료되지 않을 때</a></li>
                 <li><a href="/ko/articles/google-play-points-cash-conversion.html">Play Points 현금화 가능할까?</a></li>
diff --git a/sitemap-intl-content-expansion.xml b/sitemap-intl-content-expansion.xml
index b83f532..caa8fb3 100644
--- a/sitemap-intl-content-expansion.xml
+++ b/sitemap-intl-content-expansion.xml
@@ -72,4 +72,148 @@
     <xhtml:link rel="alternate" hreflang="zh-TW" href="https://playpoint-sim.com/tw/articles/google-play-points-rounding-tax.html" />
     <xhtml:link rel="alternate" hreflang="x-default" href="https://playpoint-sim.com/en/articles/google-play-points-rounding-tax.html" />
   </url>
+  <url>
+    <loc>https://playpoint-sim.com/en/articles/google-play-points-balance-history-progress.html</loc>
+    <lastmod>2026-08-04</lastmod>
+    <xhtml:link rel="alternate" hreflang="en" href="https://playpoint-sim.com/en/articles/google-play-points-balance-history-progress.html" />
+    <xhtml:link rel="alternate" hreflang="ko" href="https://playpoint-sim.com/ko/articles/google-play-points-balance-history-progress.html" />
+    <xhtml:link rel="alternate" hreflang="zh-TW" href="https://playpoint-sim.com/tw/articles/google-play-points-balance-history-progress.html" />
+    <xhtml:link rel="alternate" hreflang="x-default" href="https://playpoint-sim.com/en/articles/google-play-points-balance-history-progress.html" />
+  </url>
+  <url>
+    <loc>https://playpoint-sim.com/ko/articles/google-play-points-balance-history-progress.html</loc>
+    <lastmod>2026-08-04</lastmod>
+    <xhtml:link rel="alternate" hreflang="en" href="https://playpoint-sim.com/en/articles/google-play-points-balance-history-progress.html" />
+    <xhtml:link rel="alternate" hreflang="ko" href="https://playpoint-sim.com/ko/articles/google-play-points-balance-history-progress.html" />
+    <xhtml:link rel="alternate" hreflang="zh-TW" href="https://playpoint-sim.com/tw/articles/google-play-points-balance-history-progress.html" />
+    <xhtml:link rel="alternate" hreflang="x-default" href="https://playpoint-sim.com/en/articles/google-play-points-balance-history-progress.html" />
+  </url>
+  <url>
+    <loc>https://playpoint-sim.com/tw/articles/google-play-points-balance-history-progress.html</loc>
+    <lastmod>2026-08-04</lastmod>
+    <xhtml:link rel="alternate" hreflang="en" href="https://playpoint-sim.com/en/articles/google-play-points-balance-history-progress.html" />
+    <xhtml:link rel="alternate" hreflang="ko" href="https://playpoint-sim.com/ko/articles/google-play-points-balance-history-progress.html" />
+    <xhtml:link rel="alternate" hreflang="zh-TW" href="https://playpoint-sim.com/tw/articles/google-play-points-balance-history-progress.html" />
+    <xhtml:link rel="alternate" hreflang="x-default" href="https://playpoint-sim.com/en/articles/google-play-points-balance-history-progress.html" />
+  </url>
+  <url>
+    <loc>https://playpoint-sim.com/en/articles/google-play-points-apps-books-purchases.html</loc>
+    <lastmod>2026-08-04</lastmod>
+    <xhtml:link rel="alternate" hreflang="en" href="https://playpoint-sim.com/en/articles/google-play-points-apps-books-purchases.html" />
+    <xhtml:link rel="alternate" hreflang="ko" href="https://playpoint-sim.com/ko/articles/google-play-points-apps-books-purchases.html" />
+    <xhtml:link rel="alternate" hreflang="zh-TW" href="https://playpoint-sim.com/tw/articles/google-play-points-apps-books-purchases.html" />
+    <xhtml:link rel="alternate" hreflang="x-default" href="https://playpoint-sim.com/en/articles/google-play-points-apps-books-purchases.html" />
+  </url>
+  <url>
+    <loc>https://playpoint-sim.com/ko/articles/google-play-points-apps-books-purchases.html</loc>
+    <lastmod>2026-08-04</lastmod>
+    <xhtml:link rel="alternate" hreflang="en" href="https://playpoint-sim.com/en/articles/google-play-points-apps-books-purchases.html" />
+    <xhtml:link rel="alternate" hreflang="ko" href="https://playpoint-sim.com/ko/articles/google-play-points-apps-books-purchases.html" />
+    <xhtml:link rel="alternate" hreflang="zh-TW" href="https://playpoint-sim.com/tw/articles/google-play-points-apps-books-purchases.html" />
+    <xhtml:link rel="alternate" hreflang="x-default" href="https://playpoint-sim.com/en/articles/google-play-points-apps-books-purchases.html" />
+  </url>
+  <url>
+    <loc>https://playpoint-sim.com/tw/articles/google-play-points-apps-books-purchases.html</loc>
+    <lastmod>2026-08-04</lastmod>
+    <xhtml:link rel="alternate" hreflang="en" href="https://playpoint-sim.com/en/articles/google-play-points-apps-books-purchases.html" />
+    <xhtml:link rel="alternate" hreflang="ko" href="https://playpoint-sim.com/ko/articles/google-play-points-apps-books-purchases.html" />
+    <xhtml:link rel="alternate" hreflang="zh-TW" href="https://playpoint-sim.com/tw/articles/google-play-points-apps-books-purchases.html" />
+    <xhtml:link rel="alternate" hreflang="x-default" href="https://playpoint-sim.com/en/articles/google-play-points-apps-books-purchases.html" />
+  </url>
+  <url>
+    <loc>https://playpoint-sim.com/en/articles/google-play-games-vs-play-points.html</loc>
+    <lastmod>2026-08-04</lastmod>
+    <xhtml:link rel="alternate" hreflang="en" href="https://playpoint-sim.com/en/articles/google-play-games-vs-play-points.html" />
+    <xhtml:link rel="alternate" hreflang="ko" href="https://playpoint-sim.com/ko/articles/google-play-games-vs-play-points.html" />
+    <xhtml:link rel="alternate" hreflang="zh-TW" href="https://playpoint-sim.com/tw/articles/google-play-games-vs-play-points.html" />
+    <xhtml:link rel="alternate" hreflang="x-default" href="https://playpoint-sim.com/en/articles/google-play-games-vs-play-points.html" />
+  </url>
+  <url>
+    <loc>https://playpoint-sim.com/ko/articles/google-play-games-vs-play-points.html</loc>
+    <lastmod>2026-08-04</lastmod>
+    <xhtml:link rel="alternate" hreflang="en" href="https://playpoint-sim.com/en/articles/google-play-games-vs-play-points.html" />
+    <xhtml:link rel="alternate" hreflang="ko" href="https://playpoint-sim.com/ko/articles/google-play-games-vs-play-points.html" />
+    <xhtml:link rel="alternate" hreflang="zh-TW" href="https://playpoint-sim.com/tw/articles/google-play-games-vs-play-points.html" />
+    <xhtml:link rel="alternate" hreflang="x-default" href="https://playpoint-sim.com/en/articles/google-play-games-vs-play-points.html" />
+  </url>
+  <url>
+    <loc>https://playpoint-sim.com/tw/articles/google-play-games-vs-play-points.html</loc>
+    <lastmod>2026-08-04</lastmod>
+    <xhtml:link rel="alternate" hreflang="en" href="https://playpoint-sim.com/en/articles/google-play-games-vs-play-points.html" />
+    <xhtml:link rel="alternate" hreflang="ko" href="https://playpoint-sim.com/ko/articles/google-play-games-vs-play-points.html" />
+    <xhtml:link rel="alternate" hreflang="zh-TW" href="https://playpoint-sim.com/tw/articles/google-play-games-vs-play-points.html" />
+    <xhtml:link rel="alternate" hreflang="x-default" href="https://playpoint-sim.com/en/articles/google-play-games-vs-play-points.html" />
+  </url>
+  <url>
+    <loc>https://playpoint-sim.com/en/articles/google-play-points-earn-free.html</loc>
+    <lastmod>2026-08-04</lastmod>
+    <xhtml:link rel="alternate" hreflang="en" href="https://playpoint-sim.com/en/articles/google-play-points-earn-free.html" />
+    <xhtml:link rel="alternate" hreflang="ko" href="https://playpoint-sim.com/ko/articles/google-play-points-earn-free.html" />
+    <xhtml:link rel="alternate" hreflang="zh-TW" href="https://playpoint-sim.com/tw/articles/google-play-points-earn-free.html" />
+    <xhtml:link rel="alternate" hreflang="x-default" href="https://playpoint-sim.com/en/articles/google-play-points-earn-free.html" />
+  </url>
+  <url>
+    <loc>https://playpoint-sim.com/ko/articles/google-play-points-earn-free.html</loc>
+    <lastmod>2026-08-04</lastmod>
+    <xhtml:link rel="alternate" hreflang="en" href="https://playpoint-sim.com/en/articles/google-play-points-earn-free.html" />
+    <xhtml:link rel="alternate" hreflang="ko" href="https://playpoint-sim.com/ko/articles/google-play-points-earn-free.html" />
+    <xhtml:link rel="alternate" hreflang="zh-TW" href="https://playpoint-sim.com/tw/articles/google-play-points-earn-free.html" />
+    <xhtml:link rel="alternate" hreflang="x-default" href="https://playpoint-sim.com/en/articles/google-play-points-earn-free.html" />
+  </url>
+  <url>
+    <loc>https://playpoint-sim.com/tw/articles/google-play-points-earn-free.html</loc>
+    <lastmod>2026-08-04</lastmod>
+    <xhtml:link rel="alternate" hreflang="en" href="https://playpoint-sim.com/en/articles/google-play-points-earn-free.html" />
+    <xhtml:link rel="alternate" hreflang="ko" href="https://playpoint-sim.com/ko/articles/google-play-points-earn-free.html" />
+    <xhtml:link rel="alternate" hreflang="zh-TW" href="https://playpoint-sim.com/tw/articles/google-play-points-earn-free.html" />
+    <xhtml:link rel="alternate" hreflang="x-default" href="https://playpoint-sim.com/en/articles/google-play-points-earn-free.html" />
+  </url>
+  <url>
+    <loc>https://playpoint-sim.com/en/articles/google-play-points-500-1000-cost.html</loc>
+    <lastmod>2026-08-04</lastmod>
+    <xhtml:link rel="alternate" hreflang="en" href="https://playpoint-sim.com/en/articles/google-play-points-500-1000-cost.html" />
+    <xhtml:link rel="alternate" hreflang="ko" href="https://playpoint-sim.com/ko/articles/google-play-points-500-1000-cost.html" />
+    <xhtml:link rel="alternate" hreflang="zh-TW" href="https://playpoint-sim.com/tw/articles/google-play-points-500-1000-cost.html" />
+    <xhtml:link rel="alternate" hreflang="x-default" href="https://playpoint-sim.com/en/articles/google-play-points-500-1000-cost.html" />
+  </url>
+  <url>
+    <loc>https://playpoint-sim.com/ko/articles/google-play-points-500-1000-cost.html</loc>
+    <lastmod>2026-08-04</lastmod>
+    <xhtml:link rel="alternate" hreflang="en" href="https://playpoint-sim.com/en/articles/google-play-points-500-1000-cost.html" />
+    <xhtml:link rel="alternate" hreflang="ko" href="https://playpoint-sim.com/ko/articles/google-play-points-500-1000-cost.html" />
+    <xhtml:link rel="alternate" hreflang="zh-TW" href="https://playpoint-sim.com/tw/articles/google-play-points-500-1000-cost.html" />
+    <xhtml:link rel="alternate" hreflang="x-default" href="https://playpoint-sim.com/en/articles/google-play-points-500-1000-cost.html" />
+  </url>
+  <url>
+    <loc>https://playpoint-sim.com/tw/articles/google-play-points-500-1000-cost.html</loc>
+    <lastmod>2026-08-04</lastmod>
+    <xhtml:link rel="alternate" hreflang="en" href="https://playpoint-sim.com/en/articles/google-play-points-500-1000-cost.html" />
+    <xhtml:link rel="alternate" hreflang="ko" href="https://playpoint-sim.com/ko/articles/google-play-points-500-1000-cost.html" />
+    <xhtml:link rel="alternate" hreflang="zh-TW" href="https://playpoint-sim.com/tw/articles/google-play-points-500-1000-cost.html" />
+    <xhtml:link rel="alternate" hreflang="x-default" href="https://playpoint-sim.com/en/articles/google-play-points-500-1000-cost.html" />
+  </url>
+  <url>
+    <loc>https://playpoint-sim.com/en/articles/google-play-points-discounts-promo-codes.html</loc>
+    <lastmod>2026-08-04</lastmod>
+    <xhtml:link rel="alternate" hreflang="en" href="https://playpoint-sim.com/en/articles/google-play-points-discounts-promo-codes.html" />
+    <xhtml:link rel="alternate" hreflang="ko" href="https://playpoint-sim.com/ko/articles/google-play-points-discounts-promo-codes.html" />
+    <xhtml:link rel="alternate" hreflang="zh-TW" href="https://playpoint-sim.com/tw/articles/google-play-points-discounts-promo-codes.html" />
+    <xhtml:link rel="alternate" hreflang="x-default" href="https://playpoint-sim.com/en/articles/google-play-points-discounts-promo-codes.html" />
+  </url>
+  <url>
+    <loc>https://playpoint-sim.com/ko/articles/google-play-points-discounts-promo-codes.html</loc>
+    <lastmod>2026-08-04</lastmod>
+    <xhtml:link rel="alternate" hreflang="en" href="https://playpoint-sim.com/en/articles/google-play-points-discounts-promo-codes.html" />
+    <xhtml:link rel="alternate" hreflang="ko" href="https://playpoint-sim.com/ko/articles/google-play-points-discounts-promo-codes.html" />
+    <xhtml:link rel="alternate" hreflang="zh-TW" href="https://playpoint-sim.com/tw/articles/google-play-points-discounts-promo-codes.html" />
+    <xhtml:link rel="alternate" hreflang="x-default" href="https://playpoint-sim.com/en/articles/google-play-points-discounts-promo-codes.html" />
+  </url>
+  <url>
+    <loc>https://playpoint-sim.com/tw/articles/google-play-points-discounts-promo-codes.html</loc>
+    <lastmod>2026-08-04</lastmod>
+    <xhtml:link rel="alternate" hreflang="en" href="https://playpoint-sim.com/en/articles/google-play-points-discounts-promo-codes.html" />
+    <xhtml:link rel="alternate" hreflang="ko" href="https://playpoint-sim.com/ko/articles/google-play-points-discounts-promo-codes.html" />
+    <xhtml:link rel="alternate" hreflang="zh-TW" href="https://playpoint-sim.com/tw/articles/google-play-points-discounts-promo-codes.html" />
+    <xhtml:link rel="alternate" hreflang="x-default" href="https://playpoint-sim.com/en/articles/google-play-points-discounts-promo-codes.html" />
+  </url>
 </urlset>
diff --git a/tw/articles/index.html b/tw/articles/index.html
index b4aec30..6a779cb 100644
--- a/tw/articles/index.html
+++ b/tw/articles/index.html
@@ -47,6 +47,12 @@
                 <li><a href="/tw/articles/google-play-balance-combine-payment.html">Google Play 餘額可以和其他付款方式一起使用嗎？</a></li>
                 <li><a href="/tw/articles/google-play-points-device-change.html">換手機後 Play Points 沒有顯示時</a></li>
                 <li><a href="/tw/articles/google-play-points-rounding-tax.html">Play Points 稅金、四捨五入與分開購買計算</a></li>
+                <li><a href="/tw/articles/google-play-points-balance-history-progress.html">Play Points 餘額、記錄與等級進度怎麼看</a></li>
+                <li><a href="/tw/articles/google-play-points-apps-books-purchases.html">付費 App、遊戲與電子書的 Play Points 累積條件</a></li>
+                <li><a href="/tw/articles/google-play-games-vs-play-points.html">Google Play Games 與 Play Points 的差別</a></li>
+                <li><a href="/tw/articles/google-play-points-earn-free.html">不增加額外消費取得 Play Points 的官方方法</a></li>
+                <li><a href="/tw/articles/google-play-points-500-1000-cost.html">Play Points 500、1,000 點需要多少金額</a></li>
+                <li><a href="/tw/articles/google-play-points-discounts-promo-codes.html">折扣、促銷代碼的 Play Points 累積規則</a></li>
                 <li><a href="/tw/articles/google-play-points-super-weekly-reward.html">超級每週獎勵資格、庫存與超級票券</a></li>
                 <li><a href="/tw/articles/google-play-quests.html">Google Play 任務沒有顯示或無法完成</a></li>
                 <li><a href="/tw/articles/google-play-points-cash-conversion.html">Play Points 可以換現金嗎？</a></li>
Generated files are out of sync. Run `node scripts/build-html.js`, review the diff, and commit the generated output.

=== 公開必須ファイル検証 ===
公開必須ファイルが揃っています。

=== Service Worker先読み対象検証 ===
Service Worker先読み対象が揃っています（38件）。

=== 公開記事の3クリック以内検証 ===
公開記事のクリック深度: 123件、最大3クリック

=== 全回帰テスト ===
TAP version 13
# Subtest: the complete published article corpus keeps structural quality signals
ok 1 - the complete published article corpus keeps structural quality signals
  ---
  duration_ms: 56.259663
  type: 'test'
  ...
# Subtest: article hreflang links are reciprocal and use the Taiwan locale code
ok 2 - article hreflang links are reciprocal and use the Taiwan locale code
  ---
  duration_ms: 51.308556
  type: 'test'
  ...
# Subtest: rewritten gift-card guides contain verifiable checks, not permanent discount claims
ok 3 - rewritten gift-card guides contain verifiable checks, not permanent discount claims
  ---
  duration_ms: 1.038435
  type: 'test'
  ...
# Subtest: known overstatements do not return to published copy
ok 4 - known overstatements do not return to published copy
  ---
  duration_ms: 10.59058
  type: 'test'
  ...
# Subtest: 通常のウィークリーリワードと例外的な週次特典を区別して案内する
ok 5 - 通常のウィークリーリワードと例外的な週次特典を区別して案内する
  ---
  duration_ms: 1.665635
  type: 'test'
  ...
# Subtest: 入門記事の獲得対象は現在の日本向け公式案内に合わせる
ok 6 - 入門記事の獲得対象は現在の日本向け公式案内に合わせる
  ---
  duration_ms: 0.493369
  type: 'test'
  ...
# Subtest: 週次特典を使う補足記事にもシルバー以上の条件を明記する
ok 7 - 週次特典を使う補足記事にもシルバー以上の条件を明記する
  ---
  duration_ms: 0.528315
  type: 'test'
  ...
# Subtest: ゲーム以外の記事は終了・未確認サービスを獲得対象と断定しない
ok 8 - ゲーム以外の記事は終了・未確認サービスを獲得対象と断定しない
  ---
  duration_ms: 1.197091
  type: 'test'
  ...
# Subtest: サブスク記事は現行の公式確認項目だけを例示する
ok 9 - サブスク記事は現行の公式確認項目だけを例示する
  ---
  duration_ms: 0.565474
  type: 'test'
  ...
# Subtest: ダイヤモンド記事は未公表の週次上限を事実扱いしない
ok 10 - ダイヤモンド記事は未公表の週次上限を事実扱いしない
  ---
  duration_ms: 0.354651
  type: 'test'
  ...
# Subtest: 反映時間は公式案内にない時間幅を断定しない
ok 11 - 反映時間は公式案内にない時間幅を断定しない
  ---
  duration_ms: 0.470528
  type: 'test'
  ...
# Subtest: 終了済みの2025年末から2026年正月予測には履歴記事の明示がある
ok 12 - 終了済みの2025年末から2026年正月予測には履歴記事の明示がある
  ---
  duration_ms: 0.371001
  type: 'test'
  ...
# Subtest: 注意ページは既存モードをそのまま使える国を正確に分類する
ok 13 - 注意ページは既存モードをそのまま使える国を正確に分類する
  ---
  duration_ms: 0.892444
  type: 'test'
  ...
# Subtest: 似ているだけの国を完全一致として案内しない
ok 14 - 似ているだけの国を完全一致として案内しない
  ---
  duration_ms: 0.228646
  type: 'test'
  ...
# Subtest: 国をブラウザ言語だけで推測せず公式確認導線を残す
ok 15 - 国をブラウザ言語だけで推測せず公式確認導線を残す
  ---
  duration_ms: 0.214019
  type: 'test'
  ...
# Subtest: 注意ページの確認日をサイト全体の更新日で巻き戻さない
ok 16 - 注意ページの確認日をサイト全体の更新日で巻き戻さない
  ---
  duration_ms: 0.175698
  type: 'test'
  ...
# Subtest: static blog article links follow article registry titles and remain idempotent
ok 17 - static blog article links follow article registry titles and remain idempotent
  ---
  duration_ms: 2.890768
  type: 'test'
  ...
# Subtest: 地域別の公式レート・年間しきい値・通貨単位を固定する
ok 18 - 地域別の公式レート・年間しきい値・通貨単位を固定する
  ---
  duration_ms: 8.754588
  type: 'test'
  ...
# Subtest: 共通説明は年初再判定・残高と年間進捗の違いを公式URL付きで示す
ok 19 - 共通説明は年初再判定・残高と年間進捗の違いを公式URL付きで示す
  ---
  duration_ms: 0.618814
  type: 'test'
  ...
# Subtest: トップは倍率と直接レートを代替入力として説明し、入力境界をHTMLでも制約する
ok 20 - トップは倍率と直接レートを代替入力として説明し、入力境界をHTMLでも制約する
  ---
  duration_ms: 0.856937
  type: 'test'
  ...
# Subtest: 4言語トップは対象条件・保存範囲・aria-labelを初期表示から翻訳する
ok 21 - 4言語トップは対象条件・保存範囲・aria-labelを初期表示から翻訳する
  ---
  duration_ms: 1.79692
  type: 'test'
  ...
# Subtest: 海外の既存ギフトカード割引記事を記事ハブと人向けサイトマップから発見できる
ok 22 - 海外の既存ギフトカード割引記事を記事ハブと人向けサイトマップから発見できる
  ---
  duration_ms: 0.732776
  type: 'test'
  ...
# Subtest: アプリモジュール変更がService Worker用の指紋を必ず変える
ok 23 - アプリモジュール変更がService Worker用の指紋を必ず変える
  ---
  duration_ms: 1.962468
  type: 'test'
  ...
# Subtest: 記事一覧は4つの検索意図カテゴリだけを使う
ok 24 - 記事一覧は4つの検索意図カテゴリだけを使う
  ---
  duration_ms: 1.748918
  type: 'test'
  ...
# Subtest: 反映トラブルの重複記事は新しい包括記事へ恒久統合する
ok 25 - 反映トラブルの重複記事は新しい包括記事へ恒久統合する
  ---
  duration_ms: 2.185944
  type: 'test'
  ...
# Subtest: 主要検索記事は即答と判明・不明の境界を静的HTMLで示す
ok 26 - 主要検索記事は即答と判明・不明の境界を静的HTMLで示す
  ---
  duration_ms: 1.610301
  type: 'test'
  ...
# Subtest: 既存CTAの有無にかかわらず記事冒頭近くへ計算導線を置く
ok 27 - 既存CTAの有無にかかわらず記事冒頭近くへ計算導線を置く
  ---
  duration_ms: 0.302333
  type: 'test'
  ...
# Subtest: 引用用比較表は恒久URL・固定アンカー・一次情報を持つ
ok 28 - 引用用比較表は恒久URL・固定アンカー・一次情報を持つ
  ---
  duration_ms: 0.720533
  type: 'test'
  ...
# Subtest: 公開記事はトップから3クリック以内で到達できる
ok 29 - 公開記事はトップから3クリック以内で到達できる
  ---
  duration_ms: 58.516574
  type: 'test'
  ...
# Subtest: 深いURLでも同意管理スクリプトをサイトルートから読み込む
ok 30 - 深いURLでも同意管理スクリプトをサイトルートから読み込む
  ---
  duration_ms: 0.187219
  type: 'test'
  ...
# Subtest: デプロイは公開物だけを厳密にミラーし、除外物も本番から削除する
ok 31 - デプロイは公開物だけを厳密にミラーし、除外物も本番から削除する
  ---
  duration_ms: 4.513272
  type: 'test'
  ...
# Subtest: 移設済み・非公開・統合済みの旧パスをXserver上の実体で検査する
ok 32 - 移設済み・非公開・統合済みの旧パスをXserver上の実体で検査する
  ---
  duration_ms: 0.314736
  type: 'test'
  ...
# Subtest: 旧calculatorファイルを持たず301転送だけを維持する
ok 33 - 旧calculatorファイルを持たず301転送だけを維持する
  ---
  duration_ms: 0.346677
  type: 'test'
  ...
# Subtest: 全階層のindex.htmlを階層を保った正規URLへ301転送する
ok 34 - 全階層のindex.htmlを階層を保った正規URLへ301転送する
  ---
  duration_ms: 0.22027
  type: 'test'
  ...
# Subtest: デプロイスクリプトのBash構文が有効である
ok 35 - デプロイスクリプトのBash構文が有効である
  ---
  duration_ms: 10.586132
  type: 'test'
  ...
# Subtest: PlayPointと無関係なツールはKatakataLabへ移設し旧URLを恒久転送する
ok 36 - PlayPointと無関係なツールはKatakataLabへ移設し旧URLを恒久転送する
  ---
  duration_ms: 1.447588
  type: 'test'
  ...
# Subtest: 公開HTMLと生成元にサイト内遷移用UTMを残さない
ok 37 - 公開HTMLと生成元にサイト内遷移用UTMを残さない
  ---
  duration_ms: 33.810491
  type: 'test'
  ...
# Subtest: プライバシー文書はWeb版と認定CMPの運用に一致する
ok 38 - プライバシー文書はWeb版と認定CMPの運用に一致する
  ---
  duration_ms: 0.747253
  type: 'test'
  ...
# Subtest: 再訪と配布の主要イベントだけを許可する
ok 39 - 再訪と配布の主要イベントだけを許可する
  ---
  duration_ms: 1.093608
  type: 'test'
  ...
# Subtest: ウィジェット作成ページは狭い画面でグリッド内容をはみ出させない
ok 40 - ウィジェット作成ページは狭い画面でグリッド内容をはみ出させない
  ---
  duration_ms: 0.438467
  type: 'test'
  ...
# ok - 実ユーザー速度は同意後に匿名区分だけを計測する
# ok - トップページに年間グラフと独自計算図がある
# ok - ビルド後HTMLは外部Google Fontsへ接続しない
# ok - Search ConsoleとGA4の運用手順が実行可能な粒度で残る
# ok - 運営者ページに検証工程と外部プロフィールの関係を明示する
# ok - 今回はWeb Share APIを追加しない
# Subtest: tests/growth-priority.test.cjs
ok 9 - tests/growth-priority.test.cjs
  ---
  duration_ms: 57.166643
  type: 'test'
  ...
# Subtest: mapWithConcurrencyは指定した同時実行数を超えず入力順を保持する
ok 42 - mapWithConcurrencyは指定した同時実行数を超えず入力順を保持する
  ---
  duration_ms: 17.811357
  type: 'test'
  ...
# Subtest: mapWithConcurrencyは一件の失敗後も残りを検査する
ok 43 - mapWithConcurrencyは一件の失敗後も残りを検査する
  ---
  duration_ms: 0.496195
  type: 'test'
  ...
# Subtest: retryは失敗対象だけを指定回数まで再試行する
ok 44 - retryは失敗対象だけを指定回数まで再試行する
  ---
  duration_ms: 3.97568
  type: 'test'
  ...
# Subtest: 機種変更記事は独立した検索意図と症状別の確認導線を持つ
ok 45 - 機種変更記事は独立した検索意図と症状別の確認導線を持つ
  ---
  duration_ms: 1.397314
  type: 'test'
  ...
# Subtest: 既存記事が履歴・週次特典・交換先の主担当として必要情報を持つ
ok 46 - 既存記事が履歴・週次特典・交換先の主担当として必要情報を持つ
  ---
  duration_ms: 1.431227
  type: 'test'
  ...
# Subtest: 機種変更記事のFAQ本文とFAQPage構造化データは一致する
ok 47 - 機種変更記事のFAQ本文とFAQPage構造化データは一致する
  ---
  duration_ms: 1.689589
  type: 'test'
  ...
# Subtest: 記事台帳のid・file・titleは重複せず、登録先ファイルが存在する
ok 48 - 記事台帳のid・file・titleは重複せず、登録先ファイルが存在する
  ---
  duration_ms: 3.407651
  type: 'test'
  ...
# Subtest: 国・地域別の実用記事を3言語で十分な本文として公開する
ok 49 - 国・地域別の実用記事を3言語で十分な本文として公開する
  ---
  duration_ms: 18.948809
  type: 'test'
  ...
# Subtest: 言語別記事一覧と専用サイトマップから27ページを発見できる
ok 50 - 言語別記事一覧と専用サイトマップから27ページを発見できる
  ---
  duration_ms: 2.134719
  type: 'test'
  ...
# Subtest: 国際記事内のローカルリンク先が存在する
ok 51 - 国際記事内のローカルリンク先が存在する
  ---
  duration_ms: 4.555211
  type: 'test'
  ...
# Subtest: 日本語では重複する残高併用記事を追加しない
ok 52 - 日本語では重複する残高併用記事を追加しない
  ---
  duration_ms: 0.547831
  type: 'test'
  ...
# Subtest: クーポン・Playクレジット問題解決記事は4言語でSEO公開要件を満たす
ok 53 - クーポン・Playクレジット問題解決記事は4言語でSEO公開要件を満たす
  ---
  duration_ms: 5.532663
  type: 'test'
  ...
# Subtest: 専用サイトマップは8記事と完全なhreflangを持ちrobots.txtから発見できる
ok 54 - 専用サイトマップは8記事と完全なhreflangを持ちrobots.txtから発見できる
  ---
  duration_ms: 0.499391
  type: 'test'
  ...
# Subtest: 言語別一覧・人向けサイトマップ・日本語ブログから記事を発見できる
ok 55 - 言語別一覧・人向けサイトマップ・日本語ブログから記事を発見できる
  ---
  duration_ms: 1.030731
  type: 'test'
  ...
# Subtest: 新規記事のサイト内リンク先はすべて存在する
ok 56 - 新規記事のサイト内リンク先はすべて存在する
  ---
  duration_ms: 4.299234
  type: 'test'
  ...
# Subtest: 海外向け維持計算は地域別の公式門檻・積点率・通貨を分ける
ok 57 - 海外向け維持計算は地域別の公式門檻・積点率・通貨を分ける
  ---
  duration_ms: 5.766909
  type: 'test'
  ...
# Subtest: 地域外の維持門檻や通貨を流用していない
ok 58 - 地域外の維持門檻や通貨を流用していない
  ---
  duration_ms: 0.903143
  type: 'test'
  ...
# Subtest: 維持計算ロジックは不足点・通常時・倍率・年末ペースを計算する
ok 59 - 維持計算ロジックは不足点・通常時・倍率・年末ペースを計算する
  ---
  duration_ms: 0.35403
  type: 'test'
  ...
# Subtest: 日本語既存ページと海外6ページは完全なhreflangで相互接続する
ok 60 - 日本語既存ページと海外6ページは完全なhreflangで相互接続する
  ---
  duration_ms: 2.265794
  type: 'test'
  ...
# Subtest: 専用サイトマップ・robots・一覧から地域別維持計算を発見できる
ok 61 - 専用サイトマップ・robots・一覧から地域別維持計算を発見できる
  ---
  duration_ms: 0.850225
  type: 'test'
  ...
# Subtest: 生成設定は手書き維持計算を上書きせずサイトマップ対象に保つ
ok 62 - 生成設定は手書き維持計算を上書きせずサイトマップ対象に保つ
  ---
  duration_ms: 9.98453
  type: 'test'
  ...
# Subtest: 維持解説・比較記事から同一地域の計算ページへ進める
ok 63 - 維持解説・比較記事から同一地域の計算ページへ進める
  ---
  duration_ms: 0.936375
  type: 'test'
  ...
# Subtest: manual multilingual guide links survive regeneration exactly once
ok 64 - manual multilingual guide links survive regeneration exactly once
  ---
  duration_ms: 9.391593
  type: 'test'
  ...
# Subtest: プラチナ・ダイヤモンド比較は地域別公式数値と計算条件を明示する
ok 65 - プラチナ・ダイヤモンド比較は地域別公式数値と計算条件を明示する
  ---
  duration_ms: 1.830422
  type: 'test'
  ...
# Subtest: 地域の通貨とランク条件を他地域から流用していない
ok 66 - 地域の通貨とランク条件を他地域から流用していない
  ---
  duration_ms: 1.270589
  type: 'test'
  ...
# Subtest: 専用サイトマップと記事一覧から4言語ページを発見できる
ok 67 - 専用サイトマップと記事一覧から4言語ページを発見できる
  ---
  duration_ms: 0.523315
  type: 'test'
  ...
# Subtest: 日本語記事データと配信ファイルの更新日・説明が一致する
ok 68 - 日本語記事データと配信ファイルの更新日・説明が一致する
  ---
  duration_ms: 0.770757
  type: 'test'
  ...
# Subtest: 独立管理の記事は生成処理で上書きされずサイトマップ対象に残る
ok 69 - 独立管理の記事は生成処理で上書きされずサイトマップ対象に残る
  ---
  duration_ms: 2.003264
  type: 'test'
  ...
# Subtest: ランク維持記事は4言語で相互接続され公式条件とSEO要件を満たす
ok 70 - ランク維持記事は4言語で相互接続され公式条件とSEO要件を満たす
  ---
  duration_ms: 1.868683
  type: 'test'
  ...
# Subtest: 日本語の既存記事と記事データは同じ更新日を持つ
ok 71 - 日本語の既存記事と記事データは同じ更新日を持つ
  ---
  duration_ms: 1.265108
  type: 'test'
  ...
# Subtest: 専用サイトマップは4言語URLと完全なhreflangを持ちrobots.txtから発見できる
ok 72 - 専用サイトマップは4言語URLと完全なhreflangを持ちrobots.txtから発見できる
  ---
  duration_ms: 0.268751
  type: 'test'
  ...
# Subtest: 言語別一覧と人向けサイトマップから新しい記事へ移動できる
ok 73 - 言語別一覧と人向けサイトマップから新しい記事へ移動できる
  ---
  duration_ms: 0.459777
  type: 'test'
  ...
# Subtest: 新しい多言語記事のサイト内リンク先は存在する
ok 74 - 新しい多言語記事のサイト内リンク先は存在する
  ---
  duration_ms: 3.324224
  type: 'test'
  ...
# Subtest: 海外向け記事から日本円固定ページへ誘導しない
ok 75 - 海外向け記事から日本円固定ページへ誘導しない
  ---
  duration_ms: 20.007992
  type: 'test'
  ...
# Subtest: ギフトカード購入・登録と対象コンテンツ購入を分離して説明する
ok 76 - ギフトカード購入・登録と対象コンテンツ購入を分離して説明する
  ---
  duration_ms: 0.526542
  type: 'test'
  ...
# Subtest: 영문 구독 가이드는 적격 Google Play 구독의 적립 가능성을 직접 답한다
ok 77 - 영문 구독 가이드는 적격 Google Play 구독의 적립 가능성을 직접 답한다
  ---
  duration_ms: 0.206825
  type: 'test'
  ...
# Subtest: Super Weekly Prize와 Super Ticket의 공식 명칭과 계정 한정을 유지한다
ok 78 - Super Weekly Prize와 Super Ticket의 공식 명칭과 계정 한정을 유지한다
  ---
  duration_ms: 0.569552
  type: 'test'
  ...
# Subtest: 영문 수치 기사는 미국 기준임을 명시한다
ok 79 - 영문 수치 기사는 미국 기준임을 명시한다
  ---
  duration_ms: 0.267208
  type: 'test'
  ...
# Subtest: reward and quest topics have complete Japanese, English, Korean and Taiwan clusters
ok 80 - reward and quest topics have complete Japanese, English, Korean and Taiwan clusters
  ---
  duration_ms: 4.34993
  type: 'test'
  ...
# Subtest: new international guides are substantial, sourced and usable instead of thin translations
ok 81 - new international guides are substantial, sourced and usable instead of thin translations
  ---
  duration_ms: 3.660922
  type: 'test'
  ...
# Subtest: Super Weekly Reward articles explain stock and the Super Ticket trade-off without promising premium prizes
ok 82 - Super Weekly Reward articles explain stock and the Super Ticket trade-off without promising premium prizes
  ---
  duration_ms: 1.629597
  type: 'test'
  ...
# Subtest: quest articles cover account-specific conditions, qualifying purchases, sign-in and refunds
ok 83 - quest articles cover account-specific conditions, qualifying purchases, sign-in and refunds
  ---
  duration_ms: 1.280787
  type: 'test'
  ...
# Subtest: locale indexes and the dedicated sitemap expose all six new international guides
ok 84 - locale indexes and the dedicated sitemap expose all six new international guides
  ---
  duration_ms: 1.712674
  type: 'test'
  ...
# Subtest: ポイント利用・参加条件記事は3言語でSEO公開要件を満たす
ok 85 - ポイント利用・参加条件記事は3言語でSEO公開要件を満たす
  ---
  duration_ms: 3.099126
  type: 'test'
  ...
# Subtest: 専用サイトマップは6記事を公開しrobots.txtから発見できる
ok 86 - 専用サイトマップは6記事を公開しrobots.txtから発見できる
  ---
  duration_ms: 1.098979
  type: 'test'
  ...
# Subtest: 新規記事のサイト内リンク先は存在する
ok 87 - 新規記事のサイト内リンク先は存在する
  ---
  duration_ms: 2.445799
  type: 'test'
  ...
# Subtest: 週次特典と複数アカウント記事は3言語で公開要件を満たす
ok 88 - 週次特典と複数アカウント記事は3言語で公開要件を満たす
  ---
  duration_ms: 2.252027
  type: 'test'
  ...
# Subtest: 新規記事は同一言語内で相互に接続される
ok 89 - 新規記事は同一言語内で相互に接続される
  ---
  duration_ms: 0.55221
  type: 'test'
  ...
# Subtest: 国際ガイド専用サイトマップをrobots.txtから発見できる
ok 90 - 国際ガイド専用サイトマップをrobots.txtから発見できる
  ---
  duration_ms: 0.407359
  type: 'test'
  ...
# Subtest: 新規国際記事のローカルリンク先はすべて存在する
ok 91 - 新規国際記事のローカルリンク先はすべて存在する
  ---
  duration_ms: 4.261974
  type: 'test'
  ...
# Subtest: 最新情報ハブは確認範囲・公式参照・確認日を明示する
ok 92 - 最新情報ハブは確認範囲・公式参照・確認日を明示する
  ---
  duration_ms: 2.023351
  type: 'test'
  ...
# Subtest: 最新情報ハブは週次3制度とクエストを別項目として扱う
ok 93 - 最新情報ハブは週次3制度とクエストを別項目として扱う
  ---
  duration_ms: 0.388434
  type: 'test'
  ...
# Subtest: 生成処理は確認していない日に最新情報ハブの日付を進めない
ok 94 - 生成処理は確認していない日に最新情報ハブの日付を進めない
  ---
  duration_ms: 0.233085
  type: 'test'
  ...
# Subtest: 鮮度検査は14日を超えた確認日を検出する
ok 95 - 鮮度検査は14日を超えた確認日を検出する
  ---
  duration_ms: 2.276794
  type: 'test'
  ...
# Subtest: 運用手順は日付だけの更新と個別オファーの一般化を禁止する
ok 96 - 運用手順は日付だけの更新と個別オファーの一般化を禁止する
  ---
  duration_ms: 0.400787
  type: 'test'
  ...
# [manual-intl] restored canonical article content: 13
# Subtest: 地域別に手動確認した記事の正本一覧を固定する
ok 97 - 地域別に手動確認した記事の正本一覧を固定する
  ---
  duration_ms: 2.423097
  type: 'test'
  ...
# Subtest: 手動正本の公開日・更新日・last-modifiedを一致させる
ok 98 - 手動正本の公開日・更新日・last-modifiedを一致させる
  ---
  duration_ms: 2.302531
  type: 'test'
  ...
# Subtest: 国際記事台帳は手動正本の日付を自動採用する
ok 99 - 国際記事台帳は手動正本の日付を自動採用する
  ---
  duration_ms: 2.887312
  type: 'test'
  ...
# Subtest: ビルドは国際記事生成の直前に退避し直後に復元する
ok 100 - ビルドは国際記事生成の直前に退避し直後に復元する
  ---
  duration_ms: 0.369569
  type: 'test'
  ...
# Subtest: 生成処理で上書きされても手動記事を完全に復元できる
ok 101 - 生成処理で上書きされても手動記事を完全に復元できる
  ---
  duration_ms: 9.1906
  type: 'test'
  ...
# Subtest: JPEG実体の既存OGP URLをimage/jpegとして配信する
ok 102 - JPEG実体の既存OGP URLをimage/jpegとして配信する
  ---
  duration_ms: 1.672668
  type: 'test'
  ...
# Subtest: デプロイ後のSEO検査は実際のOGP Content-Typeを確認する
ok 103 - デプロイ後のSEO検査は実際のOGP Content-Typeを確認する
  ---
  duration_ms: 0.287967
  type: 'test'
  ...
# Subtest: 記事CSSは外部化され、AdSense以外のinline styleを残さない
ok 104 - 記事CSSは外部化され、AdSense以外のinline styleを残さない
  ---
  duration_ms: 28.173995
  type: 'test'
  ...
# Subtest: 記事のローカルCSSは内容ハッシュ付きURLで参照する
ok 105 - 記事のローカルCSSは内容ハッシュ付きURLで参照する
  ---
  duration_ms: 20.536078
  type: 'test'
  ...
# Subtest: 記事のローカルJavaScriptも内容ハッシュ付きURLで参照する
ok 106 - 記事のローカルJavaScriptも内容ハッシュ付きURLで参照する
  ---
  duration_ms: 17.581271
  type: 'test'
  ...
# Subtest: 公開HTMLのローカルCSS・JavaScriptは実ファイルと一致する内容ハッシュを使う
ok 107 - 公開HTMLのローカルCSS・JavaScriptは実ファイルと一致する内容ハッシュを使う
  ---
  duration_ms: 98.315144
  type: 'test'
  ...
# Subtest: 画面外描画の最適化は長文下部だけに限定し、印刷時に解除する
ok 108 - 画面外描画の最適化は長文下部だけに限定し、印刷時に解除する
  ---
  duration_ms: 0.480796
  type: 'test'
  ...
# Subtest: バージョン付き資産だけを1年間immutableでキャッシュする
ok 109 - バージョン付き資産だけを1年間immutableでキャッシュする
  ---
  duration_ms: 0.36475
  type: 'test'
  ...
# Subtest: 低性能Android相当の定期Lighthouse検査を固定バージョンで実行する
ok 110 - 低性能Android相当の定期Lighthouse検査を固定バージョンで実行する
  ---
  duration_ms: 0.32735
  type: 'test'
  ...
# Subtest: 未参照だった旧共通CSSを公開物に残さない
ok 111 - 未参照だった旧共通CSSを公開物に残さない
  ---
  duration_ms: 0.20386
  type: 'test'
  ...
# Subtest: PRでは秘密情報を使わず一つのジョブで全事前検証を実行する
ok 112 - PRでは秘密情報を使わず一つのジョブで全事前検証を実行する
  ---
  duration_ms: 1.402404
  type: 'test'
  ...
# Subtest: 事前検証は全テストを自動収集し失敗工程を最後にまとめる
ok 113 - 事前検証は全テストを自動収集し失敗工程を最後にまとめる
  ---
  duration_ms: 0.283178
  type: 'test'
  ...
# Subtest: 事前検証は多言語の公開必須ファイル欠損を検出する
ok 114 - 事前検証は多言語の公開必須ファイル欠損を検出する
  ---
  duration_ms: 0.250146
  type: 'test'
  ...
# Subtest: Service Workerの全先読み対象をデプロイ前に検証する
ok 115 - Service Workerの全先読み対象をデプロイ前に検証する
  ---
  duration_ms: 0.239497
  type: 'test'
  ...
# Subtest: 通常の事前検証は生成・圧縮対象を元に戻しデプロイ時だけ保持する
ok 116 - 通常の事前検証は生成・圧縮対象を元に戻しデプロイ時だけ保持する
  ---
  duration_ms: 0.24687
  type: 'test'
  ...
# Subtest: ルートService Workerは画面遷移をネットワーク優先で更新する
ok 117 - ルートService Workerは画面遷移をネットワーク優先で更新する
  ---
  duration_ms: 0.227203
  type: 'test'
  ...
# Subtest: ルートキャッシュ世代は全共有アセット版から自動生成する
ok 118 - ルートキャッシュ世代は全共有アセット版から自動生成する
  ---
  duration_ms: 0.28443
  type: 'test'
  ...
# Subtest: アプリモジュールのキャッシュ世代は改行コードが違っても一致する
ok 119 - アプリモジュールのキャッシュ世代は改行コードが違っても一致する
  ---
  duration_ms: 3.567199
  type: 'test'
  ...
# Subtest: 本番確認はコミット状態と公開JSONの両方で完全一致を検証する
ok 120 - 本番確認はコミット状態と公開JSONの両方で完全一致を検証する
  ---
  duration_ms: 1.504585
  type: 'test'
  ...
# Subtest: 公開デプロイ状態は検証完了前と完了後を区別する
ok 121 - 公開デプロイ状態は検証完了前と完了後を区別する
  ---
  duration_ms: 1.612145
  type: 'test'
  ...
# Subtest: 本番デプロイは実行中ジョブを中断せず待機中の最新版だけを残す
ok 122 - 本番デプロイは実行中ジョブを中断せず待機中の最新版だけを残す
  ---
  duration_ms: 0.460568
  type: 'test'
  ...
# Subtest: HTTP検査は同時接続数を制限し失敗対象だけを再試行する
ok 123 - HTTP検査は同時接続数を制限し失敗対象だけを再試行する
  ---
  duration_ms: 0.297444
  type: 'test'
  ...
# Subtest: 外部Actionは固定SHAで実行しDependabotで月次更新する
ok 124 - 外部Actionは固定SHAで実行しDependabotで月次更新する
  ---
  duration_ms: 0.560975
  type: 'test'
  ...
# Subtest: 新規記事は記事台帳へ一意に登録される
ok 125 - 新規記事は記事台帳へ一意に登録される
  ---
  duration_ms: 1.787592
  type: 'test'
  ...
# Subtest: スーパーウィークリー記事は一般条件と個別条件を分離する
ok 126 - スーパーウィークリー記事は一般条件と個別条件を分離する
  ---
  duration_ms: 2.420993
  type: 'test'
  ...
# Subtest: クエスト記事は対象・購入・ログイン・返金条件を案内する
ok 127 - クエスト記事は対象・購入・ログイン・返金条件を案内する
  ---
  duration_ms: 0.401117
  type: 'test'
  ...
# Subtest: 週次親記事は3制度を比較し日記を主要導線にする
ok 128 - 週次親記事は3制度を比較し日記を主要導線にする
  ---
  duration_ms: 0.435141
  type: 'test'
  ...
# Subtest: 無料獲得記事は無料・追加購入なし・有料条件を混同しない
ok 129 - 無料獲得記事は無料・追加購入なし・有料条件を混同しない
  ---
  duration_ms: 0.388955
  type: 'test'
  ...
# Subtest: 買い切り購入と継続課金の記事は役割を相互案内する
ok 130 - 買い切り購入と継続課金の記事は役割を相互案内する
  ---
  duration_ms: 0.555836
  type: 'test'
  ...
# Subtest: 今回のPlay Points公式記事群へ第三者決済キャンペーンを混入させない
ok 131 - 今回のPlay Points公式記事群へ第三者決済キャンペーンを混入させない
  ---
  duration_ms: 1.815153
  type: 'test'
  ...
# Subtest: 公式例のシルバー500円は6ポイントへ丸める
ok 132 - 公式例のシルバー500円は6ポイントへ丸める
  ---
  duration_ms: 1.148931
  type: 'test'
  ...
# Subtest: 購入ごとの丸めと総額への一度だけの丸めを分ける
ok 133 - 購入ごとの丸めと総額への一度だけの丸めを分ける
  ---
  duration_ms: 0.212236
  type: 'test'
  ...
# Subtest: 丸め関数は非負のポイントを最も近い整数へ丸める
ok 134 - 丸め関数は非負のポイントを最も近い整数へ丸める
  ---
  duration_ms: 0.436213
  type: 'test'
  ...
# Subtest: 不正な購入回数と獲得率を拒否する
ok 135 - 不正な購入回数と獲得率を拒否する
  ---
  duration_ms: 0.232443
  type: 'test'
  ...
# Subtest: 記事は税抜・四捨五入・機能の限界を明示する
ok 136 - 記事は税抜・四捨五入・機能の限界を明示する
  ---
  duration_ms: 1.154733
  type: 'test'
  ...
# Subtest: 記事冒頭は通常獲得率と交換価値を分けて即答する
ok 137 - 記事冒頭は通常獲得率と交換価値を分けて即答する
  ---
  duration_ms: 0.363277
  type: 'test'
  ...
# Subtest: 記事固有の導線だけを1つずつ表示し、自動導線の重複を防ぐ
ok 138 - 記事固有の導線だけを1つずつ表示し、自動導線の重複を防ぐ
  ---
  duration_ms: 0.315918
  type: 'test'
  ...
# Subtest: スマホでは比較表をカード表示し、主要操作を画面幅いっぱいにする
ok 139 - スマホでは比較表をカード表示し、主要操作を画面幅いっぱいにする
  ---
  duration_ms: 0.446102
  type: 'test'
  ...
# Subtest: FAQと補助導線は主要目次へ混入しない構造にする
ok 140 - FAQと補助導線は主要目次へ混入しない構造にする
  ---
  duration_ms: 0.513458
  type: 'test'
  ...
# Subtest: シミュレーターは差が見える初期例と利用限界を明示する
ok 141 - シミュレーターは差が見える初期例と利用限界を明示する
  ---
  duration_ms: 0.693202
  type: 'test'
  ...
# Subtest: 記事別の検証カード文言は生成元でも保持する
ok 142 - 記事別の検証カード文言は生成元でも保持する
  ---
  duration_ms: 0.380499
  type: 'test'
  ...
# Subtest: 画面のFAQとFAQPage構造化データが一致する
ok 143 - 画面のFAQとFAQPage構造化データが一致する
  ---
  duration_ms: 1.168468
  type: 'test'
  ...
# Subtest: 記事台帳は既存記事の役割を維持して更新日と説明を同期する
ok 144 - 記事台帳は既存記事の役割を維持して更新日と説明を同期する
  ---
  duration_ms: 1.195479
  type: 'test'
  ...
# Subtest: 海外向け案内は英語を全世界共通レートとして案内しない
ok 145 - 海外向け案内は英語を全世界共通レートとして案内しない
  ---
  duration_ms: 2.426844
  type: 'test'
  ...
# Subtest: 多言語トップの実行時記事リンクは各言語の記事一覧を指す
ok 146 - 多言語トップの実行時記事リンクは各言語の記事一覧を指す
  ---
  duration_ms: 6.661587
  type: 'test'
  ...
# Subtest: 日本語の必要ポイント例はあとがきにつながる実例1728を保つ
ok 147 - 日本語の必要ポイント例はあとがきにつながる実例1728を保つ
  ---
  duration_ms: 4.02897
  type: 'test'
  ...
# Subtest: 結果カードの見出しだけをブロック化し、金額の内訳は分断しない
ok 148 - 結果カードの見出しだけをブロック化し、金額の内訳は分断しない
  ---
  duration_ms: 0.688493
  type: 'test'
  ...
# Subtest: CSPは計測と広告品質確認で実際に使う接続先を許可する
ok 149 - CSPは計測と広告品質確認で実際に使う接続先を許可する
  ---
  duration_ms: 0.622099
  type: 'test'
  ...
# Subtest: 日記の景品選択には全言語で読み上げ可能な名前がある
ok 150 - 日記の景品選択には全言語で読み上げ可能な名前がある
  ---
  duration_ms: 3.073258
  type: 'test'
  ...
# Subtest: トップページは大きな画像プレビューとOGP画像サイズを明示する
ok 151 - トップページは大きな画像プレビューとOGP画像サイズを明示する
  ---
  duration_ms: 1.036202
  type: 'test'
  ...
# Subtest: 初期操作に必要なアプリモジュールは依存解析前から取得を開始する
ok 152 - 初期操作に必要なアプリモジュールは依存解析前から取得を開始する
  ---
  duration_ms: 1.433973
  type: 'test'
  ...
# Subtest: 日記の重複通知を表示せず、カレンダー登録は残す
ok 153 - 日記の重複通知を表示せず、カレンダー登録は残す
  ---
  duration_ms: 1.580226
  type: 'test'
  ...
# Subtest: 地域差案内は日本語トップでも英語の注意導線として表示する
ok 154 - 地域差案内は日本語トップでも英語の注意導線として表示する
  ---
  duration_ms: 1.555119
  type: 'test'
  ...
# Subtest: 計算方法と検証方針を全言語で本文から確認できる
ok 155 - 計算方法と検証方針を全言語で本文から確認できる
  ---
  duration_ms: 1.31417
  type: 'test'
  ...
# Subtest: 広告と計測は初期表示後に低優先度で読み込む
ok 156 - 広告と計測は初期表示後に低優先度で読み込む
  ---
  duration_ms: 0.368436
  type: 'test'
  ...
# ok - 著者ページのOGP画像は実在する
# ok - 計算機は有限値とHTMLの上下限を検証する
# ok - ルートService WorkerはGETの許可対象だけを安定したキーでキャッシュする
# ok - GAとAdSenseは地域別Consent ModeとGoogle認定CMPに従う
# ok - 計測イベントは同意済みラッパー経由だけで送信する
# ok - ルートService Workerは自分のキャッシュだけを削除対象にする
# ok - ルートService Workerはprecache失敗時に壊れたまま有効化しない
# ok - デプロイ同期は公開不要な運用ファイルをルート限定で除外する
# ok - JSミニファイは文字列中のスラッシュコメント風テキストを壊さない
# ok - デプロイ時ミニファイはPlayPoint本体・ブログ・ウィジェットを対象にする
# ok - デプロイ前検証はミニファイ後JSの構文を確認する
# ok - CIデプロイはコミット済み成果物だけを公開する
# ok - デプロイ前JS構文検証はGitHub Actions用スクリプトも対象にする
# ok - 多言語トップはJS実行前の主要文言も翻訳済みにする
# ok - 同意済み計測はGA本体ロード前のイベントを短期キューへ保持する
# ok - Xserver同期後に本番スモークテストを実行する
# ok - Xserver同期後に本番SEOヘルスチェックを実行する
# ok - デプロイ検証の変更でもワークフローを実行する
# ok - デプロイ前検証は全テストをミニファイ前後に実行する
# ok - 本番スモークテストの期待文字列は配信元ファイルに存在する
# ok - 本番スモークテストは主要PlayPointページと言語トップを確認する
# Subtest: tests/playpoint-nine-fixes.test.cjs
ok 30 - tests/playpoint-nine-fixes.test.cjs
  ---
  duration_ms: 57.519801
  type: 'test'
  ...
# ok - ステータス選択の初期値はブロンズになる
# ok - 通常計算では現在ステータスから次のランクだけを目標にする
# ok - 前年からランクを引き継いだ場合も目標閾値全体を入力できる
# ok - 直接レートと倍率は代替入力として高い方と採用理由を返す
# ok - パック額未入力では購入ごとの丸めを仮定しない概算として表示する
# ok - パック額入力時は購入ごとの四捨五入で必要回数と合計額を計算する
# ok - 1回0ポイントになる購入額は概算へフォールバックせずエラーにする
# ok - 逆算モードは入力額を1回の購入として丸める前提を表示する
# ok - 金曜の開始時刻を過ぎたカレンダー登録は翌週を使う
# ok - 月平均の分母は年末までの残日数から切り上げ月数で計算する
# ok - 12月31日でも通常計算は合計必要額を表示する
# ok - 必要ポイントはHTMLの整数制約に違反する小数を拒否する
# ok - 記事件数は言語UI更新後に実際の件数で再描画する
# ok - フッターの運営者リンクは色だけに頼らず下線で区別する
# ok - モバイルのヘッダーリンクは内側余白を含めて画面幅に収める
# ok - デスクトップのトップバーは言語切替と補助リンクを同じ段に収める
# ok - 通常計算の結果は週平均と1日あたりの目安も表示する
# ok - 通常計算の結果は条件別関連記事を最大4件だけ結果の後に表示する
# ok - 計算結果の関連記事は検索意図別LPを優先する
# ok - 計算結果の下には金額や条件に応じた次の判断導線が出る
# ok - 英語トップはJS実行前のファーストビューに日本語の主要文言を残さない
# ok - 英語トップの日記エリアはJS実行前でも英語で読める
# ok - トップのSEO名はGoogle Play Points計算機を主名にし旧名を別名として残す
# ok - 多言語トップの英語名はGoogle Play Points Calculatorを先頭にする
# ok - 検索LPの上部には通常時と倍率別の即答表がある
# ok - READMEと正規化設定は公式URLだけを一次導線にする
# ok - 共有ボタンは結果アクション行にまとめて表示状態を切り替える
# ok - 検索意図別LPは条件付き計算リンクとSEO基本タグを持つ
# ok - ブログRSSとAtomフィードは発見可能で最新記事を含む
# ok - ブログフィード生成は単体でURL正規化・日付順・XMLエスケープを行う
# Successfully synchronized asset versions and dates in sample.html
# ok - HTML同期はアセットバージョンと日付表記を単体で更新する
# ok - HTML置換ヘルパーは日付メタデータと指定アセットだけを更新する
# ok - Service Workerアセット同期は定義済みパスをバージョンキーで更新する
# ok - トップページの更新メタデータ同期は日付と主要アセットだけを更新する
# ok - 多言語生成設定は共通内容の更新日を下回らないメタ行を作る
# ok - 多言語HTML生成は言語別メタ情報と相対パスを同期する
# ok - ダイヤモンド維持LPは最高ランク維持用の条件と文脈に絞る
# ok - キャンペーン/金額LPは日本向けの要約・比較・注意表示を持つ
# ok - ステータス選択の再生成でoptionが重複しない
# ok - 送信XMLサイトマップに登録済みPlay Points記事がすべて含まれている
# ok - トップページは同一URLの英語hreflangを出さない
# ok - 第三者スクリプトは初回操作待ちではなく初期描画後に読み込む
# ok - デプロイ前に全回帰テストを実行する
# ok - デプロイ同期は削除済み・除外済みファイルを本番からも消す
# ok - テストファイルはルート限定の除外で本番へ同期しない
# ok - SEO監視はサイトマップ掲載記事も確認する
# ok - Play Pointsの公開canonical URLは送信XMLサイトマップに含める
# ok - blog robots.txtは本番ドメインのサイトマップを指す
# ok - ブログ一覧は記事JSONを正規化してから描画する
# ok - ブログ一覧の記事リンクとサムネイルは許可した相対パスだけを使う
# ok - 記事ページの関連記事も記事JSONを正規化してから描画する
# ok - CSPのscript-srcはhttps全体を許可しない
# ok - 静的配信設定はフィードとローカルフォントを効率よく配信する
# ok - target blankリンクにはnoopener noreferrerを付ける
# ok - blogの再読み込みボタンはインラインonclickを使わない
# ok - blog articles.jsonは実在するPlay Points記事だけを含む
# ok - blog sitemapは登録済みPlay Points記事をすべて含む
# ok - blogと記事ページのローカルリンクは存在するファイルだけを指す
# ok - 記事ページのOGP画像は実ファイルが存在する
# ok - blog SearchActionは実装と同じqパラメータを使う
# ok - blog一覧HTMLはJS実行前でも全記事への静的リンクを持つ
# ok - blogトップは自前のOGP画像とfaviconを使う
# ok - blogトップの説明文は検索結果向けの長さを確保する
# ok - blogの正規URLはindex.htmlを露出しない
# ok - blogトップは外部Google Fontsへ接続しない
# ok - 記事ページの前後ナビは関連記事コンテナが無くても描画される
# ok - blog記事カードクリックをAnalyticsへ送る
# ok - 主要な操作要素は44px以上のタップ領域を持つ
# ok - トップの入力導線は説明を残しつつフォームを圧迫しない
# ok - 狭い画面でも日記タブの文字を省略しない
# ok - 計算と日記保存の完了を個人情報なしでAnalyticsへ送る
# ok - AdSenseタグはConsent Mode設定後に読み込みGoogle認定CMPを起動する
# ok - トップページはブラウザ言語だけでクライアントサイドリダイレクトしない
# ok - ブログのH1はPlay Points攻略記事の検索意図と一致する
# ok - トップページの静的初期表示は古い曜日や年で信頼性を落とさない
# ok - ブログ一覧の静的HTMLは読み込み失敗表示を常時露出しない
# ok - blog articles.jsonは記事ごとのfileキーを1つだけ持つ
# ok - 課金効率記事は煽り表現より条件と注意を前面に出す
# ok - 全記事から有効なGoogle公式ヘルプを確認できる
# ok - 記事HTMLの見出しタグは壊れた属性形式を含まない
# ok - トップページの記事リンクはローカルに存在する公開記事だけを指す
# ok - トップ上部は商業色の強い課金導線を前面に出しすぎない
# ok - 最新情報リンクはヘッダーから外しフッターで維持する
# ok - 計算条件を共有URLへ保存し再訪時に復元できる
# ok - 記事から計算機への導線はセッション参照元を上書きせず計測できる
# ok - 流入施策はLPと結果画面の主要導線を個人情報なしで計測する
# ok - 最新情報ハブは検証日・公式参照・計算機CTAを持つ
# ok - 記事共通CTAは計算機への自然導線と計測文脈を持つ
# ok - 記事末尾CTAは記事文脈ごとに次アクションを出し分ける
# ok - モバイルの補助リンクと共有ボタンは縦に増えすぎない
# ok - モバイル初期表示外の重い領域は遅延描画される
# ok - 記事クラスタは検索意図別LPへ文脈に合う内部リンクを持つ
# ok - ポイント未反映記事は検索意図の即答と計算後導線を上部に持つ
# ok - 外部サイト向け埋め込みウィジェットは依存なしで安全に計算できる
# ok - Analyticsのイベント設計と検証手順が文書化されている
# ok - Service Workerは共有URL機能を含む最新版アセットを事前キャッシュする
# ok - トップページの更新日メタとサイト更新日を用途別に保持する
# ok - サイトマップ同期はトップページ群のlastmodだけを更新する
# ok - 反映タイミング記事は結論と確認手順を見出しで整理する
# ok - CMP起動用のAdSenseタグは二重読み込みしない
# ok - 共有URLは実在するステータス値だけを復元する
# ok - 日記保存イベントはストレージ保存成功時だけ送る
# ok - 記事のAdSenseは本文スクロール後に共通スクリプトから読み込む
# ok - ブログと記事は共通コンポーネントからGA4本体を読み込む
# ok - 共通コンポーネントは既存のヘッダーとフッターを重複生成しない
# ok - 公開されている全記事HTMLが必要なSEOタグと共通AdSense読込を含んでいること
# ok - ブログと記事の変更アセットはバージョン付きURLで配信する
# ok - 記事共通デザインは前後ナビと操作領域とカテゴリー配色を統一する
# ok - ブログのライトテーマとモバイル導線は読みやすさを維持する
# ok - 記事はfaviconを指定しAdSenseが必要とする接続先をCSPで許可する
# ok - 運営者プロフィールは検索可能な独立ページとして公開する
# ok - 全記事は著者ページへリンクしArticle構造化データの著者と発行者を統一する
# ok - ブログ検索タイトルと内部リンクは運営者の専門性を明示する
# ok - サイトマップとSearch Console運用は著者ページと記事群を監視対象にする
# ok - sw.js と各言語版 index.html の style.css バージョンクエリが一致していること
# ok - 多言語HTMLビルド出力の整合性とhreflangの検証
# ok - 海外向けSEOページは主要検索意図ごとに公開可能な構造を持つ
# ok - 海外向けSEOページは既存記事の読み物感と各言語の自然な導線を保つ
# ok - 海外LPは相互hreflangで対応言語とx-defaultを明示する
# ok - 海外向け英語記事は目次と外部化CSSで読みやすさと保守性を保つ
# ok - 海外LPの補助ラベルは各言語に合わせる
# ok - 海外向け韓国語・繁体字記事は公式名寄せのサイト名とプラチナ導線を持つ
# ok - 海外向けSEOは計測対象と追加記事クラスタを持つ
# ok - 国変更・定期購入クラスタは韓国語と繁体字で公式根拠・FAQ・相互hreflangを持つ
# ok - ブロンズ以外のステータスでは、同ランク維持と次のランク昇格が目標に設定される
# ok - 韓国（KR）リージョンの spendUnit 正確性検証
# ok - 削除済みのウィークリーリワード自動差し引きは設定にも計算処理にも残さない
# ok - 平均パック課金額シミュレーションの検証
# ok - 通常還元とキャンペーン還元の差額は既存の購入単位で比較する
# ok - 米国のパック計算は購入ごとのポイントを最も近い整数へ丸める
# ok - 米国の小数パック額は金額全体に還元率を掛けてから購入ごとに丸める
# ok - 海外記事は言語別の記事一覧へ戻り、対応する翻訳版をhreflangで示す
# ok - 国際記事の公開日と更新日は記事データに保持し、生成日で上書きしない
# ok - 海外版の計算結果導線は各言語の実在ページだけを使う
# ok - 海外版トップはJavaScriptなしでも実在する最新情報ハブへリンクする
# ok - 言語トップはURLと異なる保存済み地域設定で表示を上書きしない
# ok - カレンダー登録は固定済みの過去日時を使わない
# ok - 国際記事はビルド日を公開日として上書きしない
# ok - 主要な日本語Play Points記事は検索意図へ答える本文量を保つ
# ok - 断定を避けるべき記事と公式仕様の記事は重要な注意点を保持する
# ok - サイトマップ掲載HTMLは検索結果タイトルと基本SEO要素を保つ
# ok - 国際記事一覧とギフトカード記事は相互hreflangを持つ
# ok - 主要記事のtitleとh1は煽り表現に依存しない
# ok - 修正した記事の一覧タイトルとページtitleは一致する
# ok - 日本語Play Points記事は一覧・OGP・構造化データ・著者メタを同期する
# ok - 更新した記事は一覧・表示・メタデータ・フィード用更新日を一致させる
# ok - フィードは公開日を保ったまま記事の更新日を反映する
# ok - 計算結果のエラー表示とクリアは前回の共有用データを破棄する
# ok - トップの更新日はサイト更新であることを明示する
# ok - 重要記事は2026年時点の公式仕様と判断上の注意を保持する
# ok - 記事共通UIは文脈リンク・主要見出し目次・安定表示を使う
# ok - 記事一覧の静的リンクはarticles.jsonのタイトルと一致する
# ok - トップの記事ドロワーは表示件数とリンク件数を一致させる
# ok - 記事サイトマップのlastmodは記事一覧の更新日と一致する
# ok - サイトマップ生成は記事一覧のmodifiedを自動反映する
# ok - 100ポイント記事は貯める金額と使う価値を分けて案内する
# ok - 100ポイント多言語記事は国別公式レートと相互hreflangを持つ
# ok - 日本語検索クラスターは意図を分けて公式条件を明示する
# ok - 記事ハブとフィードは新しい日本語・多言語記事を発見できる
# ok - ポイント数から必要額を出す計算ツールは4地域で公開可能な構造を持つ
# ok - 現金化ガイドは4言語で公式根拠・相互参照・計算導線を持つ
# ok - 期限・返金・家族共有ガイドは4言語の相互参照と公式根拠を持つ
# Subtest: tests/playpoint-regression.test.cjs
ok 31 - tests/playpoint-regression.test.cjs
  ---
  duration_ms: 576.193699
  type: 'test'
  ...
# [repository-integrity] tracked=359 deployable=269 resolved=256
# Subtest: ファイル名はOS差で衝突せず、一時ファイルを追跡しない
ok 159 - ファイル名はOS差で衝突せず、一時ファイルを追跡しない
  ---
  duration_ms: 2.281853
  type: 'test'
  ...
# Subtest: 移設・統合・共通化済みの実体を残さない
ok 160 - 移設・統合・共通化済みの実体を残さない
  ---
  duration_ms: 0.142735
  type: 'test'
  ...
# Subtest: 公開ファイルの内部参照とアンカーは実在する
not ok 161 - 公開ファイルの内部参照とアンカーは実在する
  ---
  duration_ms: 1.81321
  type: 'test'
  location: '/home/runner/work/PlayPoint/PlayPoint/tests/repository-integrity-audit.test.cjs:212:1'
  failureType: 'testCodeFailure'
  error: |-
    存在しない内部参照:
    en/articles/google-play-games-vs-play-points.html -> https://playpoint-sim.com/ko/articles/google-play-games-vs-play-points.html
    en/articles/google-play-points-500-1000-cost.html -> https://playpoint-sim.com/ko/articles/google-play-points-500-1000-cost.html
    en/articles/google-play-points-apps-books-purchases.html -> https://playpoint-sim.com/ko/articles/google-play-points-apps-books-purchases.html
    en/articles/google-play-points-balance-history-progress.html -> https://playpoint-sim.com/ko/articles/google-play-points-balance-history-progress.html
    en/articles/google-play-points-discounts-promo-codes.html -> https://playpoint-sim.com/ko/articles/google-play-points-discounts-promo-codes.html
    en/articles/google-play-points-earn-free.html -> https://playpoint-sim.com/ko/articles/google-play-points-earn-free.html
    ko/articles/index.html -> /ko/articles/google-play-points-balance-history-progress.html
    ko/articles/index.html -> /ko/articles/google-play-points-apps-books-purchases.html
    ko/articles/index.html -> /ko/articles/google-play-games-vs-play-points.html
    ko/articles/index.html -> /ko/articles/google-play-points-earn-free.html
    ko/articles/index.html -> /ko/articles/google-play-points-500-1000-cost.html
    ko/articles/index.html -> /ko/articles/google-play-points-discounts-promo-codes.html
    sitemap-intl-content-expansion.xml -> https://playpoint-sim.com/ko/articles/google-play-points-balance-history-progress.html
    sitemap-intl-content-expansion.xml -> https://playpoint-sim.com/ko/articles/google-play-points-apps-books-purchases.html
    sitemap-intl-content-expansion.xml -> https://playpoint-sim.com/ko/articles/google-play-games-vs-play-points.html
    sitemap-intl-content-expansion.xml -> https://playpoint-sim.com/ko/articles/google-play-points-earn-free.html
    sitemap-intl-content-expansion.xml -> https://playpoint-sim.com/ko/articles/google-play-points-500-1000-cost.html
    sitemap-intl-content-expansion.xml -> https://playpoint-sim.com/ko/articles/google-play-points-discounts-promo-codes.html
    tw/articles/google-play-games-vs-play-points.html -> https://playpoint-sim.com/ko/articles/google-play-games-vs-play-points.html
    tw/articles/google-play-points-500-1000-cost.html -> https://playpoint-sim.com/ko/articles/google-play-points-500-1000-cost.html
    tw/articles/google-play-points-apps-books-purchases.html -> https://playpoint-sim.com/ko/articles/google-play-points-apps-books-purchases.html
    tw/articles/google-play-points-balance-history-progress.html -> https://playpoint-sim.com/ko/articles/google-play-points-balance-history-progress.html
    tw/articles/google-play-points-discounts-promo-codes.html -> https://playpoint-sim.com/ko/articles/google-play-points-discounts-promo-codes.html
    tw/articles/google-play-points-earn-free.html -> https://playpoint-sim.com/ko/articles/google-play-points-earn-free.html
    + actual - expected
    
    + [
    +   'en/articles/google-play-games-vs-play-points.html -> https://playpoint-sim.com/ko/articles/google-play-games-vs-play-points.html',
    +   'en/articles/google-play-points-500-1000-cost.html -> https://playpoint-sim.com/ko/articles/google-play-points-500-1000-cost.html',
    +   'en/articles/google-play-points-apps-books-purchases.html -> https://playpoint-sim.com/ko/articles/google-play-points-apps-books-purchases.html',
    +   'en/articles/google-play-points-balance-history-progress.html -> https://playpoint-sim.com/ko/articles/google-play-points-balance-history-progress.html',
    +   'en/articles/google-play-points-discounts-promo-codes.html -> https://playpoint-sim.com/ko/articles/google-play-points-discounts-promo-codes.html',
    +   'en/articles/google-play-points-earn-free.html -> https://playpoint-sim.com/ko/articles/google-play-points-earn-free.html',
    +   'ko/articles/index.html -> /ko/articles/google-play-points-balance-history-progress.html',
    +   'ko/articles/index.html -> /ko/articles/google-play-points-apps-books-purchases.html',
    +   'ko/articles/index.html -> /ko/articles/google-play-games-vs-play-points.html',
    +   'ko/articles/index.html -> /ko/articles/google-play-points-earn-free.html',
    +   'ko/articles/index.html -> /ko/articles/google-play-points-500-1000-cost.html',
    +   'ko/articles/index.html -> /ko/articles/google-play-points-discounts-promo-codes.html',
    +   'sitemap-intl-content-expansion.xml -> https://playpoint-sim.com/ko/articles/google-play-points-balance-history-progress.html',
    +   'sitemap-intl-content-expansion.xml -> https://playpoint-sim.com/ko/articles/google-play-points-apps-books-purchases.html',
    +   'sitemap-intl-content-expansion.xml -> https://playpoint-sim.com/ko/articles/google-play-games-vs-play-points.html',
    +   'sitemap-intl-content-expansion.xml -> https://playpoint-sim.com/ko/articles/google-play-points-earn-free.html',
    +   'sitemap-intl-content-expansion.xml -> https://playpoint-sim.com/ko/articles/google-play-points-500-1000-cost.html',
    +   'sitemap-intl-content-expansion.xml -> https://playpoint-sim.com/ko/articles/google-play-points-discounts-promo-codes.html',
    +   'tw/articles/google-play-games-vs-play-points.html -> https://playpoint-sim.com/ko/articles/google-play-games-vs-play-points.html',
    +   'tw/articles/google-play-points-500-1000-cost.html -> https://playpoint-sim.com/ko/articles/google-play-points-500-1000-cost.html',
    +   'tw/articles/google-play-points-apps-books-purchases.html -> https://playpoint-sim.com/ko/articles/google-play-points-apps-books-purchases.html',
    +   'tw/articles/google-play-points-balance-history-progress.html -> https://playpoint-sim.com/ko/articles/google-play-points-balance-history-progress.html',
    +   'tw/articles/google-play-points-discounts-promo-codes.html -> https://playpoint-sim.com/ko/articles/google-play-points-discounts-promo-codes.html',
    +   'tw/articles/google-play-points-earn-free.html -> https://playpoint-sim.com/ko/articles/google-play-points-earn-free.html'
    + ]
    - []
    
  code: 'ERR_ASSERTION'
  name: 'AssertionError'
  expected:
  actual:
    0: 'en/articles/google-play-games-vs-play-points.html -> https://playpoint-sim.com/ko/articles/google-play-games-vs-play-points.html'
    1: 'en/articles/google-play-points-500-1000-cost.html -> https://playpoint-sim.com/ko/articles/google-play-points-500-1000-cost.html'
    2: 'en/articles/google-play-points-apps-books-purchases.html -> https://playpoint-sim.com/ko/articles/google-play-points-apps-books-purchases.html'
    3: 'en/articles/google-play-points-balance-history-progress.html -> https://playpoint-sim.com/ko/articles/google-play-points-balance-history-progress.html'
    4: 'en/articles/google-play-points-discounts-promo-codes.html -> https://playpoint-sim.com/ko/articles/google-play-points-discounts-promo-codes.html'
    5: 'en/articles/google-play-points-earn-free.html -> https://playpoint-sim.com/ko/articles/google-play-points-earn-free.html'
    6: 'ko/articles/index.html -> /ko/articles/google-play-points-balance-history-progress.html'
    7: 'ko/articles/index.html -> /ko/articles/google-play-points-apps-books-purchases.html'
    8: 'ko/articles/index.html -> /ko/articles/google-play-games-vs-play-points.html'
    9: 'ko/articles/index.html -> /ko/articles/google-play-points-earn-free.html'
    10: 'ko/articles/index.html -> /ko/articles/google-play-points-500-1000-cost.html'
    11: 'ko/articles/index.html -> /ko/articles/google-play-points-discounts-promo-codes.html'
    12: 'sitemap-intl-content-expansion.xml -> https://playpoint-sim.com/ko/articles/google-play-points-balance-history-progress.html'
    13: 'sitemap-intl-content-expansion.xml -> https://playpoint-sim.com/ko/articles/google-play-points-apps-books-purchases.html'
    14: 'sitemap-intl-content-expansion.xml -> https://playpoint-sim.com/ko/articles/google-play-games-vs-play-points.html'
    15: 'sitemap-intl-content-expansion.xml -> https://playpoint-sim.com/ko/articles/google-play-points-earn-free.html'
    16: 'sitemap-intl-content-expansion.xml -> https://playpoint-sim.com/ko/articles/google-play-points-500-1000-cost.html'
    17: 'sitemap-intl-content-expansion.xml -> https://playpoint-sim.com/ko/articles/google-play-points-discounts-promo-codes.html'
    18: 'tw/articles/google-play-games-vs-play-points.html -> https://playpoint-sim.com/ko/articles/google-play-games-vs-play-points.html'
    19: 'tw/articles/google-play-points-500-1000-cost.html -> https://playpoint-sim.com/ko/articles/google-play-points-500-1000-cost.html'
    20: 'tw/articles/google-play-points-apps-books-purchases.html -> https://playpoint-sim.com/ko/articles/google-play-points-apps-books-purchases.html'
    21: 'tw/articles/google-play-points-balance-history-progress.html -> https://playpoint-sim.com/ko/articles/google-play-points-balance-history-progress.html'
    22: 'tw/articles/google-play-points-discounts-promo-codes.html -> https://playpoint-sim.com/ko/articles/google-play-points-discounts-promo-codes.html'
    23: 'tw/articles/google-play-points-earn-free.html -> https://playpoint-sim.com/ko/articles/google-play-points-earn-free.html'
  operator: 'deepStrictEqual'
  stack: |-
    TestContext.<anonymous> (/home/runner/work/PlayPoint/PlayPoint/tests/repository-integrity-audit.test.cjs:213:10)
    Test.runInAsyncScope (node:async_hooks:214:14)
    Test.run (node:internal/test_runner/test:1047:25)
    Test.processPendingSubtests (node:internal/test_runner/test:744:18)
    Test.postRun (node:internal/test_runner/test:1173:19)
    Test.run (node:internal/test_runner/test:1101:12)
    async Test.processPendingSubtests (node:internal/test_runner/test:744:7)
  ...
# Subtest: 全公開HTMLのcanonicalは自己一致し重複しない
ok 162 - 全公開HTMLのcanonicalは自己一致し重複しない
  ---
  duration_ms: 1.402924
  type: 'test'
  ...
# Subtest: 公開コードは旧パス・開発URL・旧ホストを参照しない
ok 163 - 公開コードは旧パス・開発URL・旧ホストを参照しない
  ---
  duration_ms: 12.660619
  type: 'test'
  ...
# Subtest: 公開画像の実形式とHTTP配信形式を一致させる
ok 164 - 公開画像の実形式とHTTP配信形式を一致させる
  ---
  duration_ms: 11.555919
  type: 'test'
  ...
# Subtest: 未参照アセットと内容が完全重複する公開ファイルを残さない
ok 165 - 未参照アセットと内容が完全重複する公開ファイルを残さない
  ---
  duration_ms: 29.66807
  type: 'test'
  ...
# Subtest: READMEとPWAメタデータは現行機能を説明する
ok 166 - READMEとPWAメタデータは現行機能を説明する
  ---
  duration_ms: 0.336287
  type: 'test'
  ...
# Subtest: 送信するXMLサイトマップ間でURLを重複させない
ok 167 - 送信するXMLサイトマップ間でURLを重複させない
  ---
  duration_ms: 3.030068
  type: 'test'
  ...
# Subtest: ルートサイトマップはPlay Pointsの公開導線だけを扱う
ok 168 - ルートサイトマップはPlay Pointsの公開導線だけを扱う
  ---
  duration_ms: 0.532052
  type: 'test'
  ...
# Subtest: 専用XMLサイトマップへ移したURLをルートへ重ねない
ok 169 - 専用XMLサイトマップへ移したURLをルートへ重ねない
  ---
  duration_ms: 0.747474
  type: 'test'
  ...
# Subtest: Play Pointsブログとフィードに家計記事を混在させない
ok 170 - Play Pointsブログとフィードに家計記事を混在させない
  ---
  duration_ms: 1.630549
  type: 'test'
  ...
# Subtest: 人向けサイトマップはPlay Pointsの案内に集中する
ok 171 - 人向けサイトマップはPlay Pointsの案内に集中する
  ---
  duration_ms: 0.385649
  type: 'test'
  ...
# Subtest: 韓国語トップは為替計算をうたわず実際の入力条件を説明する
ok 172 - 韓国語トップは為替計算をうたわず実際の入力条件を説明する
  ---
  duration_ms: 0.305179
  type: 'test'
  ...
# Subtest: Q&Aは現在のランク判定と計算機の責任範囲を明示する
ok 173 - Q&Aは現在のランク判定と計算機の責任範囲を明示する
  ---
  duration_ms: 0.270855
  type: 'test'
  ...
1..173
# tests 173
# suites 0
# pass 172
# fail 1
# cancelled 0
# skipped 0
# todo 0
# duration_ms 1456.270091

=== ads.txt検証 ===
ads.txt is present and matches the AdSense publisher record.

=== 公開アセット圧縮 ===
Minified CSS: style.css (40803 -> 37071 bytes)
Minified CSS: article-gift-card.css (3758 -> 2501 bytes)
Minified CSS: article-legacy.css (1970 -> 1247 bytes)
Minified CSS: article-modern.css (6066 -> 4306 bytes)
Minified CSS: article-shared.css (11120 -> 9426 bytes)
Minified CSS: source-notice.css (751 -> 655 bytes)
Minified CSS: style.css (42356 -> 31804 bytes)
Minified CSS: intl-article.css (4688 -> 4211 bytes)
Minified CSS: 2025-12-25-best-use.css (6344 -> 4134 bytes)
Minified CSS: 2025-12-25-campaign.css (6233 -> 3999 bytes)
Minified CSS: 2025-12-25-diamond-vip.css (5888 -> 3786 bytes)
Minified CSS: 2025-12-25-diamond-worth-it.css (6069 -> 3965 bytes)
Minified CSS: 2025-12-25-expiration.css (5132 -> 3303 bytes)
Minified CSS: 2025-12-25-family-sharing.css (5242 -> 3385 bytes)
Minified CSS: 2025-12-25-getting-started.css (6183 -> 3961 bytes)
Minified CSS: 2025-12-25-gift-card.css (5369 -> 3430 bytes)
Minified CSS: 2025-12-25-multiple-accounts.css (4714 -> 3020 bytes)
Minified CSS: 2025-12-25-new-year-campaign.css (6266 -> 4020 bytes)
Minified CSS: 2025-12-25-playpoints-rank-maintenance.css (5825 -> 3704 bytes)
Minified CSS: 2025-12-25-promo-code.css (5045 -> 3237 bytes)
Minified CSS: 2025-12-25-refund.css (4732 -> 3038 bytes)
Minified CSS: 2026-03-10-play-points-reflection-timing.css (3915 -> 2594 bytes)
Minified CSS: 2026-06-20-discount-gift-cards.css (4422 -> 2913 bytes)
Minified CSS: 2026-07-24-play-points-1-value.css (3950 -> 3535 bytes)
Minified JS: sw.js (4308 -> 4307 bytes)
Minified JS: main.js (18002 -> 17937 bytes)
Minified JS: calculator.js (40399 -> 40290 bytes)
Minified JS: ui.js (9199 -> 9177 bytes)
Minified JS: diary.js (15045 -> 14767 bytes)
Minified JS: share.js (4923 -> 4902 bytes)
Minified JS: config.js (46047 -> 46046 bytes)
Minified JS: consent.js (3803 -> 3802 bytes)
Minified JS: intent-tracking.js (2983 -> 2982 bytes)
Minified JS: third-party.js (4732 -> 4731 bytes)
Minified JS: article.js (23654 -> 23652 bytes)
Minified JS: components.js (13764 -> 13761 bytes)
Minified JS: script.js (36623 -> 36621 bytes)
Minified JS: utils.js (2466 -> 2462 bytes)
Minified JS: playpoint-widget.js (29958 -> 29853 bytes)
[article-assets] synchronized source-notice.css: v=3c2ec22615
Successfully synchronized consent.js version in third-party.js to v=dc975a5e38
Successfully synchronized sw.js cache. CACHE_NAME=playpoint-calc-v20260802_0131-f5d45553
[public-assets] synchronized content hashes: 183 files

=== 圧縮後JavaScript構文検証 ===
JS syntax check passed (51 files).

=== 圧縮後の全回帰テスト ===
TAP version 13
# Subtest: the complete published article corpus keeps structural quality signals
ok 1 - the complete published article corpus keeps structural quality signals
  ---
  duration_ms: 51.197581
  type: 'test'
  ...
# Subtest: article hreflang links are reciprocal and use the Taiwan locale code
ok 2 - article hreflang links are reciprocal and use the Taiwan locale code
  ---
  duration_ms: 28.141637
  type: 'test'
  ...
# Subtest: rewritten gift-card guides contain verifiable checks, not permanent discount claims
ok 3 - rewritten gift-card guides contain verifiable checks, not permanent discount claims
  ---
  duration_ms: 0.626518
  type: 'test'
  ...
# Subtest: known overstatements do not return to published copy
ok 4 - known overstatements do not return to published copy
  ---
  duration_ms: 9.706991
  type: 'test'
  ...
# Subtest: 通常のウィークリーリワードと例外的な週次特典を区別して案内する
ok 5 - 通常のウィークリーリワードと例外的な週次特典を区別して案内する
  ---
  duration_ms: 1.175232
  type: 'test'
  ...
# Subtest: 入門記事の獲得対象は現在の日本向け公式案内に合わせる
ok 6 - 入門記事の獲得対象は現在の日本向け公式案内に合わせる
  ---
  duration_ms: 0.382493
  type: 'test'
  ...
# Subtest: 週次特典を使う補足記事にもシルバー以上の条件を明記する
ok 7 - 週次特典を使う補足記事にもシルバー以上の条件を明記する
  ---
  duration_ms: 0.335586
  type: 'test'
  ...
# Subtest: ゲーム以外の記事は終了・未確認サービスを獲得対象と断定しない
ok 8 - ゲーム以外の記事は終了・未確認サービスを獲得対象と断定しない
  ---
  duration_ms: 1.062831
  type: 'test'
  ...
# Subtest: サブスク記事は現行の公式確認項目だけを例示する
ok 9 - サブスク記事は現行の公式確認項目だけを例示する
  ---
  duration_ms: 0.412679
  type: 'test'
  ...
# Subtest: ダイヤモンド記事は未公表の週次上限を事実扱いしない
ok 10 - ダイヤモンド記事は未公表の週次上限を事実扱いしない
  ---
  duration_ms: 0.250918
  type: 'test'
  ...
# Subtest: 反映時間は公式案内にない時間幅を断定しない
ok 11 - 反映時間は公式案内にない時間幅を断定しない
  ---
  duration_ms: 0.27329
  type: 'test'
  ...
# Subtest: 終了済みの2025年末から2026年正月予測には履歴記事の明示がある
ok 12 - 終了済みの2025年末から2026年正月予測には履歴記事の明示がある
  ---
  duration_ms: 0.228205
  type: 'test'
  ...
# Subtest: 注意ページは既存モードをそのまま使える国を正確に分類する
ok 13 - 注意ページは既存モードをそのまま使える国を正確に分類する
  ---
  duration_ms: 1.23373
  type: 'test'
  ...
# Subtest: 似ているだけの国を完全一致として案内しない
ok 14 - 似ているだけの国を完全一致として案内しない
  ---
  duration_ms: 0.307594
  type: 'test'
  ...
# Subtest: 国をブラウザ言語だけで推測せず公式確認導線を残す
ok 15 - 国をブラウザ言語だけで推測せず公式確認導線を残す
  ---
  duration_ms: 0.288408
  type: 'test'
  ...
# Subtest: 注意ページの確認日をサイト全体の更新日で巻き戻さない
ok 16 - 注意ページの確認日をサイト全体の更新日で巻き戻さない
  ---
  duration_ms: 0.235369
  type: 'test'
  ...
# Subtest: static blog article links follow article registry titles and remain idempotent
ok 17 - static blog article links follow article registry titles and remain idempotent
  ---
  duration_ms: 3.894211
  type: 'test'
  ...
# Subtest: 地域別の公式レート・年間しきい値・通貨単位を固定する
ok 18 - 地域別の公式レート・年間しきい値・通貨単位を固定する
  ---
  duration_ms: 7.628356
  type: 'test'
  ...
# Subtest: 共通説明は年初再判定・残高と年間進捗の違いを公式URL付きで示す
ok 19 - 共通説明は年初再判定・残高と年間進捗の違いを公式URL付きで示す
  ---
  duration_ms: 1.510767
  type: 'test'
  ...
# Subtest: トップは倍率と直接レートを代替入力として説明し、入力境界をHTMLでも制約する
ok 20 - トップは倍率と直接レートを代替入力として説明し、入力境界をHTMLでも制約する
  ---
  duration_ms: 0.815982
  type: 'test'
  ...
# Subtest: 4言語トップは対象条件・保存範囲・aria-labelを初期表示から翻訳する
ok 21 - 4言語トップは対象条件・保存範囲・aria-labelを初期表示から翻訳する
  ---
  duration_ms: 1.845682
  type: 'test'
  ...
# Subtest: 海外の既存ギフトカード割引記事を記事ハブと人向けサイトマップから発見できる
ok 22 - 海外の既存ギフトカード割引記事を記事ハブと人向けサイトマップから発見できる
  ---
  duration_ms: 0.863701
  type: 'test'
  ...
# Subtest: アプリモジュール変更がService Worker用の指紋を必ず変える
ok 23 - アプリモジュール変更がService Worker用の指紋を必ず変える
  ---
  duration_ms: 2.847229
  type: 'test'
  ...
# Subtest: 記事一覧は4つの検索意図カテゴリだけを使う
ok 24 - 記事一覧は4つの検索意図カテゴリだけを使う
  ---
  duration_ms: 2.227734
  type: 'test'
  ...
# Subtest: 反映トラブルの重複記事は新しい包括記事へ恒久統合する
ok 25 - 反映トラブルの重複記事は新しい包括記事へ恒久統合する
  ---
  duration_ms: 2.277587
  type: 'test'
  ...
# Subtest: 主要検索記事は即答と判明・不明の境界を静的HTMLで示す
ok 26 - 主要検索記事は即答と判明・不明の境界を静的HTMLで示す
  ---
  duration_ms: 1.796711
  type: 'test'
  ...
# Subtest: 既存CTAの有無にかかわらず記事冒頭近くへ計算導線を置く
ok 27 - 既存CTAの有無にかかわらず記事冒頭近くへ計算導線を置く
  ---
  duration_ms: 0.393664
  type: 'test'
  ...
# Subtest: 引用用比較表は恒久URL・固定アンカー・一次情報を持つ
ok 28 - 引用用比較表は恒久URL・固定アンカー・一次情報を持つ
  ---
  duration_ms: 1.078101
  type: 'test'
  ...
# Subtest: 公開記事はトップから3クリック以内で到達できる
ok 29 - 公開記事はトップから3クリック以内で到達できる
  ---
  duration_ms: 70.725396
  type: 'test'
  ...
# Subtest: 深いURLでも同意管理スクリプトをサイトルートから読み込む
ok 30 - 深いURLでも同意管理スクリプトをサイトルートから読み込む
  ---
  duration_ms: 0.248464
  type: 'test'
  ...
# Subtest: デプロイは公開物だけを厳密にミラーし、除外物も本番から削除する
ok 31 - デプロイは公開物だけを厳密にミラーし、除外物も本番から削除する
  ---
  duration_ms: 1.124668
  type: 'test'
  ...
# Subtest: 移設済み・非公開・統合済みの旧パスをXserver上の実体で検査する
ok 32 - 移設済み・非公開・統合済みの旧パスをXserver上の実体で検査する
  ---
  duration_ms: 0.229959
  type: 'test'
  ...
# Subtest: 旧calculatorファイルを持たず301転送だけを維持する
ok 33 - 旧calculatorファイルを持たず301転送だけを維持する
  ---
  duration_ms: 0.259464
  type: 'test'
  ...
# Subtest: 全階層のindex.htmlを階層を保った正規URLへ301転送する
ok 34 - 全階層のindex.htmlを階層を保った正規URLへ301転送する
  ---
  duration_ms: 0.159637
  type: 'test'
  ...
# Subtest: デプロイスクリプトのBash構文が有効である
ok 35 - デプロイスクリプトのBash構文が有効である
  ---
  duration_ms: 4.852057
  type: 'test'
  ...
# Subtest: PlayPointと無関係なツールはKatakataLabへ移設し旧URLを恒久転送する
ok 36 - PlayPointと無関係なツールはKatakataLabへ移設し旧URLを恒久転送する
  ---
  duration_ms: 1.764019
  type: 'test'
  ...
# Subtest: 公開HTMLと生成元にサイト内遷移用UTMを残さない
ok 37 - 公開HTMLと生成元にサイト内遷移用UTMを残さない
  ---
  duration_ms: 36.573981
  type: 'test'
  ...
# Subtest: プライバシー文書はWeb版と認定CMPの運用に一致する
ok 38 - プライバシー文書はWeb版と認定CMPの運用に一致する
  ---
  duration_ms: 0.728769
  type: 'test'
  ...
# Subtest: 再訪と配布の主要イベントだけを許可する
ok 39 - 再訪と配布の主要イベントだけを許可する
  ---
  duration_ms: 1.052253
  type: 'test'
  ...
# Subtest: ウィジェット作成ページは狭い画面でグリッド内容をはみ出させない
ok 40 - ウィジェット作成ページは狭い画面でグリッド内容をはみ出させない
  ---
  duration_ms: 0.455189
  type: 'test'
  ...
# ok - 実ユーザー速度は同意後に匿名区分だけを計測する
# ok - トップページに年間グラフと独自計算図がある
# ok - ビルド後HTMLは外部Google Fontsへ接続しない
# ok - Search ConsoleとGA4の運用手順が実行可能な粒度で残る
# ok - 運営者ページに検証工程と外部プロフィールの関係を明示する
# ok - 今回はWeb Share APIを追加しない
# Subtest: tests/growth-priority.test.cjs
ok 9 - tests/growth-priority.test.cjs
  ---
  duration_ms: 64.528227
  type: 'test'
  ...
# Subtest: mapWithConcurrencyは指定した同時実行数を超えず入力順を保持する
ok 42 - mapWithConcurrencyは指定した同時実行数を超えず入力順を保持する
  ---
  duration_ms: 16.276832
  type: 'test'
  ...
# Subtest: mapWithConcurrencyは一件の失敗後も残りを検査する
ok 43 - mapWithConcurrencyは一件の失敗後も残りを検査する
  ---
  duration_ms: 0.57386
  type: 'test'
  ...
# Subtest: retryは失敗対象だけを指定回数まで再試行する
ok 44 - retryは失敗対象だけを指定回数まで再試行する
  ---
  duration_ms: 8.760707
  type: 'test'
  ...
# Subtest: 機種変更記事は独立した検索意図と症状別の確認導線を持つ
ok 45 - 機種変更記事は独立した検索意図と症状別の確認導線を持つ
  ---
  duration_ms: 1.741327
  type: 'test'
  ...
# Subtest: 既存記事が履歴・週次特典・交換先の主担当として必要情報を持つ
ok 46 - 既存記事が履歴・週次特典・交換先の主担当として必要情報を持つ
  ---
  duration_ms: 2.025607
  type: 'test'
  ...
# Subtest: 機種変更記事のFAQ本文とFAQPage構造化データは一致する
ok 47 - 機種変更記事のFAQ本文とFAQPage構造化データは一致する
  ---
  duration_ms: 2.685628
  type: 'test'
  ...
# Subtest: 記事台帳のid・file・titleは重複せず、登録先ファイルが存在する
ok 48 - 記事台帳のid・file・titleは重複せず、登録先ファイルが存在する
  ---
  duration_ms: 1.358644
  type: 'test'
  ...
# Subtest: 国・地域別の実用記事を3言語で十分な本文として公開する
ok 49 - 国・地域別の実用記事を3言語で十分な本文として公開する
  ---
  duration_ms: 9.454112
  type: 'test'
  ...
# Subtest: 言語別記事一覧と専用サイトマップから27ページを発見できる
ok 50 - 言語別記事一覧と専用サイトマップから27ページを発見できる
  ---
  duration_ms: 0.641666
  type: 'test'
  ...
# Subtest: 国際記事内のローカルリンク先が存在する
ok 51 - 国際記事内のローカルリンク先が存在する
  ---
  duration_ms: 2.989365
  type: 'test'
  ...
# Subtest: 日本語では重複する残高併用記事を追加しない
ok 52 - 日本語では重複する残高併用記事を追加しない
  ---
  duration_ms: 0.746922
  type: 'test'
  ...
# Subtest: クーポン・Playクレジット問題解決記事は4言語でSEO公開要件を満たす
ok 53 - クーポン・Playクレジット問題解決記事は4言語でSEO公開要件を満たす
  ---
  duration_ms: 5.095261
  type: 'test'
  ...
# Subtest: 専用サイトマップは8記事と完全なhreflangを持ちrobots.txtから発見できる
ok 54 - 専用サイトマップは8記事と完全なhreflangを持ちrobots.txtから発見できる
  ---
  duration_ms: 0.509921
  type: 'test'
  ...
# Subtest: 言語別一覧・人向けサイトマップ・日本語ブログから記事を発見できる
ok 55 - 言語別一覧・人向けサイトマップ・日本語ブログから記事を発見できる
  ---
  duration_ms: 1.010936
  type: 'test'
  ...
# Subtest: 新規記事のサイト内リンク先はすべて存在する
ok 56 - 新規記事のサイト内リンク先はすべて存在する
  ---
  duration_ms: 6.311548
  type: 'test'
  ...
# Subtest: 海外向け維持計算は地域別の公式門檻・積点率・通貨を分ける
ok 57 - 海外向け維持計算は地域別の公式門檻・積点率・通貨を分ける
  ---
  duration_ms: 6.404244
  type: 'test'
  ...
# Subtest: 地域外の維持門檻や通貨を流用していない
ok 58 - 地域外の維持門檻や通貨を流用していない
  ---
  duration_ms: 0.757693
  type: 'test'
  ...
# Subtest: 維持計算ロジックは不足点・通常時・倍率・年末ペースを計算する
ok 59 - 維持計算ロジックは不足点・通常時・倍率・年末ペースを計算する
  ---
  duration_ms: 0.252171
  type: 'test'
  ...
# Subtest: 日本語既存ページと海外6ページは完全なhreflangで相互接続する
ok 60 - 日本語既存ページと海外6ページは完全なhreflangで相互接続する
  ---
  duration_ms: 1.398769
  type: 'test'
  ...
# Subtest: 専用サイトマップ・robots・一覧から地域別維持計算を発見できる
ok 61 - 専用サイトマップ・robots・一覧から地域別維持計算を発見できる
  ---
  duration_ms: 0.593968
  type: 'test'
  ...
# Subtest: 生成設定は手書き維持計算を上書きせずサイトマップ対象に保つ
ok 62 - 生成設定は手書き維持計算を上書きせずサイトマップ対象に保つ
  ---
  duration_ms: 7.133352
  type: 'test'
  ...
# Subtest: 維持解説・比較記事から同一地域の計算ページへ進める
ok 63 - 維持解説・比較記事から同一地域の計算ページへ進める
  ---
  duration_ms: 0.551689
  type: 'test'
  ...
# Subtest: manual multilingual guide links survive regeneration exactly once
ok 64 - manual multilingual guide links survive regeneration exactly once
  ---
  duration_ms: 7.365525
  type: 'test'
  ...
# Subtest: プラチナ・ダイヤモンド比較は地域別公式数値と計算条件を明示する
ok 65 - プラチナ・ダイヤモンド比較は地域別公式数値と計算条件を明示する
  ---
  duration_ms: 2.821371
  type: 'test'
  ...
# Subtest: 地域の通貨とランク条件を他地域から流用していない
ok 66 - 地域の通貨とランク条件を他地域から流用していない
  ---
  duration_ms: 1.955817
  type: 'test'
  ...
# Subtest: 専用サイトマップと記事一覧から4言語ページを発見できる
ok 67 - 専用サイトマップと記事一覧から4言語ページを発見できる
  ---
  duration_ms: 0.812245
  type: 'test'
  ...
# Subtest: 日本語記事データと配信ファイルの更新日・説明が一致する
ok 68 - 日本語記事データと配信ファイルの更新日・説明が一致する
  ---
  duration_ms: 0.90121
  type: 'test'
  ...
# Subtest: 独立管理の記事は生成処理で上書きされずサイトマップ対象に残る
ok 69 - 独立管理の記事は生成処理で上書きされずサイトマップ対象に残る
  ---
  duration_ms: 2.075971
  type: 'test'
  ...
# Subtest: ランク維持記事は4言語で相互接続され公式条件とSEO要件を満たす
ok 70 - ランク維持記事は4言語で相互接続され公式条件とSEO要件を満たす
  ---
  duration_ms: 1.819172
  type: 'test'
  ...
# Subtest: 日本語の既存記事と記事データは同じ更新日を持つ
ok 71 - 日本語の既存記事と記事データは同じ更新日を持つ
  ---
  duration_ms: 1.268816
  type: 'test'
  ...
# Subtest: 専用サイトマップは4言語URLと完全なhreflangを持ちrobots.txtから発見できる
ok 72 - 専用サイトマップは4言語URLと完全なhreflangを持ちrobots.txtから発見できる
  ---
  duration_ms: 0.308495
  type: 'test'
  ...
# Subtest: 言語別一覧と人向けサイトマップから新しい記事へ移動できる
ok 73 - 言語別一覧と人向けサイトマップから新しい記事へ移動できる
  ---
  duration_ms: 0.631487
  type: 'test'
  ...
# Subtest: 新しい多言語記事のサイト内リンク先は存在する
ok 74 - 新しい多言語記事のサイト内リンク先は存在する
  ---
  duration_ms: 1.71601
  type: 'test'
  ...
# Subtest: 海外向け記事から日本円固定ページへ誘導しない
ok 75 - 海外向け記事から日本円固定ページへ誘導しない
  ---
  duration_ms: 13.705468
  type: 'test'
  ...
# Subtest: ギフトカード購入・登録と対象コンテンツ購入を分離して説明する
ok 76 - ギフトカード購入・登録と対象コンテンツ購入を分離して説明する
  ---
  duration_ms: 0.863601
  type: 'test'
  ...
# Subtest: 영문 구독 가이드는 적격 Google Play 구독의 적립 가능성을 직접 답한다
ok 77 - 영문 구독 가이드는 적격 Google Play 구독의 적립 가능성을 직접 답한다
  ---
  duration_ms: 0.278118
  type: 'test'
  ...
# Subtest: Super Weekly Prize와 Super Ticket의 공식 명칭과 계정 한정을 유지한다
ok 78 - Super Weekly Prize와 Super Ticket의 공식 명칭과 계정 한정을 유지한다
  ---
  duration_ms: 0.623582
  type: 'test'
  ...
# Subtest: 영문 수치 기사는 미국 기준임을 명시한다
ok 79 - 영문 수치 기사는 미국 기준임을 명시한다
  ---
  duration_ms: 0.346797
  type: 'test'
  ...
# Subtest: reward and quest topics have complete Japanese, English, Korean and Taiwan clusters
ok 80 - reward and quest topics have complete Japanese, English, Korean and Taiwan clusters
  ---
  duration_ms: 4.289249
  type: 'test'
  ...
# Subtest: new international guides are substantial, sourced and usable instead of thin translations
ok 81 - new international guides are substantial, sourced and usable instead of thin translations
  ---
  duration_ms: 5.124917
  type: 'test'
  ...
# Subtest: Super Weekly Reward articles explain stock and the Super Ticket trade-off without promising premium prizes
ok 82 - Super Weekly Reward articles explain stock and the Super Ticket trade-off without promising premium prizes
  ---
  duration_ms: 1.972228
  type: 'test'
  ...
# Subtest: quest articles cover account-specific conditions, qualifying purchases, sign-in and refunds
ok 83 - quest articles cover account-specific conditions, qualifying purchases, sign-in and refunds
  ---
  duration_ms: 1.280939
  type: 'test'
  ...
# Subtest: locale indexes and the dedicated sitemap expose all six new international guides
ok 84 - locale indexes and the dedicated sitemap expose all six new international guides
  ---
  duration_ms: 3.553737
  type: 'test'
  ...
# Subtest: ポイント利用・参加条件記事は3言語でSEO公開要件を満たす
ok 85 - ポイント利用・参加条件記事は3言語でSEO公開要件を満たす
  ---
  duration_ms: 2.297204
  type: 'test'
  ...
# Subtest: 専用サイトマップは6記事を公開しrobots.txtから発見できる
ok 86 - 専用サイトマップは6記事を公開しrobots.txtから発見できる
  ---
  duration_ms: 0.964629
  type: 'test'
  ...
# Subtest: 新規記事のサイト内リンク先は存在する
ok 87 - 新規記事のサイト内リンク先は存在する
  ---
  duration_ms: 4.299747
  type: 'test'
  ...
# Subtest: 週次特典と複数アカウント記事は3言語で公開要件を満たす
ok 88 - 週次特典と複数アカウント記事は3言語で公開要件を満たす
  ---
  duration_ms: 3.630631
  type: 'test'
  ...
# Subtest: 新規記事は同一言語内で相互に接続される
ok 89 - 新規記事は同一言語内で相互に接続される
  ---
  duration_ms: 0.979807
  type: 'test'
  ...
# Subtest: 国際ガイド専用サイトマップをrobots.txtから発見できる
ok 90 - 国際ガイド専用サイトマップをrobots.txtから発見できる
  ---
  duration_ms: 0.608875
  type: 'test'
  ...
# Subtest: 新規国際記事のローカルリンク先はすべて存在する
ok 91 - 新規国際記事のローカルリンク先はすべて存在する
  ---
  duration_ms: 2.264442
  type: 'test'
  ...
# Subtest: 最新情報ハブは確認範囲・公式参照・確認日を明示する
ok 92 - 最新情報ハブは確認範囲・公式参照・確認日を明示する
  ---
  duration_ms: 1.342093
  type: 'test'
  ...
# Subtest: 最新情報ハブは週次3制度とクエストを別項目として扱う
ok 93 - 最新情報ハブは週次3制度とクエストを別項目として扱う
  ---
  duration_ms: 0.279581
  type: 'test'
  ...
# Subtest: 生成処理は確認していない日に最新情報ハブの日付を進めない
ok 94 - 生成処理は確認していない日に最新情報ハブの日付を進めない
  ---
  duration_ms: 0.130533
  type: 'test'
  ...
# Subtest: 鮮度検査は14日を超えた確認日を検出する
ok 95 - 鮮度検査は14日を超えた確認日を検出する
  ---
  duration_ms: 1.268265
  type: 'test'
  ...
# Subtest: 運用手順は日付だけの更新と個別オファーの一般化を禁止する
ok 96 - 運用手順は日付だけの更新と個別オファーの一般化を禁止する
  ---
  duration_ms: 0.220191
  type: 'test'
  ...
# [manual-intl] restored canonical article content: 13
# Subtest: 地域別に手動確認した記事の正本一覧を固定する
ok 97 - 地域別に手動確認した記事の正本一覧を固定する
  ---
  duration_ms: 2.755668
  type: 'test'
  ...
# Subtest: 手動正本の公開日・更新日・last-modifiedを一致させる
ok 98 - 手動正本の公開日・更新日・last-modifiedを一致させる
  ---
  duration_ms: 2.365982
  type: 'test'
  ...
# Subtest: 国際記事台帳は手動正本の日付を自動採用する
ok 99 - 国際記事台帳は手動正本の日付を自動採用する
  ---
  duration_ms: 5.557203
  type: 'test'
  ...
# Subtest: ビルドは国際記事生成の直前に退避し直後に復元する
ok 100 - ビルドは国際記事生成の直前に退避し直後に復元する
  ---
  duration_ms: 0.345545
  type: 'test'
  ...
# Subtest: 生成処理で上書きされても手動記事を完全に復元できる
ok 101 - 生成処理で上書きされても手動記事を完全に復元できる
  ---
  duration_ms: 7.343294
  type: 'test'
  ...
# Subtest: JPEG実体の既存OGP URLをimage/jpegとして配信する
ok 102 - JPEG実体の既存OGP URLをimage/jpegとして配信する
  ---
  duration_ms: 1.745735
  type: 'test'
  ...
# Subtest: デプロイ後のSEO検査は実際のOGP Content-Typeを確認する
ok 103 - デプロイ後のSEO検査は実際のOGP Content-Typeを確認する
  ---
  duration_ms: 0.379809
  type: 'test'
  ...
# Subtest: 記事CSSは外部化され、AdSense以外のinline styleを残さない
ok 104 - 記事CSSは外部化され、AdSense以外のinline styleを残さない
  ---
  duration_ms: 18.735587
  type: 'test'
  ...
# Subtest: 記事のローカルCSSは内容ハッシュ付きURLで参照する
ok 105 - 記事のローカルCSSは内容ハッシュ付きURLで参照する
  ---
  duration_ms: 10.878666
  type: 'test'
  ...
# Subtest: 記事のローカルJavaScriptも内容ハッシュ付きURLで参照する
ok 106 - 記事のローカルJavaScriptも内容ハッシュ付きURLで参照する
  ---
  duration_ms: 10.795734
  type: 'test'
  ...
# Subtest: 公開HTMLのローカルCSS・JavaScriptは実ファイルと一致する内容ハッシュを使う
ok 107 - 公開HTMLのローカルCSS・JavaScriptは実ファイルと一致する内容ハッシュを使う
  ---
  duration_ms: 61.143877
  type: 'test'
  ...
# Subtest: 画面外描画の最適化は長文下部だけに限定し、印刷時に解除する
ok 108 - 画面外描画の最適化は長文下部だけに限定し、印刷時に解除する
  ---
  duration_ms: 0.412659
  type: 'test'
  ...
# Subtest: バージョン付き資産だけを1年間immutableでキャッシュする
ok 109 - バージョン付き資産だけを1年間immutableでキャッシュする
  ---
  duration_ms: 0.243254
  type: 'test'
  ...
# Subtest: 低性能Android相当の定期Lighthouse検査を固定バージョンで実行する
ok 110 - 低性能Android相当の定期Lighthouse検査を固定バージョンで実行する
  ---
  duration_ms: 0.245628
  type: 'test'
  ...
# Subtest: 未参照だった旧共通CSSを公開物に残さない
ok 111 - 未参照だった旧共通CSSを公開物に残さない
  ---
  duration_ms: 0.129381
  type: 'test'
  ...
# Subtest: PRでは秘密情報を使わず一つのジョブで全事前検証を実行する
ok 112 - PRでは秘密情報を使わず一つのジョブで全事前検証を実行する
  ---
  duration_ms: 2.049231
  type: 'test'
  ...
# Subtest: 事前検証は全テストを自動収集し失敗工程を最後にまとめる
ok 113 - 事前検証は全テストを自動収集し失敗工程を最後にまとめる
  ---
  duration_ms: 0.363458
  type: 'test'
  ...
# Subtest: 事前検証は多言語の公開必須ファイル欠損を検出する
ok 114 - 事前検証は多言語の公開必須ファイル欠損を検出する
  ---
  duration_ms: 0.371843
  type: 'test'
  ...
# Subtest: Service Workerの全先読み対象をデプロイ前に検証する
ok 115 - Service Workerの全先読み対象をデプロイ前に検証する
  ---
  duration_ms: 0.292786
  type: 'test'
  ...
# Subtest: 通常の事前検証は生成・圧縮対象を元に戻しデプロイ時だけ保持する
ok 116 - 通常の事前検証は生成・圧縮対象を元に戻しデプロイ時だけ保持する
  ---
  duration_ms: 0.35409
  type: 'test'
  ...
# Subtest: ルートService Workerは画面遷移をネットワーク優先で更新する
ok 117 - ルートService Workerは画面遷移をネットワーク優先で更新する
  ---
  duration_ms: 0.291904
  type: 'test'
  ...
# Subtest: ルートキャッシュ世代は全共有アセット版から自動生成する
ok 118 - ルートキャッシュ世代は全共有アセット版から自動生成する
  ---
  duration_ms: 0.329845
  type: 'test'
  ...
# Subtest: アプリモジュールのキャッシュ世代は改行コードが違っても一致する
ok 119 - アプリモジュールのキャッシュ世代は改行コードが違っても一致する
  ---
  duration_ms: 4.949479
  type: 'test'
  ...
# Subtest: 本番確認はコミット状態と公開JSONの両方で完全一致を検証する
ok 120 - 本番確認はコミット状態と公開JSONの両方で完全一致を検証する
  ---
  duration_ms: 2.072976
  type: 'test'
  ...
# Subtest: 公開デプロイ状態は検証完了前と完了後を区別する
ok 121 - 公開デプロイ状態は検証完了前と完了後を区別する
  ---
  duration_ms: 2.476959
  type: 'test'
  ...
# Subtest: 本番デプロイは実行中ジョブを中断せず待機中の最新版だけを残す
ok 122 - 本番デプロイは実行中ジョブを中断せず待機中の最新版だけを残す
  ---
  duration_ms: 1.251063
  type: 'test'
  ...
# Subtest: HTTP検査は同時接続数を制限し失敗対象だけを再試行する
ok 123 - HTTP検査は同時接続数を制限し失敗対象だけを再試行する
  ---
  duration_ms: 0.281284
  type: 'test'
  ...
# Subtest: 外部Actionは固定SHAで実行しDependabotで月次更新する
ok 124 - 外部Actionは固定SHAで実行しDependabotで月次更新する
  ---
  duration_ms: 0.534627
  type: 'test'
  ...
# Subtest: 新規記事は記事台帳へ一意に登録される
ok 125 - 新規記事は記事台帳へ一意に登録される
  ---
  duration_ms: 1.773908
  type: 'test'
  ...
# Subtest: スーパーウィークリー記事は一般条件と個別条件を分離する
ok 126 - スーパーウィークリー記事は一般条件と個別条件を分離する
  ---
  duration_ms: 2.510221
  type: 'test'
  ...
# Subtest: クエスト記事は対象・購入・ログイン・返金条件を案内する
ok 127 - クエスト記事は対象・購入・ログイン・返金条件を案内する
  ---
  duration_ms: 0.415134
  type: 'test'
  ...
# Subtest: 週次親記事は3制度を比較し日記を主要導線にする
ok 128 - 週次親記事は3制度を比較し日記を主要導線にする
  ---
  duration_ms: 0.477661
  type: 'test'
  ...
# Subtest: 無料獲得記事は無料・追加購入なし・有料条件を混同しない
ok 129 - 無料獲得記事は無料・追加購入なし・有料条件を混同しない
  ---
  duration_ms: 0.417369
  type: 'test'
  ...
# Subtest: 買い切り購入と継続課金の記事は役割を相互案内する
ok 130 - 買い切り購入と継続課金の記事は役割を相互案内する
  ---
  duration_ms: 0.547992
  type: 'test'
  ...
# Subtest: 今回のPlay Points公式記事群へ第三者決済キャンペーンを混入させない
ok 131 - 今回のPlay Points公式記事群へ第三者決済キャンペーンを混入させない
  ---
  duration_ms: 1.494286
  type: 'test'
  ...
# Subtest: 公式例のシルバー500円は6ポイントへ丸める
ok 132 - 公式例のシルバー500円は6ポイントへ丸める
  ---
  duration_ms: 1.782123
  type: 'test'
  ...
# Subtest: 購入ごとの丸めと総額への一度だけの丸めを分ける
ok 133 - 購入ごとの丸めと総額への一度だけの丸めを分ける
  ---
  duration_ms: 0.356385
  type: 'test'
  ...
# Subtest: 丸め関数は非負のポイントを最も近い整数へ丸める
ok 134 - 丸め関数は非負のポイントを最も近い整数へ丸める
  ---
  duration_ms: 0.569723
  type: 'test'
  ...
# Subtest: 不正な購入回数と獲得率を拒否する
ok 135 - 不正な購入回数と獲得率を拒否する
  ---
  duration_ms: 0.385338
  type: 'test'
  ...
# Subtest: 記事は税抜・四捨五入・機能の限界を明示する
ok 136 - 記事は税抜・四捨五入・機能の限界を明示する
  ---
  duration_ms: 2.029365
  type: 'test'
  ...
# Subtest: 記事冒頭は通常獲得率と交換価値を分けて即答する
ok 137 - 記事冒頭は通常獲得率と交換価値を分けて即答する
  ---
  duration_ms: 0.529617
  type: 'test'
  ...
# Subtest: 記事固有の導線だけを1つずつ表示し、自動導線の重複を防ぐ
ok 138 - 記事固有の導線だけを1つずつ表示し、自動導線の重複を防ぐ
  ---
  duration_ms: 0.50395
  type: 'test'
  ...
# Subtest: スマホでは比較表をカード表示し、主要操作を画面幅いっぱいにする
ok 139 - スマホでは比較表をカード表示し、主要操作を画面幅いっぱいにする
  ---
  duration_ms: 0.749678
  type: 'test'
  ...
# Subtest: FAQと補助導線は主要目次へ混入しない構造にする
ok 140 - FAQと補助導線は主要目次へ混入しない構造にする
  ---
  duration_ms: 0.84216
  type: 'test'
  ...
# Subtest: シミュレーターは差が見える初期例と利用限界を明示する
ok 141 - シミュレーターは差が見える初期例と利用限界を明示する
  ---
  duration_ms: 1.102787
  type: 'test'
  ...
# Subtest: 記事別の検証カード文言は生成元でも保持する
ok 142 - 記事別の検証カード文言は生成元でも保持する
  ---
  duration_ms: 0.688955
  type: 'test'
  ...
# Subtest: 画面のFAQとFAQPage構造化データが一致する
ok 143 - 画面のFAQとFAQPage構造化データが一致する
  ---
  duration_ms: 1.751326
  type: 'test'
  ...
# Subtest: 記事台帳は既存記事の役割を維持して更新日と説明を同期する
ok 144 - 記事台帳は既存記事の役割を維持して更新日と説明を同期する
  ---
  duration_ms: 2.027812
  type: 'test'
  ...
# Subtest: 海外向け案内は英語を全世界共通レートとして案内しない
ok 145 - 海外向け案内は英語を全世界共通レートとして案内しない
  ---
  duration_ms: 1.929098
  type: 'test'
  ...
# Subtest: 多言語トップの実行時記事リンクは各言語の記事一覧を指す
ok 146 - 多言語トップの実行時記事リンクは各言語の記事一覧を指す
  ---
  duration_ms: 6.513246
  type: 'test'
  ...
# Subtest: 日本語の必要ポイント例はあとがきにつながる実例1728を保つ
ok 147 - 日本語の必要ポイント例はあとがきにつながる実例1728を保つ
  ---
  duration_ms: 3.835682
  type: 'test'
  ...
# Subtest: 結果カードの見出しだけをブロック化し、金額の内訳は分断しない
ok 148 - 結果カードの見出しだけをブロック化し、金額の内訳は分断しない
  ---
  duration_ms: 0.65413
  type: 'test'
  ...
# Subtest: CSPは計測と広告品質確認で実際に使う接続先を許可する
ok 149 - CSPは計測と広告品質確認で実際に使う接続先を許可する
  ---
  duration_ms: 0.91177
  type: 'test'
  ...
# Subtest: 日記の景品選択には全言語で読み上げ可能な名前がある
ok 150 - 日記の景品選択には全言語で読み上げ可能な名前がある
  ---
  duration_ms: 4.407769
  type: 'test'
  ...
# Subtest: トップページは大きな画像プレビューとOGP画像サイズを明示する
ok 151 - トップページは大きな画像プレビューとOGP画像サイズを明示する
  ---
  duration_ms: 1.298412
  type: 'test'
  ...
# Subtest: 初期操作に必要なアプリモジュールは依存解析前から取得を開始する
ok 152 - 初期操作に必要なアプリモジュールは依存解析前から取得を開始する
  ---
  duration_ms: 1.440426
  type: 'test'
  ...
# Subtest: 日記の重複通知を表示せず、カレンダー登録は残す
ok 153 - 日記の重複通知を表示せず、カレンダー登録は残す
  ---
  duration_ms: 1.655126
  type: 'test'
  ...
# Subtest: 地域差案内は日本語トップでも英語の注意導線として表示する
ok 154 - 地域差案内は日本語トップでも英語の注意導線として表示する
  ---
  duration_ms: 1.578253
  type: 'test'
  ...
# Subtest: 計算方法と検証方針を全言語で本文から確認できる
ok 155 - 計算方法と検証方針を全言語で本文から確認できる
  ---
  duration_ms: 1.348815
  type: 'test'
  ...
# Subtest: 広告と計測は初期表示後に低優先度で読み込む
ok 156 - 広告と計測は初期表示後に低優先度で読み込む
  ---
  duration_ms: 0.401759
  type: 'test'
  ...
# ok - 著者ページのOGP画像は実在する
# ok - 計算機は有限値とHTMLの上下限を検証する
# ok - ルートService WorkerはGETの許可対象だけを安定したキーでキャッシュする
# ok - GAとAdSenseは地域別Consent ModeとGoogle認定CMPに従う
# ok - 計測イベントは同意済みラッパー経由だけで送信する
# ok - ルートService Workerは自分のキャッシュだけを削除対象にする
# ok - ルートService Workerはprecache失敗時に壊れたまま有効化しない
# ok - デプロイ同期は公開不要な運用ファイルをルート限定で除外する
# ok - JSミニファイは文字列中のスラッシュコメント風テキストを壊さない
# ok - デプロイ時ミニファイはPlayPoint本体・ブログ・ウィジェットを対象にする
# ok - デプロイ前検証はミニファイ後JSの構文を確認する
# ok - CIデプロイはコミット済み成果物だけを公開する
# ok - デプロイ前JS構文検証はGitHub Actions用スクリプトも対象にする
# ok - 多言語トップはJS実行前の主要文言も翻訳済みにする
# ok - 同意済み計測はGA本体ロード前のイベントを短期キューへ保持する
# ok - Xserver同期後に本番スモークテストを実行する
# ok - Xserver同期後に本番SEOヘルスチェックを実行する
# ok - デプロイ検証の変更でもワークフローを実行する
# ok - デプロイ前検証は全テストをミニファイ前後に実行する
# ok - 本番スモークテストの期待文字列は配信元ファイルに存在する
# ok - 本番スモークテストは主要PlayPointページと言語トップを確認する
# Subtest: tests/playpoint-nine-fixes.test.cjs
ok 30 - tests/playpoint-nine-fixes.test.cjs
  ---
  duration_ms: 70.145765
  type: 'test'
  ...
# ok - ステータス選択の初期値はブロンズになる
# ok - 通常計算では現在ステータスから次のランクだけを目標にする
# ok - 前年からランクを引き継いだ場合も目標閾値全体を入力できる
# ok - 直接レートと倍率は代替入力として高い方と採用理由を返す
# ok - パック額未入力では購入ごとの丸めを仮定しない概算として表示する
# ok - パック額入力時は購入ごとの四捨五入で必要回数と合計額を計算する
# ok - 1回0ポイントになる購入額は概算へフォールバックせずエラーにする
# ok - 逆算モードは入力額を1回の購入として丸める前提を表示する
# ok - 金曜の開始時刻を過ぎたカレンダー登録は翌週を使う
# ok - 月平均の分母は年末までの残日数から切り上げ月数で計算する
# ok - 12月31日でも通常計算は合計必要額を表示する
# ok - 必要ポイントはHTMLの整数制約に違反する小数を拒否する
# ok - 記事件数は言語UI更新後に実際の件数で再描画する
# ok - フッターの運営者リンクは色だけに頼らず下線で区別する
# ok - モバイルのヘッダーリンクは内側余白を含めて画面幅に収める
# ok - デスクトップのトップバーは言語切替と補助リンクを同じ段に収める
# ok - 通常計算の結果は週平均と1日あたりの目安も表示する
# ok - 通常計算の結果は条件別関連記事を最大4件だけ結果の後に表示する
# ok - 計算結果の関連記事は検索意図別LPを優先する
# ok - 計算結果の下には金額や条件に応じた次の判断導線が出る
# ok - 英語トップはJS実行前のファーストビューに日本語の主要文言を残さない
# ok - 英語トップの日記エリアはJS実行前でも英語で読める
# ok - トップのSEO名はGoogle Play Points計算機を主名にし旧名を別名として残す
# ok - 多言語トップの英語名はGoogle Play Points Calculatorを先頭にする
# ok - 検索LPの上部には通常時と倍率別の即答表がある
# ok - READMEと正規化設定は公式URLだけを一次導線にする
# ok - 共有ボタンは結果アクション行にまとめて表示状態を切り替える
# ok - 検索意図別LPは条件付き計算リンクとSEO基本タグを持つ
# ok - ブログRSSとAtomフィードは発見可能で最新記事を含む
# ok - ブログフィード生成は単体でURL正規化・日付順・XMLエスケープを行う
# Successfully synchronized asset versions and dates in sample.html
# ok - HTML同期はアセットバージョンと日付表記を単体で更新する
# ok - HTML置換ヘルパーは日付メタデータと指定アセットだけを更新する
# ok - Service Workerアセット同期は定義済みパスをバージョンキーで更新する
# ok - トップページの更新メタデータ同期は日付と主要アセットだけを更新する
# ok - 多言語生成設定は共通内容の更新日を下回らないメタ行を作る
# ok - 多言語HTML生成は言語別メタ情報と相対パスを同期する
# ok - ダイヤモンド維持LPは最高ランク維持用の条件と文脈に絞る
# ok - キャンペーン/金額LPは日本向けの要約・比較・注意表示を持つ
# ok - ステータス選択の再生成でoptionが重複しない
# ok - 送信XMLサイトマップに登録済みPlay Points記事がすべて含まれている
# ok - トップページは同一URLの英語hreflangを出さない
# ok - 第三者スクリプトは初回操作待ちではなく初期描画後に読み込む
# ok - デプロイ前に全回帰テストを実行する
# ok - デプロイ同期は削除済み・除外済みファイルを本番からも消す
# ok - テストファイルはルート限定の除外で本番へ同期しない
# ok - SEO監視はサイトマップ掲載記事も確認する
# ok - Play Pointsの公開canonical URLは送信XMLサイトマップに含める
# ok - blog robots.txtは本番ドメインのサイトマップを指す
# ok - ブログ一覧は記事JSONを正規化してから描画する
# ok - ブログ一覧の記事リンクとサムネイルは許可した相対パスだけを使う
# ok - 記事ページの関連記事も記事JSONを正規化してから描画する
# ok - CSPのscript-srcはhttps全体を許可しない
# ok - 静的配信設定はフィードとローカルフォントを効率よく配信する
# ok - target blankリンクにはnoopener noreferrerを付ける
# ok - blogの再読み込みボタンはインラインonclickを使わない
# ok - blog articles.jsonは実在するPlay Points記事だけを含む
# ok - blog sitemapは登録済みPlay Points記事をすべて含む
# ok - blogと記事ページのローカルリンクは存在するファイルだけを指す
# ok - 記事ページのOGP画像は実ファイルが存在する
# ok - blog SearchActionは実装と同じqパラメータを使う
# ok - blog一覧HTMLはJS実行前でも全記事への静的リンクを持つ
# ok - blogトップは自前のOGP画像とfaviconを使う
# ok - blogトップの説明文は検索結果向けの長さを確保する
# ok - blogの正規URLはindex.htmlを露出しない
# ok - blogトップは外部Google Fontsへ接続しない
# ok - 記事ページの前後ナビは関連記事コンテナが無くても描画される
# ok - blog記事カードクリックをAnalyticsへ送る
# ok - 主要な操作要素は44px以上のタップ領域を持つ
# ok - トップの入力導線は説明を残しつつフォームを圧迫しない
# ok - 狭い画面でも日記タブの文字を省略しない
# ok - 計算と日記保存の完了を個人情報なしでAnalyticsへ送る
# ok - AdSenseタグはConsent Mode設定後に読み込みGoogle認定CMPを起動する
# ok - トップページはブラウザ言語だけでクライアントサイドリダイレクトしない
# ok - ブログのH1はPlay Points攻略記事の検索意図と一致する
# ok - トップページの静的初期表示は古い曜日や年で信頼性を落とさない
# ok - ブログ一覧の静的HTMLは読み込み失敗表示を常時露出しない
# ok - blog articles.jsonは記事ごとのfileキーを1つだけ持つ
# ok - 課金効率記事は煽り表現より条件と注意を前面に出す
# ok - 全記事から有効なGoogle公式ヘルプを確認できる
# ok - 記事HTMLの見出しタグは壊れた属性形式を含まない
# ok - トップページの記事リンクはローカルに存在する公開記事だけを指す
# ok - トップ上部は商業色の強い課金導線を前面に出しすぎない
# ok - 最新情報リンクはヘッダーから外しフッターで維持する
# ok - 計算条件を共有URLへ保存し再訪時に復元できる
# ok - 記事から計算機への導線はセッション参照元を上書きせず計測できる
# ok - 流入施策はLPと結果画面の主要導線を個人情報なしで計測する
# ok - 最新情報ハブは検証日・公式参照・計算機CTAを持つ
# ok - 記事共通CTAは計算機への自然導線と計測文脈を持つ
# ok - 記事末尾CTAは記事文脈ごとに次アクションを出し分ける
# ok - モバイルの補助リンクと共有ボタンは縦に増えすぎない
# ok - モバイル初期表示外の重い領域は遅延描画される
# ok - 記事クラスタは検索意図別LPへ文脈に合う内部リンクを持つ
# ok - ポイント未反映記事は検索意図の即答と計算後導線を上部に持つ
# ok - 外部サイト向け埋め込みウィジェットは依存なしで安全に計算できる
# ok - Analyticsのイベント設計と検証手順が文書化されている
# ok - Service Workerは共有URL機能を含む最新版アセットを事前キャッシュする
# ok - トップページの更新日メタとサイト更新日を用途別に保持する
# ok - サイトマップ同期はトップページ群のlastmodだけを更新する
# ok - 反映タイミング記事は結論と確認手順を見出しで整理する
# ok - CMP起動用のAdSenseタグは二重読み込みしない
# ok - 共有URLは実在するステータス値だけを復元する
# ok - 日記保存イベントはストレージ保存成功時だけ送る
# ok - 記事のAdSenseは本文スクロール後に共通スクリプトから読み込む
# ok - ブログと記事は共通コンポーネントからGA4本体を読み込む
# ok - 共通コンポーネントは既存のヘッダーとフッターを重複生成しない
# ok - 公開されている全記事HTMLが必要なSEOタグと共通AdSense読込を含んでいること
# ok - ブログと記事の変更アセットはバージョン付きURLで配信する
# ok - 記事共通デザインは前後ナビと操作領域とカテゴリー配色を統一する
# ok - ブログのライトテーマとモバイル導線は読みやすさを維持する
# ok - 記事はfaviconを指定しAdSenseが必要とする接続先をCSPで許可する
# ok - 運営者プロフィールは検索可能な独立ページとして公開する
# ok - 全記事は著者ページへリンクしArticle構造化データの著者と発行者を統一する
# ok - ブログ検索タイトルと内部リンクは運営者の専門性を明示する
# ok - サイトマップとSearch Console運用は著者ページと記事群を監視対象にする
# ok - sw.js と各言語版 index.html の style.css バージョンクエリが一致していること
# ok - 多言語HTMLビルド出力の整合性とhreflangの検証
# ok - 海外向けSEOページは主要検索意図ごとに公開可能な構造を持つ
# ok - 海外向けSEOページは既存記事の読み物感と各言語の自然な導線を保つ
# ok - 海外LPは相互hreflangで対応言語とx-defaultを明示する
# ok - 海外向け英語記事は目次と外部化CSSで読みやすさと保守性を保つ
# ok - 海外LPの補助ラベルは各言語に合わせる
# ok - 海外向け韓国語・繁体字記事は公式名寄せのサイト名とプラチナ導線を持つ
# ok - 海外向けSEOは計測対象と追加記事クラスタを持つ
# ok - 国変更・定期購入クラスタは韓国語と繁体字で公式根拠・FAQ・相互hreflangを持つ
# ok - ブロンズ以外のステータスでは、同ランク維持と次のランク昇格が目標に設定される
# ok - 韓国（KR）リージョンの spendUnit 正確性検証
# ok - 削除済みのウィークリーリワード自動差し引きは設定にも計算処理にも残さない
# ok - 平均パック課金額シミュレーションの検証
# ok - 通常還元とキャンペーン還元の差額は既存の購入単位で比較する
# ok - 米国のパック計算は購入ごとのポイントを最も近い整数へ丸める
# ok - 米国の小数パック額は金額全体に還元率を掛けてから購入ごとに丸める
# ok - 海外記事は言語別の記事一覧へ戻り、対応する翻訳版をhreflangで示す
# ok - 国際記事の公開日と更新日は記事データに保持し、生成日で上書きしない
# ok - 海外版の計算結果導線は各言語の実在ページだけを使う
# ok - 海外版トップはJavaScriptなしでも実在する最新情報ハブへリンクする
# ok - 言語トップはURLと異なる保存済み地域設定で表示を上書きしない
# ok - カレンダー登録は固定済みの過去日時を使わない
# ok - 国際記事はビルド日を公開日として上書きしない
# ok - 主要な日本語Play Points記事は検索意図へ答える本文量を保つ
# ok - 断定を避けるべき記事と公式仕様の記事は重要な注意点を保持する
# ok - サイトマップ掲載HTMLは検索結果タイトルと基本SEO要素を保つ
# ok - 国際記事一覧とギフトカード記事は相互hreflangを持つ
# ok - 主要記事のtitleとh1は煽り表現に依存しない
# ok - 修正した記事の一覧タイトルとページtitleは一致する
# ok - 日本語Play Points記事は一覧・OGP・構造化データ・著者メタを同期する
# ok - 更新した記事は一覧・表示・メタデータ・フィード用更新日を一致させる
# ok - フィードは公開日を保ったまま記事の更新日を反映する
# ok - 計算結果のエラー表示とクリアは前回の共有用データを破棄する
# ok - トップの更新日はサイト更新であることを明示する
# ok - 重要記事は2026年時点の公式仕様と判断上の注意を保持する
# ok - 記事共通UIは文脈リンク・主要見出し目次・安定表示を使う
# ok - 記事一覧の静的リンクはarticles.jsonのタイトルと一致する
# ok - トップの記事ドロワーは表示件数とリンク件数を一致させる
# ok - 記事サイトマップのlastmodは記事一覧の更新日と一致する
# ok - サイトマップ生成は記事一覧のmodifiedを自動反映する
# ok - 100ポイント記事は貯める金額と使う価値を分けて案内する
# ok - 100ポイント多言語記事は国別公式レートと相互hreflangを持つ
# ok - 日本語検索クラスターは意図を分けて公式条件を明示する
# ok - 記事ハブとフィードは新しい日本語・多言語記事を発見できる
# ok - ポイント数から必要額を出す計算ツールは4地域で公開可能な構造を持つ
# ok - 現金化ガイドは4言語で公式根拠・相互参照・計算導線を持つ
# ok - 期限・返金・家族共有ガイドは4言語の相互参照と公式根拠を持つ
# Subtest: tests/playpoint-regression.test.cjs
ok 31 - tests/playpoint-regression.test.cjs
  ---
  duration_ms: 318.697714
  type: 'test'
  ...
# [repository-integrity] tracked=359 deployable=269 resolved=256
# Subtest: ファイル名はOS差で衝突せず、一時ファイルを追跡しない
ok 159 - ファイル名はOS差で衝突せず、一時ファイルを追跡しない
  ---
  duration_ms: 2.897934
  type: 'test'
  ...
# Subtest: 移設・統合・共通化済みの実体を残さない
ok 160 - 移設・統合・共通化済みの実体を残さない
  ---
  duration_ms: 0.201886
  type: 'test'
  ...
# Subtest: 公開ファイルの内部参照とアンカーは実在する
not ok 161 - 公開ファイルの内部参照とアンカーは実在する
  ---
  duration_ms: 2.614435
  type: 'test'
  location: '/home/runner/work/PlayPoint/PlayPoint/tests/repository-integrity-audit.test.cjs:212:1'
  failureType: 'testCodeFailure'
  error: |-
    存在しない内部参照:
    en/articles/google-play-games-vs-play-points.html -> https://playpoint-sim.com/ko/articles/google-play-games-vs-play-points.html
    en/articles/google-play-points-500-1000-cost.html -> https://playpoint-sim.com/ko/articles/google-play-points-500-1000-cost.html
    en/articles/google-play-points-apps-books-purchases.html -> https://playpoint-sim.com/ko/articles/google-play-points-apps-books-purchases.html
    en/articles/google-play-points-balance-history-progress.html -> https://playpoint-sim.com/ko/articles/google-play-points-balance-history-progress.html
    en/articles/google-play-points-discounts-promo-codes.html -> https://playpoint-sim.com/ko/articles/google-play-points-discounts-promo-codes.html
    en/articles/google-play-points-earn-free.html -> https://playpoint-sim.com/ko/articles/google-play-points-earn-free.html
    ko/articles/index.html -> /ko/articles/google-play-points-balance-history-progress.html
    ko/articles/index.html -> /ko/articles/google-play-points-apps-books-purchases.html
    ko/articles/index.html -> /ko/articles/google-play-games-vs-play-points.html
    ko/articles/index.html -> /ko/articles/google-play-points-earn-free.html
    ko/articles/index.html -> /ko/articles/google-play-points-500-1000-cost.html
    ko/articles/index.html -> /ko/articles/google-play-points-discounts-promo-codes.html
    sitemap-intl-content-expansion.xml -> https://playpoint-sim.com/ko/articles/google-play-points-balance-history-progress.html
    sitemap-intl-content-expansion.xml -> https://playpoint-sim.com/ko/articles/google-play-points-apps-books-purchases.html
    sitemap-intl-content-expansion.xml -> https://playpoint-sim.com/ko/articles/google-play-games-vs-play-points.html
    sitemap-intl-content-expansion.xml -> https://playpoint-sim.com/ko/articles/google-play-points-earn-free.html
    sitemap-intl-content-expansion.xml -> https://playpoint-sim.com/ko/articles/google-play-points-500-1000-cost.html
    sitemap-intl-content-expansion.xml -> https://playpoint-sim.com/ko/articles/google-play-points-discounts-promo-codes.html
    tw/articles/google-play-games-vs-play-points.html -> https://playpoint-sim.com/ko/articles/google-play-games-vs-play-points.html
    tw/articles/google-play-points-500-1000-cost.html -> https://playpoint-sim.com/ko/articles/google-play-points-500-1000-cost.html
    tw/articles/google-play-points-apps-books-purchases.html -> https://playpoint-sim.com/ko/articles/google-play-points-apps-books-purchases.html
    tw/articles/google-play-points-balance-history-progress.html -> https://playpoint-sim.com/ko/articles/google-play-points-balance-history-progress.html
    tw/articles/google-play-points-discounts-promo-codes.html -> https://playpoint-sim.com/ko/articles/google-play-points-discounts-promo-codes.html
    tw/articles/google-play-points-earn-free.html -> https://playpoint-sim.com/ko/articles/google-play-points-earn-free.html
    + actual - expected
    
    + [
    +   'en/articles/google-play-games-vs-play-points.html -> https://playpoint-sim.com/ko/articles/google-play-games-vs-play-points.html',
    +   'en/articles/google-play-points-500-1000-cost.html -> https://playpoint-sim.com/ko/articles/google-play-points-500-1000-cost.html',
    +   'en/articles/google-play-points-apps-books-purchases.html -> https://playpoint-sim.com/ko/articles/google-play-points-apps-books-purchases.html',
    +   'en/articles/google-play-points-balance-history-progress.html -> https://playpoint-sim.com/ko/articles/google-play-points-balance-history-progress.html',
    +   'en/articles/google-play-points-discounts-promo-codes.html -> https://playpoint-sim.com/ko/articles/google-play-points-discounts-promo-codes.html',
    +   'en/articles/google-play-points-earn-free.html -> https://playpoint-sim.com/ko/articles/google-play-points-earn-free.html',
    +   'ko/articles/index.html -> /ko/articles/google-play-points-balance-history-progress.html',
    +   'ko/articles/index.html -> /ko/articles/google-play-points-apps-books-purchases.html',
    +   'ko/articles/index.html -> /ko/articles/google-play-games-vs-play-points.html',
    +   'ko/articles/index.html -> /ko/articles/google-play-points-earn-free.html',
    +   'ko/articles/index.html -> /ko/articles/google-play-points-500-1000-cost.html',
    +   'ko/articles/index.html -> /ko/articles/google-play-points-discounts-promo-codes.html',
    +   'sitemap-intl-content-expansion.xml -> https://playpoint-sim.com/ko/articles/google-play-points-balance-history-progress.html',
    +   'sitemap-intl-content-expansion.xml -> https://playpoint-sim.com/ko/articles/google-play-points-apps-books-purchases.html',
    +   'sitemap-intl-content-expansion.xml -> https://playpoint-sim.com/ko/articles/google-play-games-vs-play-points.html',
    +   'sitemap-intl-content-expansion.xml -> https://playpoint-sim.com/ko/articles/google-play-points-earn-free.html',
    +   'sitemap-intl-content-expansion.xml -> https://playpoint-sim.com/ko/articles/google-play-points-500-1000-cost.html',
    +   'sitemap-intl-content-expansion.xml -> https://playpoint-sim.com/ko/articles/google-play-points-discounts-promo-codes.html',
    +   'tw/articles/google-play-games-vs-play-points.html -> https://playpoint-sim.com/ko/articles/google-play-games-vs-play-points.html',
    +   'tw/articles/google-play-points-500-1000-cost.html -> https://playpoint-sim.com/ko/articles/google-play-points-500-1000-cost.html',
    +   'tw/articles/google-play-points-apps-books-purchases.html -> https://playpoint-sim.com/ko/articles/google-play-points-apps-books-purchases.html',
    +   'tw/articles/google-play-points-balance-history-progress.html -> https://playpoint-sim.com/ko/articles/google-play-points-balance-history-progress.html',
    +   'tw/articles/google-play-points-discounts-promo-codes.html -> https://playpoint-sim.com/ko/articles/google-play-points-discounts-promo-codes.html',
    +   'tw/articles/google-play-points-earn-free.html -> https://playpoint-sim.com/ko/articles/google-play-points-earn-free.html'
    + ]
    - []
    
  code: 'ERR_ASSERTION'
  name: 'AssertionError'
  expected:
  actual:
    0: 'en/articles/google-play-games-vs-play-points.html -> https://playpoint-sim.com/ko/articles/google-play-games-vs-play-points.html'
    1: 'en/articles/google-play-points-500-1000-cost.html -> https://playpoint-sim.com/ko/articles/google-play-points-500-1000-cost.html'
    2: 'en/articles/google-play-points-apps-books-purchases.html -> https://playpoint-sim.com/ko/articles/google-play-points-apps-books-purchases.html'
    3: 'en/articles/google-play-points-balance-history-progress.html -> https://playpoint-sim.com/ko/articles/google-play-points-balance-history-progress.html'
    4: 'en/articles/google-play-points-discounts-promo-codes.html -> https://playpoint-sim.com/ko/articles/google-play-points-discounts-promo-codes.html'
    5: 'en/articles/google-play-points-earn-free.html -> https://playpoint-sim.com/ko/articles/google-play-points-earn-free.html'
    6: 'ko/articles/index.html -> /ko/articles/google-play-points-balance-history-progress.html'
    7: 'ko/articles/index.html -> /ko/articles/google-play-points-apps-books-purchases.html'
    8: 'ko/articles/index.html -> /ko/articles/google-play-games-vs-play-points.html'
    9: 'ko/articles/index.html -> /ko/articles/google-play-points-earn-free.html'
    10: 'ko/articles/index.html -> /ko/articles/google-play-points-500-1000-cost.html'
    11: 'ko/articles/index.html -> /ko/articles/google-play-points-discounts-promo-codes.html'
    12: 'sitemap-intl-content-expansion.xml -> https://playpoint-sim.com/ko/articles/google-play-points-balance-history-progress.html'
    13: 'sitemap-intl-content-expansion.xml -> https://playpoint-sim.com/ko/articles/google-play-points-apps-books-purchases.html'
    14: 'sitemap-intl-content-expansion.xml -> https://playpoint-sim.com/ko/articles/google-play-games-vs-play-points.html'
    15: 'sitemap-intl-content-expansion.xml -> https://playpoint-sim.com/ko/articles/google-play-points-earn-free.html'
    16: 'sitemap-intl-content-expansion.xml -> https://playpoint-sim.com/ko/articles/google-play-points-500-1000-cost.html'
    17: 'sitemap-intl-content-expansion.xml -> https://playpoint-sim.com/ko/articles/google-play-points-discounts-promo-codes.html'
    18: 'tw/articles/google-play-games-vs-play-points.html -> https://playpoint-sim.com/ko/articles/google-play-games-vs-play-points.html'
    19: 'tw/articles/google-play-points-500-1000-cost.html -> https://playpoint-sim.com/ko/articles/google-play-points-500-1000-cost.html'
    20: 'tw/articles/google-play-points-apps-books-purchases.html -> https://playpoint-sim.com/ko/articles/google-play-points-apps-books-purchases.html'
    21: 'tw/articles/google-play-points-balance-history-progress.html -> https://playpoint-sim.com/ko/articles/google-play-points-balance-history-progress.html'
    22: 'tw/articles/google-play-points-discounts-promo-codes.html -> https://playpoint-sim.com/ko/articles/google-play-points-discounts-promo-codes.html'
    23: 'tw/articles/google-play-points-earn-free.html -> https://playpoint-sim.com/ko/articles/google-play-points-earn-free.html'
  operator: 'deepStrictEqual'
  stack: |-
    TestContext.<anonymous> (/home/runner/work/PlayPoint/PlayPoint/tests/repository-integrity-audit.test.cjs:213:10)
    Test.runInAsyncScope (node:async_hooks:214:14)
    Test.run (node:internal/test_runner/test:1047:25)
    Test.processPendingSubtests (node:internal/test_runner/test:744:18)
    Test.postRun (node:internal/test_runner/test:1173:19)
    Test.run (node:internal/test_runner/test:1101:12)
    async Test.processPendingSubtests (node:internal/test_runner/test:744:7)
  ...
# Subtest: 全公開HTMLのcanonicalは自己一致し重複しない
ok 162 - 全公開HTMLのcanonicalは自己一致し重複しない
  ---
  duration_ms: 2.165428
  type: 'test'
  ...
# Subtest: 公開コードは旧パス・開発URL・旧ホストを参照しない
ok 163 - 公開コードは旧パス・開発URL・旧ホストを参照しない
  ---
  duration_ms: 16.583695
  type: 'test'
  ...
# Subtest: 公開画像の実形式とHTTP配信形式を一致させる
ok 164 - 公開画像の実形式とHTTP配信形式を一致させる
  ---
  duration_ms: 17.568521
  type: 'test'
  ...
# Subtest: 未参照アセットと内容が完全重複する公開ファイルを残さない
ok 165 - 未参照アセットと内容が完全重複する公開ファイルを残さない
  ---
  duration_ms: 38.097063
  type: 'test'
  ...
# Subtest: READMEとPWAメタデータは現行機能を説明する
ok 166 - READMEとPWAメタデータは現行機能を説明する
  ---
  duration_ms: 0.377604
  type: 'test'
  ...
# Subtest: 送信するXMLサイトマップ間でURLを重複させない
ok 167 - 送信するXMLサイトマップ間でURLを重複させない
  ---
  duration_ms: 4.076111
  type: 'test'
  ...
# Subtest: ルートサイトマップはPlay Pointsの公開導線だけを扱う
ok 168 - ルートサイトマップはPlay Pointsの公開導線だけを扱う
  ---
  duration_ms: 0.694084
  type: 'test'
  ...
# Subtest: 専用XMLサイトマップへ移したURLをルートへ重ねない
ok 169 - 専用XMLサイトマップへ移したURLをルートへ重ねない
  ---
  duration_ms: 1.140066
  type: 'test'
  ...
# Subtest: Play Pointsブログとフィードに家計記事を混在させない
ok 170 - Play Pointsブログとフィードに家計記事を混在させない
  ---
  duration_ms: 1.160484
  type: 'test'
  ...
# Subtest: 人向けサイトマップはPlay Pointsの案内に集中する
ok 171 - 人向けサイトマップはPlay Pointsの案内に集中する
  ---
  duration_ms: 1.630059
  type: 'test'
  ...
# Subtest: 韓国語トップは為替計算をうたわず実際の入力条件を説明する
ok 172 - 韓国語トップは為替計算をうたわず実際の入力条件を説明する
  ---
  duration_ms: 0.345004
  type: 'test'
  ...
# Subtest: Q&Aは現在のランク判定と計算機の責任範囲を明示する
ok 173 - Q&Aは現在のランク判定と計算機の責任範囲を明示する
  ---
  duration_ms: 0.39664
  type: 'test'
  ...
1..173
# tests 173
# suites 0
# pass 172
# fail 1
# cancelled 0
# skipped 0
# todo 0
# duration_ms 1168.425365

事前検証で失敗した工程:
- 生成物の再現性検証
- 全回帰テスト
- 圧縮後の全回帰テスト
