
=== JavaScript構文検証 ===
JS syntax check passed (63 files).

=== 生成物の再現性検証 ===
Synchronized dates, asset versions, and calculator layout (v=20260807_1038a) in index.html
[build-html] synchronized editorial structure: 9
Generated /home/runner/work/PlayPoint/PlayPoint/en/index.html successfully.
Generated /home/runner/work/PlayPoint/PlayPoint/ko/index.html successfully.
Generated /home/runner/work/PlayPoint/PlayPoint/tw/index.html successfully.
Successfully synchronized sw.js cache. CACHE_NAME=playpoint-calc-v20260807_1038-f6d36ac1
Successfully synchronized consent.js version in third-party.js to v=55813d3bcb
Generated international SEO pages (57 files).
[manual-intl] restored canonical article content: 40
[intl-content-expansion] published 39 locale articles
Successfully synchronized asset versions and dates in about-playpoints.html
Successfully synchronized asset versions and dates in info.html
Successfully synchronized asset versions and dates in changelog.html
Successfully synchronized asset versions and dates in attention.html
Successfully synchronized asset versions and dates in privacy.html
Successfully synchronized asset versions and dates in terms.html
Successfully synchronized asset versions and dates in sitemap.html
Successfully synchronized asset versions and dates in embed.html
Successfully synchronized asset versions and dates in latest/index.html
Successfully synchronized asset versions and dates in status/diamond/index.html
Successfully synchronized asset versions and dates in status/platinum/index.html
Successfully synchronized asset versions and dates in status/gold/index.html
Successfully synchronized asset versions and dates in status/silver/index.html
Successfully synchronized asset versions and dates in maintenance/platinum/index.html
Successfully synchronized asset versions and dates in maintenance/diamond/index.html
Successfully synchronized asset versions and dates in campaign/2x/index.html
Successfully synchronized asset versions and dates in campaign/3x/index.html
Successfully synchronized asset versions and dates in campaign/wait/index.html
Successfully synchronized asset versions and dates in amount/10000/index.html
Successfully synchronized asset versions and dates in compare/earning-rates/index.html
Successfully synchronized asset versions and dates in en/articles/2026-06-20-discount-gift-cards.html
Successfully synchronized asset versions and dates in ko/articles/2026-06-20-discount-gift-cards.html
Successfully synchronized asset versions and dates in tw/articles/2026-06-20-discount-gift-cards.html
[public-assets] synchronized content hashes: 153 files
Updated sitemap.xml and blog/sitemap.xml with current article dates (35 articles).
Generated blog feeds (35 articles).
[blog-index] synchronized static article titles: 0
[blog-data] synchronized articles.json: v=c902bc6f8b, files=2
Successfully synchronized sw.js cache. CACHE_NAME=playpoint-calc-v20260807_1038-306a96cd
Successfully synchronized consent.js version in third-party.js to v=55813d3bcb
[public-assets] synchronized content hashes: 36 files
[build-html] stripped external Google Fonts: 0
[build-html] sanitized internal attribution links: 0
diff --git a/amount/10000/index.html b/amount/10000/index.html
index 6f60679..14e4fcd 100644
--- a/amount/10000/index.html
+++ b/amount/10000/index.html
@@ -181,7 +181,7 @@
         <p class="lp-author-note">このページは、Playポイント計算機の運営者が、計算前の検索意図に合わせて必要条件を整理したものです。更新方針や検証方針は<a href="/author/katakata.html">運営者プロフィール</a>にまとめています。</p>
     </section>
 </main>
-<script src="/js/intent-tracking.js?v=5cdd51c178"></script>
+<script src="/js/intent-tracking.js?v=8b087d8fdc"></script>
 <script src="/js/third-party.js?v=30f1e46c0b"></script>
 </body>
 </html>
diff --git a/articles/2025-12-25-best-use.html b/articles/2025-12-25-best-use.html
index 32cc918..2eddae9 100644
--- a/articles/2025-12-25-best-use.html
+++ b/articles/2025-12-25-best-use.html
@@ -159,8 +159,8 @@
     <!-- 構造化データ -->
 
     <!-- AdSense Auto Ads -->
-    <script src="../blog/article.js?v=905d06a119"></script>
-    <script src="../blog/components.js?v=784e955c93"></script>
+    <script src="../blog/article.js?v=c90ef016d3"></script>
+    <script src="../blog/components.js?v=97bac74fe0"></script>
 
     <script type="application/ld+json">
 {
diff --git a/articles/2025-12-25-campaign.html b/articles/2025-12-25-campaign.html
index e20be13..94be4fb 100644
--- a/articles/2025-12-25-campaign.html
+++ b/articles/2025-12-25-campaign.html
@@ -247,8 +247,8 @@
     }
     </script>
 
-    <script src="../blog/article.js?v=905d06a119"></script>
-    <script src="../blog/components.js?v=784e955c93"></script>
+    <script src="../blog/article.js?v=c90ef016d3"></script>
+    <script src="../blog/components.js?v=97bac74fe0"></script>
 </body>
 
 </html>
diff --git a/articles/2025-12-25-check-balance.html b/articles/2025-12-25-check-balance.html
index 03fb150..59ce587 100644
--- a/articles/2025-12-25-check-balance.html
+++ b/articles/2025-12-25-check-balance.html
@@ -160,7 +160,7 @@
   <nav id="article-nav" class="article-nav"></nav>
   <footer class="article-footer"><p><a href="../blog/">記事一覧へ戻る</a> ｜ <a href="../">計算機トップへ</a></p></footer>
 </main>
-<script src="../blog/article.js?v=905d06a119"></script>
-<script src="../blog/components.js?v=784e955c93"></script>
+<script src="../blog/article.js?v=c90ef016d3"></script>
+<script src="../blog/components.js?v=97bac74fe0"></script>
 </body>
 </html>
diff --git a/articles/2025-12-25-diamond-vip.html b/articles/2025-12-25-diamond-vip.html
index 8d8777e..7ea0f9e 100644
--- a/articles/2025-12-25-diamond-vip.html
+++ b/articles/2025-12-25-diamond-vip.html
@@ -38,7 +38,7 @@
   <aside class="author-box" aria-label="この記事の著者"><p class="author-box-label">この記事を書いた人</p><p class="author-box-name"><a href="../author/katakata.html" rel="author">かたかた</a> — Playポイント計算機 運営・編集</p><p>公式に確認できる固定条件と、企画・アカウントごとに変わる特典を分けて掲載しています。</p></aside>
   <nav id="article-nav" class="article-nav"></nav><footer class="article-footer"><p><a href="https://playpoint-sim.com/blog/">記事一覧へ戻る</a> ｜ <a href="https://playpoint-sim.com/">計算機トップへ</a></p><p class="small article-note-spacing">※最終的な特典内容は、利用するGoogle Playアカウントの表示を確認してください。</p></footer>
 </main>
-<script src="../blog/article.js?v=905d06a119"></script><script src="../blog/components.js?v=784e955c93"></script>
+<script src="../blog/article.js?v=c90ef016d3"></script><script src="../blog/components.js?v=97bac74fe0"></script>
 <script type="application/ld+json">{"@context":"https://schema.org","@type":"Article","mainEntityOfPage":{"@type":"WebPage","@id":"https://playpoint-sim.com/articles/2025-12-25-diamond-vip.html"},"headline":"Google Play Pointsのダイヤモンド特典｜固有・共通・アカウント限定を整理","description":"日本のGoogle Play Pointsダイヤモンド特典を、ダイヤ固有、プラチナとの共通、アカウントや企画で変わる特典に分け、向いている利用者を整理します。","inLanguage":"ja","datePublished":"2025-12-25","dateModified":"2026-08-05","image":"https://playpoint-sim.com/articles/ogp/diamond-vip.png","author":{"@type":"Person","name":"かたかた","url":"https://playpoint-sim.com/author/katakata.html"},"publisher":{"@type":"Organization","name":"Playポイント計算機","url":"https://playpoint-sim.com/","logo":{"@type":"ImageObject","url":"https://playpoint-sim.com/favicon.svg"}}}</script>
 <script type="application/ld+json">{"@context":"https://schema.org","@type":"FAQPage","mainEntity":[{"@type":"Question","name":"プレミアムサポートはダイヤ限定ですか？","acceptedAnswer":{"@type":"Answer","text":"いいえ。日本ではプラチナとダイヤモンドの両方に案内されています。"}},{"@type":"Question","name":"ダイヤなら週次リワードが必ず多いですか？","acceptedAnswer":{"@type":"Answer","text":"ランク別特典ですが、平均値や当選分布は公表されていません。自分の表示と履歴で確認します。"}},{"@type":"Question","name":"VIPイベントや限定グッズは常設ですか？","acceptedAnswer":{"@type":"Answer","text":"常設とは限りません。開催有無、対象ステータス、地域、期間は企画ごとの公式告知で確認します。"}}]}</script>
 </body></html>
\ No newline at end of file
diff --git a/articles/2025-12-25-diamond-worth-it.html b/articles/2025-12-25-diamond-worth-it.html
index 376c121..b14a3a9 100644
--- a/articles/2025-12-25-diamond-worth-it.html
+++ b/articles/2025-12-25-diamond-worth-it.html
@@ -234,8 +234,8 @@
 }
     </script>
 
-    <script src="../blog/article.js?v=905d06a119"></script>
-    <script src="../blog/components.js?v=784e955c93"></script>
+    <script src="../blog/article.js?v=c90ef016d3"></script>
+    <script src="../blog/components.js?v=97bac74fe0"></script>
 </body>
 
 </html>
diff --git a/articles/2025-12-25-expiration.html b/articles/2025-12-25-expiration.html
index 1b5945d..4bf5424 100644
--- a/articles/2025-12-25-expiration.html
+++ b/articles/2025-12-25-expiration.html
@@ -247,8 +247,8 @@
     }
     </script>
 
-    <script src="../blog/article.js?v=905d06a119"></script>
-    <script src="../blog/components.js?v=784e955c93"></script>
+    <script src="../blog/article.js?v=c90ef016d3"></script>
+    <script src="../blog/components.js?v=97bac74fe0"></script>
 </body>
 
 </html>
diff --git a/articles/2025-12-25-family-sharing.html b/articles/2025-12-25-family-sharing.html
index 4803d68..42c67a3 100644
--- a/articles/2025-12-25-family-sharing.html
+++ b/articles/2025-12-25-family-sharing.html
@@ -151,8 +151,8 @@
     <!-- 構造化データ -->
 
     <!-- AdSense Auto Ads -->
-    <script src="../blog/article.js?v=905d06a119"></script>
-    <script src="../blog/components.js?v=784e955c93"></script>
+    <script src="../blog/article.js?v=c90ef016d3"></script>
+    <script src="../blog/components.js?v=97bac74fe0"></script>
 
     <script type="application/ld+json">
 {
diff --git a/articles/2025-12-25-getting-started.html b/articles/2025-12-25-getting-started.html
index 453b4b4..6471b34 100644
--- a/articles/2025-12-25-getting-started.html
+++ b/articles/2025-12-25-getting-started.html
@@ -280,8 +280,8 @@
     }
     </script>
 
-    <script src="../blog/article.js?v=905d06a119"></script>
-    <script src="../blog/components.js?v=784e955c93"></script>
+    <script src="../blog/article.js?v=c90ef016d3"></script>
+    <script src="../blog/components.js?v=97bac74fe0"></script>
 </body>
 
 </html>
diff --git a/articles/2025-12-25-gift-card.html b/articles/2025-12-25-gift-card.html
index 326b49f..a2aa9a7 100644
--- a/articles/2025-12-25-gift-card.html
+++ b/articles/2025-12-25-gift-card.html
@@ -218,8 +218,8 @@
     }
     </script>
 
-    <script src="../blog/article.js?v=905d06a119"></script>
-    <script src="../blog/components.js?v=784e955c93"></script>
+    <script src="../blog/article.js?v=c90ef016d3"></script>
+    <script src="../blog/components.js?v=97bac74fe0"></script>
 </body>
 
 </html>
diff --git a/articles/2025-12-25-movies-books.html b/articles/2025-12-25-movies-books.html
index f8bcc82..d3be594 100644
--- a/articles/2025-12-25-movies-books.html
+++ b/articles/2025-12-25-movies-books.html
@@ -208,7 +208,7 @@
   ]
 }
 </script>
-<script src="../blog/article.js?v=905d06a119"></script>
-<script src="../blog/components.js?v=784e955c93"></script>
+<script src="../blog/article.js?v=c90ef016d3"></script>
+<script src="../blog/components.js?v=97bac74fe0"></script>
 </body>
 </html>
diff --git a/articles/2025-12-25-multiple-accounts.html b/articles/2025-12-25-multiple-accounts.html
index c9060ee..0c5c923 100644
--- a/articles/2025-12-25-multiple-accounts.html
+++ b/articles/2025-12-25-multiple-accounts.html
@@ -215,8 +215,8 @@
     }
     </script>
 
-    <script src="../blog/article.js?v=905d06a119"></script>
-    <script src="../blog/components.js?v=784e955c93"></script>
+    <script src="../blog/article.js?v=c90ef016d3"></script>
+    <script src="../blog/components.js?v=97bac74fe0"></script>
 </body>
 
 </html>
diff --git a/articles/2025-12-25-new-year-campaign.html b/articles/2025-12-25-new-year-campaign.html
index 6adcd88..4b54a1a 100644
--- a/articles/2025-12-25-new-year-campaign.html
+++ b/articles/2025-12-25-new-year-campaign.html
@@ -36,7 +36,7 @@
   <aside class="author-box" aria-label="この記事の著者"><p class="author-box-label">この記事を書いた人</p><p class="author-box-name"><a href="../author/katakata.html" rel="author">かたかた</a> — Playポイント計算機 運営・編集</p><p>変動するキャンペーンを固定予測ではなく、購入時に繰り返し使える確認手順として掲載しています。</p></aside>
   <nav id="article-nav" class="article-nav"></nav><footer class="article-footer"><p><a href="https://playpoint-sim.com/blog/">記事一覧へ戻る</a> ｜ <a href="https://playpoint-sim.com/">計算機トップへ</a></p><p class="small article-note-spacing">※現在の開催状況・対象条件・獲得率は、購入するアカウントのGoogle Play画面を最終基準にしてください。</p></footer>
 </main>
-<script src="../blog/article.js?v=905d06a119"></script><script src="../blog/components.js?v=784e955c93"></script>
+<script src="../blog/article.js?v=c90ef016d3"></script><script src="../blog/components.js?v=97bac74fe0"></script>
 <script type="application/ld+json">{"@context":"https://schema.org","@type":"Article","mainEntityOfPage":{"@type":"WebPage","@id":"https://playpoint-sim.com/articles/2025-12-25-new-year-campaign.html"},"headline":"Google Play Pointsの年末年始キャンペーン｜予定購入・期限・倍率の確認方法","description":"Google Play Pointsの年末年始キャンペーンを毎年同じ日程と決めつけず、予定購入、購入期限、表示中の倍率、対象条件から待つか購入するかを判断します。","inLanguage":"ja","datePublished":"2025-12-25","dateModified":"2026-08-05","image":"https://playpoint-sim.com/articles/ogp/new-year-campaign.png","author":{"@type":"Person","name":"かたかた","url":"https://playpoint-sim.com/author/katakata.html"},"publisher":{"@type":"Organization","name":"Playポイント計算機","url":"https://playpoint-sim.com/","logo":{"@type":"ImageObject","url":"https://playpoint-sim.com/favicon.svg"}}}</script>
 <script type="application/ld+json">{"@context":"https://schema.org","@type":"FAQPage","mainEntity":[{"@type":"Question","name":"年末年始キャンペーンは毎年同じ日に始まりますか？","acceptedAnswer":{"@type":"Answer","text":"同じとは限りません。購入するアカウントのPlay Points「貯める」に表示された期間を確認します。"}},{"@type":"Question","name":"複数の倍率は合算されますか？","acceptedAnswer":{"@type":"Answer","text":"合算されません。同じ購入では利用できる中で最も高い獲得率が適用されます。"}},{"@type":"Question","name":"倍率が出るまで必ず待つべきですか？","acceptedAnswer":{"@type":"Answer","text":"予定購入の期限、商品価格、ランク反映日と実際に増えるポイントを比較して決めます。"}}]}</script>
 </body></html>
\ No newline at end of file
diff --git a/articles/2025-12-25-play-games.html b/articles/2025-12-25-play-games.html
index e92fc7a..078e3bf 100644
--- a/articles/2025-12-25-play-games.html
+++ b/articles/2025-12-25-play-games.html
@@ -214,7 +214,7 @@
   ]
 }
 </script>
-<script src="../blog/article.js?v=905d06a119"></script>
-<script src="../blog/components.js?v=784e955c93"></script>
+<script src="../blog/article.js?v=c90ef016d3"></script>
+<script src="../blog/components.js?v=97bac74fe0"></script>
 </body>
 </html>
diff --git a/articles/2025-12-25-playpoints-rank-maintenance.html b/articles/2025-12-25-playpoints-rank-maintenance.html
index 9c14d4a..3941dff 100644
--- a/articles/2025-12-25-playpoints-rank-maintenance.html
+++ b/articles/2025-12-25-playpoints-rank-maintenance.html
@@ -231,8 +231,8 @@
   }
   </script>
 
-    <script src="../blog/article.js?v=905d06a119"></script>
-    <script src="../blog/components.js?v=784e955c93"></script>
+    <script src="../blog/article.js?v=c90ef016d3"></script>
+    <script src="../blog/components.js?v=97bac74fe0"></script>
 </body>
 
 </html>
diff --git a/articles/2025-12-25-promo-code.html b/articles/2025-12-25-promo-code.html
index c0cbc9c..911ec55 100644
--- a/articles/2025-12-25-promo-code.html
+++ b/articles/2025-12-25-promo-code.html
@@ -204,8 +204,8 @@
     }
     </script>
 
-    <script src="../blog/article.js?v=905d06a119"></script>
-    <script src="../blog/components.js?v=784e955c93"></script>
+    <script src="../blog/article.js?v=c90ef016d3"></script>
+    <script src="../blog/components.js?v=97bac74fe0"></script>
 </body>
 
 </html>
diff --git a/articles/2025-12-25-refund.html b/articles/2025-12-25-refund.html
index 2d7d47b..00e4afd 100644
--- a/articles/2025-12-25-refund.html
+++ b/articles/2025-12-25-refund.html
@@ -238,8 +238,8 @@
     }
     </script>
 
-    <script src="../blog/article.js?v=905d06a119"></script>
-    <script src="../blog/components.js?v=784e955c93"></script>
+    <script src="../blog/article.js?v=c90ef016d3"></script>
+    <script src="../blog/components.js?v=97bac74fe0"></script>
 </body>
 
 </html>
diff --git a/articles/2025-12-25-subscription.html b/articles/2025-12-25-subscription.html
index e8390ee..bfc086d 100644
--- a/articles/2025-12-25-subscription.html
+++ b/articles/2025-12-25-subscription.html
@@ -234,7 +234,7 @@
   ]
 }
 </script>
-<script src="../blog/article.js?v=905d06a119"></script>
-<script src="../blog/components.js?v=784e955c93"></script>
+<script src="../blog/article.js?v=c90ef016d3"></script>
+<script src="../blog/components.js?v=97bac74fe0"></script>
 </body>
 </html>
diff --git a/articles/2025-12-25-weekly-reward.html b/articles/2025-12-25-weekly-reward.html
index 06f7842..9d43ef1 100644
--- a/articles/2025-12-25-weekly-reward.html
+++ b/articles/2025-12-25-weekly-reward.html
@@ -256,7 +256,7 @@
     <p><a href="../blog/">記事一覧へ戻る</a> ｜ <a href="../">計算機トップへ</a></p>
   </footer>
 </main>
-<script src="../blog/article.js?v=905d06a119"></script>
-<script src="../blog/components.js?v=784e955c93"></script>
+<script src="../blog/article.js?v=c90ef016d3"></script>
+<script src="../blog/components.js?v=97bac74fe0"></script>
 </body>
 </html>
diff --git a/articles/2026-03-10-play-points-reflection-timing.html b/articles/2026-03-10-play-points-reflection-timing.html
index c4f87cf..4d6d8a9 100644
--- a/articles/2026-03-10-play-points-reflection-timing.html
+++ b/articles/2026-03-10-play-points-reflection-timing.html
@@ -199,7 +199,7 @@
       }
     }
     </script>
-    <script src="../blog/article.js?v=905d06a119"></script>
-    <script src="../blog/components.js?v=784e955c93"></script>
+    <script src="../blog/article.js?v=c90ef016d3"></script>
+    <script src="../blog/components.js?v=97bac74fe0"></script>
 </body>
 </html>
diff --git a/articles/2026-06-20-discount-gift-cards.html b/articles/2026-06-20-discount-gift-cards.html
index c318d98..a32d130 100644
--- a/articles/2026-06-20-discount-gift-cards.html
+++ b/articles/2026-06-20-discount-gift-cards.html
@@ -173,7 +173,7 @@
   ]
 }
 </script>
-<script src="../blog/article.js?v=905d06a119"></script>
-<script src="../blog/components.js?v=784e955c93"></script>
+<script src="../blog/article.js?v=c90ef016d3"></script>
+<script src="../blog/components.js?v=97bac74fe0"></script>
 </body>
 </html>
\ No newline at end of file
diff --git a/articles/2026-07-24-earn-play-points-free.html b/articles/2026-07-24-earn-play-points-free.html
index f8086e3..065fbbd 100644
--- a/articles/2026-07-24-earn-play-points-free.html
+++ b/articles/2026-07-24-earn-play-points-free.html
@@ -201,7 +201,7 @@
   ]
 }
 </script>
-<script src="../blog/article.js?v=905d06a119"></script>
-<script src="../blog/components.js?v=784e955c93"></script>
+<script src="../blog/article.js?v=c90ef016d3"></script>
+<script src="../blog/components.js?v=97bac74fe0"></script>
 </body>
 </html>
\ No newline at end of file
diff --git a/articles/2026-07-24-play-points-1-value.html b/articles/2026-07-24-play-points-1-value.html
index c957930..c6e2993 100644
--- a/articles/2026-07-24-play-points-1-value.html
+++ b/articles/2026-07-24-play-points-1-value.html
@@ -231,7 +231,7 @@
   <footer class="article-footer"><p><a href="../blog/">記事一覧へ戻る</a> ｜ <a href="../">計算機トップへ</a></p><p class="small">本記事は購入を勧めるものではありません。実際の付与数はGoogle Playの表示をご確認ください。</p></footer>
 </main>
 <script src="../js/play-points-rounding.js?v=3f07a96fe2" defer></script>
-<script src="../blog/article.js?v=905d06a119"></script>
-<script src="../blog/components.js?v=784e955c93"></script>
+<script src="../blog/article.js?v=c90ef016d3"></script>
+<script src="../blog/components.js?v=97bac74fe0"></script>
 </body>
 </html>
diff --git a/articles/2026-07-24-play-points-100-value.html b/articles/2026-07-24-play-points-100-value.html
index f98175e..509346a 100644
--- a/articles/2026-07-24-play-points-100-value.html
+++ b/articles/2026-07-24-play-points-100-value.html
@@ -182,7 +182,7 @@
       }
     }
     </script>
-    <script src="../blog/article.js?v=905d06a119"></script>
-    <script src="../blog/components.js?v=784e955c93"></script>
+    <script src="../blog/article.js?v=c90ef016d3"></script>
+    <script src="../blog/components.js?v=97bac74fe0"></script>
 </body>
 </html>
diff --git a/articles/2026-07-24-play-points-500-1000-value.html b/articles/2026-07-24-play-points-500-1000-value.html
index 216c65f..f492882 100644
--- a/articles/2026-07-24-play-points-500-1000-value.html
+++ b/articles/2026-07-24-play-points-500-1000-value.html
@@ -42,4 +42,4 @@
       "url": "https://playpoint-sim.com/favicon.svg"
     }
   }
-}</script><script src="../blog/article.js?v=905d06a119"></script><script src="../blog/components.js?v=784e955c93"></script></body></html>
\ No newline at end of file
+}</script><script src="../blog/article.js?v=c90ef016d3"></script><script src="../blog/components.js?v=97bac74fe0"></script></body></html>
\ No newline at end of file
diff --git a/articles/2026-07-24-play-points-cash-conversion.html b/articles/2026-07-24-play-points-cash-conversion.html
index 77a3924..a856f7f 100644
--- a/articles/2026-07-24-play-points-cash-conversion.html
+++ b/articles/2026-07-24-play-points-cash-conversion.html
@@ -194,7 +194,7 @@
   <nav id="article-nav" class="article-nav"></nav>
   <footer class="article-footer"><p><a href="../blog/">記事一覧へ戻る</a> ｜ <a href="../">計算機トップへ</a></p></footer>
 </main>
-<script src="../blog/article.js?v=905d06a119"></script>
-<script src="../blog/components.js?v=784e955c93"></script>
+<script src="../blog/article.js?v=c90ef016d3"></script>
+<script src="../blog/components.js?v=97bac74fe0"></script>
 </body>
 </html>
diff --git a/articles/2026-07-25-play-credit-not-working.html b/articles/2026-07-25-play-credit-not-working.html
index 48dc01a..c0f33a0 100644
--- a/articles/2026-07-25-play-credit-not-working.html
+++ b/articles/2026-07-25-play-credit-not-working.html
@@ -124,9 +124,9 @@
     <p class="small">本記事は一般的な確認手順です。最新条件はGoogle Play公式ヘルプとアプリ画面を基準にしてください。</p>
   </footer>
 </main>
-<script src="../blog/article.js?v=905d06a119"></script>
-<script src="../blog/components.js?v=784e955c93"></script>
-<script src="/js/intent-tracking.js?v=5cdd51c178"></script>
+<script src="../blog/article.js?v=c90ef016d3"></script>
+<script src="../blog/components.js?v=97bac74fe0"></script>
+<script src="/js/intent-tracking.js?v=8b087d8fdc"></script>
 <script src="/js/third-party.js?v=30f1e46c0b"></script>
 </body>
 </html>
diff --git a/articles/2026-07-25-play-points-coupon-not-applied.html b/articles/2026-07-25-play-points-coupon-not-applied.html
index 2de5333..179d4cf 100644
--- a/articles/2026-07-25-play-points-coupon-not-applied.html
+++ b/articles/2026-07-25-play-points-coupon-not-applied.html
@@ -157,9 +157,9 @@
     <p class="small">本記事は一般的な確認手順です。最新条件はGoogle Play公式ヘルプとアプリ画面を基準にしてください。</p>
   </footer>
 </main>
-<script src="../blog/article.js?v=905d06a119"></script>
-<script src="../blog/components.js?v=784e955c93"></script>
-<script src="/js/intent-tracking.js?v=5cdd51c178"></script>
+<script src="../blog/article.js?v=c90ef016d3"></script>
+<script src="../blog/components.js?v=97bac74fe0"></script>
+<script src="/js/intent-tracking.js?v=8b087d8fdc"></script>
 <script src="/js/third-party.js?v=30f1e46c0b"></script>
 </body>
 </html>
diff --git a/articles/2026-07-31-google-play-quests.html b/articles/2026-07-31-google-play-quests.html
index 7557992..3371ae9 100644
--- a/articles/2026-07-31-google-play-quests.html
+++ b/articles/2026-07-31-google-play-quests.html
@@ -211,7 +211,7 @@
   ]
 }
 </script>
-<script src="../blog/article.js?v=905d06a119"></script>
-<script src="../blog/components.js?v=784e955c93"></script>
+<script src="../blog/article.js?v=c90ef016d3"></script>
+<script src="../blog/components.js?v=97bac74fe0"></script>
 </body>
 </html>
diff --git a/articles/2026-07-31-super-weekly-reward.html b/articles/2026-07-31-super-weekly-reward.html
index f24ed79..11cf1e4 100644
--- a/articles/2026-07-31-super-weekly-reward.html
+++ b/articles/2026-07-31-super-weekly-reward.html
@@ -204,7 +204,7 @@
   ]
 }
 </script>
-<script src="../blog/article.js?v=905d06a119"></script>
-<script src="../blog/components.js?v=784e955c93"></script>
+<script src="../blog/article.js?v=c90ef016d3"></script>
+<script src="../blog/components.js?v=97bac74fe0"></script>
 </body>
 </html>
\ No newline at end of file
diff --git a/articles/2026-08-03-play-points-device-change.html b/articles/2026-08-03-play-points-device-change.html
index c90b5bf..3ce133f 100644
--- a/articles/2026-08-03-play-points-device-change.html
+++ b/articles/2026-08-03-play-points-device-change.html
@@ -226,7 +226,7 @@
     <p><a href="../blog/">記事一覧へ戻る</a> ｜ <a href="../">計算機トップへ</a></p>
   </footer>
 </main>
-<script src="../blog/article.js?v=905d06a119"></script>
-<script src="../blog/components.js?v=784e955c93"></script>
+<script src="../blog/article.js?v=c90ef016d3"></script>
+<script src="../blog/components.js?v=97bac74fe0"></script>
 </body>
 </html>
\ No newline at end of file
diff --git a/articles/2026-08-05-fastest-silver.html b/articles/2026-08-05-fastest-silver.html
index 904ec8e..edc7983 100644
--- a/articles/2026-08-05-fastest-silver.html
+++ b/articles/2026-08-05-fastest-silver.html
@@ -249,7 +249,7 @@
     <p><a href="../blog/">記事一覧へ戻る</a> ｜ <a href="../">計算機トップへ</a></p>
   </footer>
 </main>
-<script src="../blog/article.js?v=905d06a119"></script>
-<script src="../blog/components.js?v=784e955c93"></script>
+<script src="../blog/article.js?v=c90ef016d3"></script>
+<script src="../blog/components.js?v=97bac74fe0"></script>
 </body>
 </html>
diff --git a/articles/2026-08-05-play-country-change-points.html b/articles/2026-08-05-play-country-change-points.html
index 6e6e44e..494346c 100644
--- a/articles/2026-08-05-play-country-change-points.html
+++ b/articles/2026-08-05-play-country-change-points.html
@@ -225,7 +225,7 @@
     <p><a href="../blog/">記事一覧へ戻る</a> ｜ <a href="../">計算機トップへ</a></p>
   </footer>
 </main>
-<script src="../blog/article.js?v=905d06a119"></script>
-<script src="../blog/components.js?v=784e955c93"></script>
+<script src="../blog/article.js?v=c90ef016d3"></script>
+<script src="../blog/components.js?v=97bac74fe0"></script>
 </body>
 </html>
diff --git a/articles/2026-08-05-play-points-cannot-join.html b/articles/2026-08-05-play-points-cannot-join.html
index a211547..09fdf8a 100644
--- a/articles/2026-08-05-play-points-cannot-join.html
+++ b/articles/2026-08-05-play-points-cannot-join.html
@@ -226,7 +226,7 @@
     <p><a href="../blog/">記事一覧へ戻る</a> ｜ <a href="../">計算機トップへ</a></p>
   </footer>
 </main>
-<script src="../blog/article.js?v=905d06a119"></script>
-<script src="../blog/components.js?v=784e955c93"></script>
+<script src="../blog/article.js?v=c90ef016d3"></script>
+<script src="../blog/components.js?v=97bac74fe0"></script>
 </body>
 </html>
diff --git a/articles/2026-08-05-play-points-levels-guide.html b/articles/2026-08-05-play-points-levels-guide.html
index 84e3885..d5f0cf3 100644
--- a/articles/2026-08-05-play-points-levels-guide.html
+++ b/articles/2026-08-05-play-points-levels-guide.html
@@ -236,7 +236,7 @@
     <p><a href="../blog/">記事一覧へ戻る</a> ｜ <a href="../">計算機トップへ</a></p>
   </footer>
 </main>
-<script src="../blog/article.js?v=905d06a119"></script>
-<script src="../blog/components.js?v=784e955c93"></script>
+<script src="../blog/article.js?v=c90ef016d3"></script>
+<script src="../blog/components.js?v=97bac74fe0"></script>
 </body>
 </html>
diff --git a/articles/2026-08-05-play-points-multiplier-stacking.html b/articles/2026-08-05-play-points-multiplier-stacking.html
index e116d84..d8ffa4d 100644
--- a/articles/2026-08-05-play-points-multiplier-stacking.html
+++ b/articles/2026-08-05-play-points-multiplier-stacking.html
@@ -239,7 +239,7 @@
     <p><a href="../blog/">記事一覧へ戻る</a> ｜ <a href="../">計算機トップへ</a></p>
   </footer>
 </main>
-<script src="../blog/article.js?v=905d06a119"></script>
-<script src="../blog/components.js?v=784e955c93"></script>
+<script src="../blog/article.js?v=c90ef016d3"></script>
+<script src="../blog/components.js?v=97bac74fe0"></script>
 </body>
 </html>
diff --git a/blog/index.html b/blog/index.html
index fa24d46..4f08fb5 100644
--- a/blog/index.html
+++ b/blog/index.html
@@ -22,7 +22,7 @@
     <!-- Favicon -->
     <link rel="icon" href="../favicon.svg">
 <link rel="stylesheet" href="style.css?v=73cb119703">
-    <link rel="stylesheet" href="index-compact.css?v=eeba6c5cab">
+    <link rel="stylesheet" href="index.css?v=9faa227a7e">
     <!-- Inherit generic styles if needed or use isolated blog styles -->
 
     <!-- JSON-LD Structured Data -->
@@ -72,7 +72,7 @@
     </script>
 </head>
 
-<body class="blog-index-compact">
+<body class="blog-index">
 
     <!-- Header -->
     <header class="blog-header glass-panel">
@@ -264,8 +264,8 @@
     </footer>
 
     <script src="utils.js?v=f103b00987"></script>
-    <script src="components.js?v=784e955c93"></script>
-    <script src="script.js?v=8022af841c"></script>
+    <script src="components.js?v=97bac74fe0"></script>
+    <script src="script.js?v=af0bd1d68a"></script>
 </body>
 
 </html>
diff --git a/campaign/2x/index.html b/campaign/2x/index.html
index 1a3f202..d348583 100644
--- a/campaign/2x/index.html
+++ b/campaign/2x/index.html
@@ -182,7 +182,7 @@
         <p class="lp-author-note">このページは、Playポイント計算機の運営者が、計算前の検索意図に合わせて必要条件を整理したものです。更新方針や検証方針は<a href="/author/katakata.html">運営者プロフィール</a>にまとめています。</p>
     </section>
 </main>
-<script src="/js/intent-tracking.js?v=5cdd51c178"></script>
+<script src="/js/intent-tracking.js?v=8b087d8fdc"></script>
 <script src="/js/third-party.js?v=30f1e46c0b"></script>
 </body>
 </html>
diff --git a/campaign/3x/index.html b/campaign/3x/index.html
index ad52f8e..fdecdfa 100644
--- a/campaign/3x/index.html
+++ b/campaign/3x/index.html
@@ -182,7 +182,7 @@
         <p class="lp-author-note">このページは、Playポイント計算機の運営者が、計算前の検索意図に合わせて必要条件を整理したものです。更新方針や検証方針は<a href="/author/katakata.html">運営者プロフィール</a>にまとめています。</p>
     </section>
 </main>
-<script src="/js/intent-tracking.js?v=5cdd51c178"></script>
+<script src="/js/intent-tracking.js?v=8b087d8fdc"></script>
 <script src="/js/third-party.js?v=30f1e46c0b"></script>
 </body>
 </html>
diff --git a/campaign/wait/index.html b/campaign/wait/index.html
index 314463d..4b4d6c0 100644
--- a/campaign/wait/index.html
+++ b/campaign/wait/index.html
@@ -152,7 +152,7 @@
         <p class="lp-author-note">このページは、Playポイント計算機の運営者が、計算前の検索意図に合わせて必要条件を整理したものです。更新方針や検証方針は<a href="/author/katakata.html">運営者プロフィール</a>にまとめています。</p>
     </section>
 </main>
-<script src="/js/intent-tracking.js?v=5cdd51c178"></script>
+<script src="/js/intent-tracking.js?v=8b087d8fdc"></script>
 <script src="/js/third-party.js?v=30f1e46c0b"></script>
 </body>
 </html>
diff --git a/compare/earning-rates/index.html b/compare/earning-rates/index.html
index 415d8ec..cedb6b1 100644
--- a/compare/earning-rates/index.html
+++ b/compare/earning-rates/index.html
@@ -143,7 +143,7 @@
         </ul>
     </section>
 </main>
-<script src="/js/intent-tracking.js?v=5cdd51c178"></script>
+<script src="/js/intent-tracking.js?v=8b087d8fdc"></script>
 <script src="/js/third-party.js?v=30f1e46c0b"></script>
 </body>
 </html>
diff --git a/en/amount/10000/index.html b/en/amount/10000/index.html
index 8431e5d..1170874 100644
--- a/en/amount/10000/index.html
+++ b/en/amount/10000/index.html
@@ -162,7 +162,7 @@
         <details><summary>Do gift cards earn points?</summary><p>The answer can depend on whether points are awarded on purchase or redemption, so check the local rule.</p></details>
     </section>
 </main>
-<script src="/js/intent-tracking.js?v=5cdd51c178"></script>
+<script src="/js/intent-tracking.js?v=8b087d8fdc"></script>
 <script src="/js/third-party.js?v=30f1e46c0b"></script>
 </body>
 </html>
diff --git a/en/articles/google-play-balance-combine-payment.html b/en/articles/google-play-balance-combine-payment.html
index 6bf8d76..daff61c 100644
--- a/en/articles/google-play-balance-combine-payment.html
+++ b/en/articles/google-play-balance-combine-payment.html
@@ -90,7 +90,7 @@
   <aside class="author-box"><p class="author-box-label">Written by</p><p class="author-box-name"><a href="/author/katakata.html" rel="author">Katakata</a> — editor of Google Play Points Calculator</p><p>Official rules and account-specific checks are kept separate so estimates are not presented as guaranteed checkout results.</p></aside>
   <footer class="article-footer"><p><a href="/en/articles/">Back to all English guides</a> · <a href="/en/">Open the calculator</a></p></footer>
 </main>
-<script src="/js/intent-tracking.js?v=5cdd51c178"></script>
+<script src="/js/intent-tracking.js?v=8b087d8fdc"></script>
 <script src="/js/third-party.js?v=30f1e46c0b"></script>
 </body>
 </html>
diff --git a/en/articles/google-play-games-vs-play-points.html b/en/articles/google-play-games-vs-play-points.html
index 69c8fee..cb5c513 100644
--- a/en/articles/google-play-games-vs-play-points.html
+++ b/en/articles/google-play-games-vs-play-points.html
@@ -95,7 +95,7 @@
   <aside class="author-box"><p class="author-box-label">Written by</p><p class="author-box-name"><a href="/author/katakata.html" rel="author">Katakata</a> — Google Play Points Calculator</p><p>Country-specific earning units and benefits are checked separately instead of treating one market as a worldwide rule.</p></aside>
   <footer class="article-footer"><p><a href="/en/articles/">Back to all English guides</a> · <a href="/en/">Open the calculator</a></p></footer>
 </main>
-<script src="/js/intent-tracking.js?v=5cdd51c178"></script>
+<script src="/js/intent-tracking.js?v=8b087d8fdc"></script>
 <script src="/js/third-party.js?v=30f1e46c0b"></script>
 </body>
 </html>
diff --git a/en/articles/google-play-points-100-value.html b/en/articles/google-play-points-100-value.html
index 94d0f3f..c2682d0 100644
--- a/en/articles/google-play-points-100-value.html
+++ b/en/articles/google-play-points-100-value.html
@@ -51,6 +51,6 @@
     <nav id="article-nav" class="article-nav"></nav>
     <footer class="article-footer"><p><a href="/en/articles/">Back to guides</a> | <a href="/en/">Calculator top</a></p><p class="small article-note-spacing">US example only. Confirm local figures in your own account.</p></footer>
 </main>
-<script src="/js/intent-tracking.js?v=5cdd51c178"></script><script src="/js/third-party.js?v=30f1e46c0b"></script>
+<script src="/js/intent-tracking.js?v=8b087d8fdc"></script><script src="/js/third-party.js?v=30f1e46c0b"></script>
 </body>
 </html>
diff --git a/en/articles/google-play-points-500-1000-cost.html b/en/articles/google-play-points-500-1000-cost.html
index 3e0ad5b..b8a450a 100644
--- a/en/articles/google-play-points-500-1000-cost.html
+++ b/en/articles/google-play-points-500-1000-cost.html
@@ -106,7 +106,7 @@
   <aside class="author-box"><p class="author-box-label">Written by</p><p class="author-box-name"><a href="/author/katakata.html" rel="author">Katakata</a> — Google Play Points Calculator</p><p>Country-specific earning units and benefits are checked separately instead of treating one market as a worldwide rule.</p></aside>
   <footer class="article-footer"><p><a href="/en/articles/">Back to all English guides</a> · <a href="/en/">Open the calculator</a></p></footer>
 </main>
-<script src="/js/intent-tracking.js?v=5cdd51c178"></script>
+<script src="/js/intent-tracking.js?v=8b087d8fdc"></script>
 <script src="/js/third-party.js?v=30f1e46c0b"></script>
 </body>
 </html>
diff --git a/en/articles/google-play-points-apps-books-purchases.html b/en/articles/google-play-points-apps-books-purchases.html
index 9438155..937386e 100644
--- a/en/articles/google-play-points-apps-books-purchases.html
+++ b/en/articles/google-play-points-apps-books-purchases.html
@@ -95,7 +95,7 @@
   <aside class="author-box"><p class="author-box-label">Written by</p><p class="author-box-name"><a href="/author/katakata.html" rel="author">Katakata</a> — Google Play Points Calculator</p><p>Country-specific earning units and benefits are checked separately instead of treating one market as a worldwide rule.</p></aside>
   <footer class="article-footer"><p><a href="/en/articles/">Back to all English guides</a> · <a href="/en/">Open the calculator</a></p></footer>
 </main>
-<script src="/js/intent-tracking.js?v=5cdd51c178"></script>
+<script src="/js/intent-tracking.js?v=8b087d8fdc"></script>
 <script src="/js/third-party.js?v=30f1e46c0b"></script>
 </body>
 </html>
diff --git a/en/articles/google-play-points-balance-history-progress.html b/en/articles/google-play-points-balance-history-progress.html
index 50ce493..ba3c58d 100644
--- a/en/articles/google-play-points-balance-history-progress.html
+++ b/en/articles/google-play-points-balance-history-progress.html
@@ -105,7 +105,7 @@
   <aside class="author-box"><p class="author-box-label">Written by</p><p class="author-box-name"><a href="/author/katakata.html" rel="author">Katakata</a> — Google Play Points Calculator</p><p>Country-specific earning units and benefits are checked separately instead of treating one market as a worldwide rule.</p></aside>
   <footer class="article-footer"><p><a href="/en/articles/">Back to all English guides</a> · <a href="/en/">Open the calculator</a></p></footer>
 </main>
-<script src="/js/intent-tracking.js?v=5cdd51c178"></script>
+<script src="/js/intent-tracking.js?v=8b087d8fdc"></script>
 <script src="/js/third-party.js?v=30f1e46c0b"></script>
 </body>
 </html>
diff --git a/en/articles/google-play-points-cash-conversion.html b/en/articles/google-play-points-cash-conversion.html
index e5c4d7f..cb6a15d 100644
--- a/en/articles/google-play-points-cash-conversion.html
+++ b/en/articles/google-play-points-cash-conversion.html
@@ -46,6 +46,6 @@
   <nav id="article-nav" class="article-nav"></nav>
   <footer class="article-footer"><p><a href="/en/articles/">Back to guides</a> | <a href="/en/">Calculator top</a></p><p class="small">General guidance only. Use the current Google Play screen for the final decision.</p></footer>
 </main>
-<script src="/js/intent-tracking.js?v=5cdd51c178"></script><script src="/js/third-party.js?v=30f1e46c0b"></script>
+<script src="/js/intent-tracking.js?v=8b087d8fdc"></script><script src="/js/third-party.js?v=30f1e46c0b"></script>
 </body>
 </html>
diff --git a/en/articles/google-play-points-country-change.html b/en/articles/google-play-points-country-change.html
index 5a19d0e..a4fca0d 100644
--- a/en/articles/google-play-points-country-change.html
+++ b/en/articles/google-play-points-country-change.html
@@ -107,7 +107,7 @@
     </aside>
     <footer class="article-footer"><p><a href="/en/articles/">Back to guides</a> | <a href="/en/">Calculator top</a></p></footer>
 </main>
-<script src="/js/intent-tracking.js?v=5cdd51c178"></script>
+<script src="/js/intent-tracking.js?v=8b087d8fdc"></script>
 <script src="/js/third-party.js?v=30f1e46c0b"></script>
 </body>
 </html>
diff --git a/en/articles/google-play-points-country-differences.html b/en/articles/google-play-points-country-differences.html
index c21c2d6..4b3c8ea 100644
--- a/en/articles/google-play-points-country-differences.html
+++ b/en/articles/google-play-points-country-differences.html
@@ -25,4 +25,4 @@
   </article>
   <aside class="author-box"><p class="author-box-label">Article author</p><p class="author-box-name"><a href="/author/katakata.html" rel="author">Katakata</a> — Google Play Points Calculator</p><p>This hub keeps the regional comparison short and routes detailed questions to the matching local guide.</p></aside>
   <footer class="article-footer"><p><a href="/en/articles/">Back to guides</a> | <a href="/en/">Calculator</a></p></footer>
-</main><script src="/js/intent-tracking.js?v=5cdd51c178"></script><script src="/js/third-party.js?v=30f1e46c0b"></script></body></html>
\ No newline at end of file
+</main><script src="/js/intent-tracking.js?v=8b087d8fdc"></script><script src="/js/third-party.js?v=30f1e46c0b"></script></body></html>
\ No newline at end of file
diff --git a/en/articles/google-play-points-coupon-not-applied.html b/en/articles/google-play-points-coupon-not-applied.html
index 6f5e1be..9140172 100644
--- a/en/articles/google-play-points-coupon-not-applied.html
+++ b/en/articles/google-play-points-coupon-not-applied.html
@@ -102,7 +102,7 @@
     <p class="small">General guidance only. Confirm current rules in Google Play Help and on your own account.</p>
   </footer>
 </main>
-<script src="/js/intent-tracking.js?v=5cdd51c178"></script>
+<script src="/js/intent-tracking.js?v=8b087d8fdc"></script>
 <script src="/js/third-party.js?v=30f1e46c0b"></script>
 </body>
 </html>
diff --git a/en/articles/google-play-points-device-change.html b/en/articles/google-play-points-device-change.html
index 9c32b88..f693e3a 100644
--- a/en/articles/google-play-points-device-change.html
+++ b/en/articles/google-play-points-device-change.html
@@ -89,7 +89,7 @@
   <aside class="author-box"><p class="author-box-label">Written by</p><p class="author-box-name"><a href="/author/katakata.html" rel="author">Katakata</a> — editor of Google Play Points Calculator</p><p>Checks are ordered from reversible account confirmation to higher-impact country settings.</p></aside>
   <footer class="article-footer"><p><a href="/en/articles/">Back to all English guides</a> · <a href="/en/">Open the calculator</a></p></footer>
 </main>
-<script src="/js/intent-tracking.js?v=5cdd51c178"></script>
+<script src="/js/intent-tracking.js?v=8b087d8fdc"></script>
 <script src="/js/third-party.js?v=30f1e46c0b"></script>
 </body>
 </html>
diff --git a/en/articles/google-play-points-discounts-promo-codes.html b/en/articles/google-play-points-discounts-promo-codes.html
index faa23bc..33c7e9a 100644
--- a/en/articles/google-play-points-discounts-promo-codes.html
+++ b/en/articles/google-play-points-discounts-promo-codes.html
@@ -101,7 +101,7 @@
   <aside class="author-box"><p class="author-box-label">Written by</p><p class="author-box-name"><a href="/author/katakata.html" rel="author">Katakata</a> — Google Play Points Calculator</p><p>Country-specific earning units and benefits are checked separately instead of treating one market as a worldwide rule.</p></aside>
   <footer class="article-footer"><p><a href="/en/articles/">Back to all English guides</a> · <a href="/en/">Open the calculator</a></p></footer>
 </main>
-<script src="/js/intent-tracking.js?v=5cdd51c178"></script>
+<script src="/js/intent-tracking.js?v=8b087d8fdc"></script>
 <script src="/js/third-party.js?v=30f1e46c0b"></script>
 </body>
 </html>
diff --git a/en/articles/google-play-points-earn-free.html b/en/articles/google-play-points-earn-free.html
index 07ceea5..b233b44 100644
--- a/en/articles/google-play-points-earn-free.html
+++ b/en/articles/google-play-points-earn-free.html
@@ -140,7 +140,7 @@
   <aside class="author-box"><p class="author-box-label">Written by</p><p class="author-box-name"><a href="/author/katakata.html" rel="author">Katakata</a> — Google Play Points Calculator</p><p>This guide separates benefits that may require no new purchase from subscription and purchase-based promotions.</p></aside>
   <footer class="article-footer"><p><a href="/en/articles/">Back to all English guides</a> · <a href="/en/">Open the calculator</a></p></footer>
 </main>
-<script src="/js/intent-tracking.js?v=5cdd51c178"></script>
+<script src="/js/intent-tracking.js?v=8b087d8fdc"></script>
 <script src="/js/third-party.js?v=30f1e46c0b"></script>
 </body>
 </html>
\ No newline at end of file
diff --git a/en/articles/google-play-points-expiration.html b/en/articles/google-play-points-expiration.html
index 0e1c270..8814d30 100644
--- a/en/articles/google-play-points-expiration.html
+++ b/en/articles/google-play-points-expiration.html
@@ -31,4 +31,4 @@
   </article>
   <aside class="author-box" aria-label="Written by"><p class="author-box-label">Written by</p><p class="author-box-name"><a href="/author/katakata.html" rel="author">Katakata — Play Points calculator editor</a></p><p>Official rules and estimates are separated. Check your own Google Play screen for current conditions.</p></aside>
   <nav id="article-nav" class="article-nav"></nav><footer class="article-footer"><p><a href="/en/articles/">All English guides</a> | <a href="/en/">Calculator</a></p><p class="small">General guidance. Your Google Play account and official help pages are the final source.</p></footer>
-</main><script src="/js/intent-tracking.js?v=5cdd51c178"></script><script src="/js/third-party.js?v=30f1e46c0b"></script></body></html>
+</main><script src="/js/intent-tracking.js?v=8b087d8fdc"></script><script src="/js/third-party.js?v=30f1e46c0b"></script></body></html>
diff --git a/en/articles/google-play-points-family-sharing.html b/en/articles/google-play-points-family-sharing.html
index 4033cd8..f552e9b 100644
--- a/en/articles/google-play-points-family-sharing.html
+++ b/en/articles/google-play-points-family-sharing.html
@@ -31,4 +31,4 @@
   </article>
   <aside class="author-box" aria-label="Written by"><p class="author-box-label">Written by</p><p class="author-box-name"><a href="/author/katakata.html" rel="author">Katakata — Play Points calculator editor</a></p><p>Official rules and estimates are separated. Check your own Google Play screen for current conditions.</p></aside>
   <nav id="article-nav" class="article-nav"></nav><footer class="article-footer"><p><a href="/en/articles/">All English guides</a> | <a href="/en/">Calculator</a></p><p class="small">General guidance. Your Google Play account and official help pages are the final source.</p></footer>
-</main><script src="/js/intent-tracking.js?v=5cdd51c178"></script><script src="/js/third-party.js?v=30f1e46c0b"></script></body></html>
+</main><script src="/js/intent-tracking.js?v=8b087d8fdc"></script><script src="/js/third-party.js?v=30f1e46c0b"></script></body></html>
diff --git a/en/articles/google-play-points-fastest-silver.html b/en/articles/google-play-points-fastest-silver.html
index dcd0e11..80ebe27 100644
--- a/en/articles/google-play-points-fastest-silver.html
+++ b/en/articles/google-play-points-fastest-silver.html
@@ -108,7 +108,7 @@
     </aside>
     <footer class="article-footer"><p><a href="/en/articles/">Back to guides</a> | <a href="/en/">Calculator top</a></p></footer>
 </main>
-<script src="/js/intent-tracking.js?v=5cdd51c178"></script>
+<script src="/js/intent-tracking.js?v=8b087d8fdc"></script>
 <script src="/js/third-party.js?v=30f1e46c0b"></script>
 </body>
 </html>
diff --git a/en/articles/google-play-points-gift-cards.html b/en/articles/google-play-points-gift-cards.html
index e05c5ff..16af0ae 100644
--- a/en/articles/google-play-points-gift-cards.html
+++ b/en/articles/google-play-points-gift-cards.html
@@ -176,7 +176,7 @@
         <p class="small article-note-spacing">General guidance. Gift-card availability and Play Points eligibility depend on the account country and current Google Play terms.</p>
     </footer>
 </main>
-<script src="/js/intent-tracking.js?v=5cdd51c178"></script>
+<script src="/js/intent-tracking.js?v=8b087d8fdc"></script>
 <script src="/js/third-party.js?v=30f1e46c0b"></script>
 </body>
 </html>
diff --git a/en/articles/google-play-points-join-eligibility.html b/en/articles/google-play-points-join-eligibility.html
index 6a5b294..b555aed 100644
--- a/en/articles/google-play-points-join-eligibility.html
+++ b/en/articles/google-play-points-join-eligibility.html
@@ -108,7 +108,7 @@
     </aside>
     <footer class="article-footer"><p><a href="/en/articles/">Back to guides</a> | <a href="/en/">Calculator top</a></p></footer>
 </main>
-<script src="/js/intent-tracking.js?v=5cdd51c178"></script>
+<script src="/js/intent-tracking.js?v=8b087d8fdc"></script>
 <script src="/js/third-party.js?v=30f1e46c0b"></script>
 </body>
 </html>
diff --git a/en/articles/google-play-points-level-maintenance-reset.html b/en/articles/google-play-points-level-maintenance-reset.html
index d8962f6..f9ef488 100644
--- a/en/articles/google-play-points-level-maintenance-reset.html
+++ b/en/articles/google-play-points-level-maintenance-reset.html
@@ -110,7 +110,7 @@
     <p class="small">This is an independent guide and is not affiliated with Google. Confirm the latest rule in Google Play before purchasing.</p>
   </footer>
 </main>
-<script src="/js/intent-tracking.js?v=5cdd51c178"></script>
+<script src="/js/intent-tracking.js?v=8b087d8fdc"></script>
 <script src="/js/third-party.js?v=30f1e46c0b"></script>
 </body>
 </html>
diff --git a/en/articles/google-play-points-levels.html b/en/articles/google-play-points-levels.html
index ac39df3..c5772f5 100644
--- a/en/articles/google-play-points-levels.html
+++ b/en/articles/google-play-points-levels.html
@@ -111,7 +111,7 @@
     </aside>
     <footer class="article-footer"><p><a href="/en/articles/">Back to guides</a> | <a href="/en/">Calculator top</a></p></footer>
 </main>
-<script src="/js/intent-tracking.js?v=5cdd51c178"></script>
+<script src="/js/intent-tracking.js?v=8b087d8fdc"></script>
 <script src="/js/third-party.js?v=30f1e46c0b"></script>
 </body>
 </html>
diff --git a/en/articles/google-play-points-multiple-accounts.html b/en/articles/google-play-points-multiple-accounts.html
index 4871ed3..48ccd30 100644
--- a/en/articles/google-play-points-multiple-accounts.html
+++ b/en/articles/google-play-points-multiple-accounts.html
@@ -129,7 +129,7 @@
   </aside>
   <footer class="article-footer"><p><a href="/en/articles/">Back to guides</a> | <a href="/en/">Calculator top</a></p></footer>
 </main>
-<script src="/js/intent-tracking.js?v=5cdd51c178"></script>
+<script src="/js/intent-tracking.js?v=8b087d8fdc"></script>
 <script src="/js/third-party.js?v=30f1e46c0b"></script>
 </body>
 </html>
diff --git a/en/articles/google-play-points-not-showing.html b/en/articles/google-play-points-not-showing.html
index 29f2727..560dec9 100644
--- a/en/articles/google-play-points-not-showing.html
+++ b/en/articles/google-play-points-not-showing.html
@@ -176,7 +176,7 @@
         <p class="small article-note-spacing">This page is a general guide and calculator entry point. Check Google Play official help and the Google Play app for exact current rules.</p>
     </footer>
 </main>
-<script src="/js/intent-tracking.js?v=5cdd51c178"></script>
+<script src="/js/intent-tracking.js?v=8b087d8fdc"></script>
 <script src="/js/third-party.js?v=30f1e46c0b"></script>
 </body>
 </html>
diff --git a/en/articles/google-play-points-platinum-diamond-cost.html b/en/articles/google-play-points-platinum-diamond-cost.html
index 7a980c1..88d86fd 100644
--- a/en/articles/google-play-points-platinum-diamond-cost.html
+++ b/en/articles/google-play-points-platinum-diamond-cost.html
@@ -26,4 +26,4 @@
   </article>
   <aside class="author-box"><p class="author-box-label">Article author</p><p class="author-box-name"><a href="/author/katakata.html" rel="author">Katakata</a> — Google Play Points Calculator</p><p>This page separates official US thresholds from calculation assumptions.</p></aside>
   <footer class="article-footer"><p><a href="/en/articles/">Back to guides</a> | <a href="/en/">Calculator</a></p></footer>
-</main><script src="/js/intent-tracking.js?v=5cdd51c178"></script><script src="/js/third-party.js?v=30f1e46c0b"></script></body></html>
\ No newline at end of file
+</main><script src="/js/intent-tracking.js?v=8b087d8fdc"></script><script src="/js/third-party.js?v=30f1e46c0b"></script></body></html>
\ No newline at end of file
diff --git a/en/articles/google-play-points-play-credit-not-working.html b/en/articles/google-play-points-play-credit-not-working.html
index ca8bff0..97540d3 100644
--- a/en/articles/google-play-points-play-credit-not-working.html
+++ b/en/articles/google-play-points-play-credit-not-working.html
@@ -102,7 +102,7 @@
     <p class="small">General guidance only. Confirm current rules in Google Play Help and on your own account.</p>
   </footer>
 </main>
-<script src="/js/intent-tracking.js?v=5cdd51c178"></script>
+<script src="/js/intent-tracking.js?v=8b087d8fdc"></script>
 <script src="/js/third-party.js?v=30f1e46c0b"></script>
 </body>
 </html>
diff --git a/en/articles/google-play-points-promotion-not-applied.html b/en/articles/google-play-points-promotion-not-applied.html
index 75c396e..9c17440 100644
--- a/en/articles/google-play-points-promotion-not-applied.html
+++ b/en/articles/google-play-points-promotion-not-applied.html
@@ -50,6 +50,6 @@
     <nav id="article-nav" class="article-nav"></nav>
     <footer class="article-footer"><p><a href="/en/articles/">Back to guides</a> | <a href="/en/">Calculator top</a></p><p class="small article-note-spacing">General guidance. Confirm the offer displayed on the purchasing account.</p></footer>
 </main>
-<script src="/js/intent-tracking.js?v=5cdd51c178"></script><script src="/js/third-party.js?v=30f1e46c0b"></script>
+<script src="/js/intent-tracking.js?v=8b087d8fdc"></script><script src="/js/third-party.js?v=30f1e46c0b"></script>
 </body>
 </html>
diff --git a/en/articles/google-play-points-promotion-stacking.html b/en/articles/google-play-points-promotion-stacking.html
index 48e4453..4c91d27 100644
--- a/en/articles/google-play-points-promotion-stacking.html
+++ b/en/articles/google-play-points-promotion-stacking.html
@@ -107,7 +107,7 @@
     </aside>
     <footer class="article-footer"><p><a href="/en/articles/">Back to guides</a> | <a href="/en/">Calculator top</a></p></footer>
 </main>
-<script src="/js/intent-tracking.js?v=5cdd51c178"></script>
+<script src="/js/intent-tracking.js?v=8b087d8fdc"></script>
 <script src="/js/third-party.js?v=30f1e46c0b"></script>
 </body>
 </html>
diff --git a/en/articles/google-play-points-refund.html b/en/articles/google-play-points-refund.html
index d93cb06..7439733 100644
--- a/en/articles/google-play-points-refund.html
+++ b/en/articles/google-play-points-refund.html
@@ -31,4 +31,4 @@
   </article>
   <aside class="author-box" aria-label="Written by"><p class="author-box-label">Written by</p><p class="author-box-name"><a href="/author/katakata.html" rel="author">Katakata — Play Points calculator editor</a></p><p>Official rules and estimates are separated. Check your own Google Play screen for current conditions.</p></aside>
   <nav id="article-nav" class="article-nav"></nav><footer class="article-footer"><p><a href="/en/articles/">All English guides</a> | <a href="/en/">Calculator</a></p><p class="small">General guidance. Your Google Play account and official help pages are the final source.</p></footer>
-</main><script src="/js/intent-tracking.js?v=5cdd51c178"></script><script src="/js/third-party.js?v=30f1e46c0b"></script></body></html>
+</main><script src="/js/intent-tracking.js?v=8b087d8fdc"></script><script src="/js/third-party.js?v=30f1e46c0b"></script></body></html>
diff --git a/en/articles/google-play-points-rounding-tax.html b/en/articles/google-play-points-rounding-tax.html
index c6c63f0..f821529 100644
--- a/en/articles/google-play-points-rounding-tax.html
+++ b/en/articles/google-play-points-rounding-tax.html
@@ -88,7 +88,7 @@
   <aside class="author-box"><p class="author-box-label">Written by</p><p class="author-box-name"><a href="/author/katakata.html" rel="author">Katakata</a> — editor of Google Play Points Calculator</p><p>Regional units and rates are kept separate instead of treating the US rate as a worldwide rule.</p></aside>
   <footer class="article-footer"><p><a href="/en/articles/">Back to all English guides</a> · <a href="/en/">Open the calculator</a></p></footer>
 </main>
-<script src="/js/intent-tracking.js?v=5cdd51c178"></script>
+<script src="/js/intent-tracking.js?v=8b087d8fdc"></script>
 <script src="/js/third-party.js?v=30f1e46c0b"></script>
 </body>
 </html>
diff --git a/en/articles/google-play-points-subscriptions.html b/en/articles/google-play-points-subscriptions.html
index 336dd0b..17b5d4d 100644
--- a/en/articles/google-play-points-subscriptions.html
+++ b/en/articles/google-play-points-subscriptions.html
@@ -117,7 +117,7 @@
     <nav id="article-nav" class="article-nav"></nav>
     <footer class="article-footer"><p><a href="/en/articles/">Back to guides</a> | <a href="/en/">Calculator top</a></p><p class="small article-note-spacing">General guidance. Confirm the eligible charge and earning rate in the purchasing account.</p></footer>
 </main>
-<script src="/js/intent-tracking.js?v=5cdd51c178"></script>
+<script src="/js/intent-tracking.js?v=8b087d8fdc"></script>
 <script src="/js/third-party.js?v=30f1e46c0b"></script>
 </body>
 </html>
diff --git a/en/articles/google-play-points-super-weekly-reward.html b/en/articles/google-play-points-super-weekly-reward.html
index 2cb1227..8124e67 100644
--- a/en/articles/google-play-points-super-weekly-reward.html
+++ b/en/articles/google-play-points-super-weekly-reward.html
@@ -166,7 +166,7 @@
   </aside>
   <footer class="article-footer"><p><a href="/en/articles/">Back to guides</a> | <a href="/en/">Calculator top</a></p></footer>
 </main>
-<script src="/js/intent-tracking.js?v=5cdd51c178"></script>
+<script src="/js/intent-tracking.js?v=8b087d8fdc"></script>
 <script src="/js/third-party.js?v=30f1e46c0b"></script>
 </body>
 </html>
\ No newline at end of file
diff --git a/en/articles/google-play-points-use-coupons.html b/en/articles/google-play-points-use-coupons.html
index 10621f1..f3b174e 100644
--- a/en/articles/google-play-points-use-coupons.html
+++ b/en/articles/google-play-points-use-coupons.html
@@ -3,4 +3,4 @@
     <link rel="alternate" hreflang="en" href="https://playpoint-sim.com/en/articles/google-play-points-use-coupons.html" />
     <link rel="alternate" hreflang="ko" href="https://playpoint-sim.com/ko/articles/google-play-points-use-coupons.html" />
     <link rel="alternate" hreflang="zh-TW" href="https://playpoint-sim.com/tw/articles/google-play-points-use-coupons.html" />
-    <link rel="alternate" hreflang="x-default" href="https://playpoint-sim.com/en/articles/google-play-points-use-coupons.html" /><link rel="icon" href="/favicon.svg" type="image/svg+xml"><link rel="stylesheet" href="/articles/article-shared.css?v=570302fe13"><link rel="stylesheet" href="/en/articles/intl-article.css?v=7e174d8811"><meta property="og:type" content="article"><meta property="og:site_name" content="Google Play Points Calculator"><meta property="og:title" content="How to use Google Play Points and coupons"><meta property="og:description" content="Redeem points without confusing coupons, Play credit, and cash."><meta property="og:url" content="https://playpoint-sim.com/en/articles/google-play-points-use-coupons.html"><meta property="og:image" content="https://playpoint-sim.com/ogp.png"><meta name="twitter:card" content="summary_large_image"><script type="application/ld+json">{"@context":"https://schema.org","@type":"Article","headline":"How to use Google Play Points and coupons","description":"Learn how to redeem Google Play Points for coupons, Play credit, in-app items, and partner rewards, with expiration and refund checks.","url":"https://playpoint-sim.com/en/articles/google-play-points-use-coupons.html","inLanguage":"en","datePublished":"2026-07-25","dateModified":"2026-07-25","image":"https://playpoint-sim.com/ogp.png","author":{"@type":"Person","name":"Katakata","url":"https://playpoint-sim.com/author/katakata.html"},"publisher":{"@type":"Organization","name":"Google Play Points Calculator","url":"https://playpoint-sim.com/","logo":{"@type":"ImageObject","url":"https://playpoint-sim.com/favicon.svg"}}}</script><script type="application/ld+json">{"@context":"https://schema.org","@type":"FAQPage","mainEntity":[{"@type":"Question","name":"Where is a coupon after I redeem it?","acceptedAnswer":{"@type":"Answer","text":"Google says it is saved under Notifications & offers in Saved offers. It should apply automatically to a qualifying in-app purchase."}},{"@type":"Question","name":"Do Play Points coupons expire?","acceptedAnswer":{"@type":"Answer","text":"Yes. Google says coupons exchanged with points expire after one year."}},{"@type":"Question","name":"Can I undo an in-app item exchange?","acceptedAnswer":{"@type":"Answer","text":"Google says points used for in-app or in-game items generally cannot be refunded."}}]}</script></head><body><main class="main-card"><div class="hero"><span class="hero-badge">Using points</span><h1>How to use Google Play Points and coupons</h1><p class="hero-meta">Updated 2026-07-25 ・ Play Points guide</p></div><article class="content"><div class="intro">Google Play Points can be exchanged for several kinds of rewards, but they do not all work the same way. A coupon discounts a qualifying purchase, Play credit becomes a separate Google Play balance, and an in-app item is delivered inside a specific app or game. Check the target, minimum purchase, expiration, and refund rule before you spend points.</div><nav class="intl-article-toc" aria-label="Table of contents"><h2>Table of contents</h2><ol><li><a href="#section-1">Start from the Use tab</a></li><li><a href="#section-2">Coupons discount only qualifying purchases</a></li><li><a href="#section-3">Play credit is not the same as a coupon</a></li><li><a href="#section-4">In-app items and partner rewards have separate rules</a></li><li><a href="#section-5">Compare usefulness, not only the displayed value</a></li></ol></nav><section class="section"><h2 id="section-1">Start from the Use tab</h2><p>Open Google Play, choose the Google account that owns the points, open Play Points, and select Use. The rewards shown there are the options currently available to that account and country.</p><p>Do not rely on an old screenshot or another region's reward list. Availability and required points can change.</p></section><section class="section"><h2 id="section-2">Coupons discount only qualifying purchases</h2><p>A coupon applies automatically when an in-app or in-game purchase meets its conditions. Check the eligible app, minimum purchase amount, discount amount, and expiration before exchanging points.</p><p>Google says coupons exchanged with points expire after one year. A saved coupon can be found in Notifications &amp; offers under Saved offers, although menu wording may vary by app version.</p></section><section class="section"><h2 id="section-3">Play credit is not the same as a coupon</h2><p>Google Play credit can be used for eligible Google Play purchases, while an app-specific coupon is limited to the named app or game and its conditions.</p><p>Credit received by exchanging points expires after one year. It is not cash and cannot be withdrawn to a bank or external wallet.</p></section><section class="section"><h2 id="section-4">In-app items and partner rewards have separate rules</h2><p>An exchanged in-app or in-game item must be found inside the relevant app. Partner vouchers, when available, are usually stored in the Perks tab and may have their own redemption deadline.</p><p>Google says points used for in-app items or donations generally cannot be refunded, so confirm the destination before completing the exchange.</p></section><section class="section"><h2 id="section-5">Compare usefulness, not only the displayed value</h2><p>The best reward is the one you were already going to use. A large-looking coupon can be poor value if it requires an extra purchase or expires before you need it.</p><p>Keep point-earning cost and redemption value separate. The calculator estimates how much spending may earn points; it does not decide which reward is worth using.</p></section><div class="cta-box"><h3>Check how much spending may earn the points you need</h3><p>Estimate the earning side first, then choose a reward only when you know where it will be used.</p><a class="cta-btn" href="/en/">Open the calculator</a></div><aside class="official-source-note"><h2>Official sources</h2><p>Google's official help explains the Use tab, coupons, Play credit, in-app items, partner rewards, expiration, and refund limitations.</p><p><a href="https://support.google.com/googleplay/answer/9079840?hl=en" target="_blank" rel="noopener noreferrer">Use points in the Google Play Store</a></p><p><a href="https://support.google.com/googleplay/answer/9077247?hl=en" target="_blank" rel="noopener noreferrer">Google Play Points troubleshooting</a></p></aside><section class="section"><h2>FAQ</h2><h3>Where is a coupon after I redeem it?</h3><p>Google says it is saved under Notifications &amp; offers in Saved offers. It should apply automatically to a qualifying in-app purchase.</p><h3>Do Play Points coupons expire?</h3><p>Yes. Google says coupons exchanged with points expire after one year.</p><h3>Can I undo an in-app item exchange?</h3><p>Google says points used for in-app or in-game items generally cannot be refunded.</p></section><section class="section related-links-section"><h2>Next step</h2><ul><li><a href="/en/articles/google-play-points-join-eligibility.html">Join requirements and missing Join button</a></li><li><a href="/en/articles/google-play-points-cash-conversion.html">Why Play credit is not cash</a></li><li><a href="/en/articles/google-play-points-expiration.html">Point and reward expiration</a></li><li><a href="/en/points-cost/">Points-to-cost calculator</a></li><li><a href="/author/katakata.html">Katakata</a></li></ul></section></article><aside class="author-box" aria-label="Article author"><p class="author-box-label">Article author</p><p class="author-box-name"><a href="/author/katakata.html" rel="author">Katakata</a> - Google Play Points Calculator</p><p>This guide separates official rules from practical planning. Confirm the current options and eligibility in the Google Play app before acting.</p></aside><footer class="article-footer"><p><a href="/en/articles/">Back to guides</a> | <a href="/en/">Calculator top</a></p></footer></main><script src="/js/intent-tracking.js?v=5cdd51c178"></script><script src="/js/third-party.js?v=30f1e46c0b"></script></body></html>
\ No newline at end of file
+    <link rel="alternate" hreflang="x-default" href="https://playpoint-sim.com/en/articles/google-play-points-use-coupons.html" /><link rel="icon" href="/favicon.svg" type="image/svg+xml"><link rel="stylesheet" href="/articles/article-shared.css?v=570302fe13"><link rel="stylesheet" href="/en/articles/intl-article.css?v=7e174d8811"><meta property="og:type" content="article"><meta property="og:site_name" content="Google Play Points Calculator"><meta property="og:title" content="How to use Google Play Points and coupons"><meta property="og:description" content="Redeem points without confusing coupons, Play credit, and cash."><meta property="og:url" content="https://playpoint-sim.com/en/articles/google-play-points-use-coupons.html"><meta property="og:image" content="https://playpoint-sim.com/ogp.png"><meta name="twitter:card" content="summary_large_image"><script type="application/ld+json">{"@context":"https://schema.org","@type":"Article","headline":"How to use Google Play Points and coupons","description":"Learn how to redeem Google Play Points for coupons, Play credit, in-app items, and partner rewards, with expiration and refund checks.","url":"https://playpoint-sim.com/en/articles/google-play-points-use-coupons.html","inLanguage":"en","datePublished":"2026-07-25","dateModified":"2026-07-25","image":"https://playpoint-sim.com/ogp.png","author":{"@type":"Person","name":"Katakata","url":"https://playpoint-sim.com/author/katakata.html"},"publisher":{"@type":"Organization","name":"Google Play Points Calculator","url":"https://playpoint-sim.com/","logo":{"@type":"ImageObject","url":"https://playpoint-sim.com/favicon.svg"}}}</script><script type="application/ld+json">{"@context":"https://schema.org","@type":"FAQPage","mainEntity":[{"@type":"Question","name":"Where is a coupon after I redeem it?","acceptedAnswer":{"@type":"Answer","text":"Google says it is saved under Notifications & offers in Saved offers. It should apply automatically to a qualifying in-app purchase."}},{"@type":"Question","name":"Do Play Points coupons expire?","acceptedAnswer":{"@type":"Answer","text":"Yes. Google says coupons exchanged with points expire after one year."}},{"@type":"Question","name":"Can I undo an in-app item exchange?","acceptedAnswer":{"@type":"Answer","text":"Google says points used for in-app or in-game items generally cannot be refunded."}}]}</script></head><body><main class="main-card"><div class="hero"><span class="hero-badge">Using points</span><h1>How to use Google Play Points and coupons</h1><p class="hero-meta">Updated 2026-07-25 ・ Play Points guide</p></div><article class="content"><div class="intro">Google Play Points can be exchanged for several kinds of rewards, but they do not all work the same way. A coupon discounts a qualifying purchase, Play credit becomes a separate Google Play balance, and an in-app item is delivered inside a specific app or game. Check the target, minimum purchase, expiration, and refund rule before you spend points.</div><nav class="intl-article-toc" aria-label="Table of contents"><h2>Table of contents</h2><ol><li><a href="#section-1">Start from the Use tab</a></li><li><a href="#section-2">Coupons discount only qualifying purchases</a></li><li><a href="#section-3">Play credit is not the same as a coupon</a></li><li><a href="#section-4">In-app items and partner rewards have separate rules</a></li><li><a href="#section-5">Compare usefulness, not only the displayed value</a></li></ol></nav><section class="section"><h2 id="section-1">Start from the Use tab</h2><p>Open Google Play, choose the Google account that owns the points, open Play Points, and select Use. The rewards shown there are the options currently available to that account and country.</p><p>Do not rely on an old screenshot or another region's reward list. Availability and required points can change.</p></section><section class="section"><h2 id="section-2">Coupons discount only qualifying purchases</h2><p>A coupon applies automatically when an in-app or in-game purchase meets its conditions. Check the eligible app, minimum purchase amount, discount amount, and expiration before exchanging points.</p><p>Google says coupons exchanged with points expire after one year. A saved coupon can be found in Notifications &amp; offers under Saved offers, although menu wording may vary by app version.</p></section><section class="section"><h2 id="section-3">Play credit is not the same as a coupon</h2><p>Google Play credit can be used for eligible Google Play purchases, while an app-specific coupon is limited to the named app or game and its conditions.</p><p>Credit received by exchanging points expires after one year. It is not cash and cannot be withdrawn to a bank or external wallet.</p></section><section class="section"><h2 id="section-4">In-app items and partner rewards have separate rules</h2><p>An exchanged in-app or in-game item must be found inside the relevant app. Partner vouchers, when available, are usually stored in the Perks tab and may have their own redemption deadline.</p><p>Google says points used for in-app items or donations generally cannot be refunded, so confirm the destination before completing the exchange.</p></section><section class="section"><h2 id="section-5">Compare usefulness, not only the displayed value</h2><p>The best reward is the one you were already going to use. A large-looking coupon can be poor value if it requires an extra purchase or expires before you need it.</p><p>Keep point-earning cost and redemption value separate. The calculator estimates how much spending may earn points; it does not decide which reward is worth using.</p></section><div class="cta-box"><h3>Check how much spending may earn the points you need</h3><p>Estimate the earning side first, then choose a reward only when you know where it will be used.</p><a class="cta-btn" href="/en/">Open the calculator</a></div><aside class="official-source-note"><h2>Official sources</h2><p>Google's official help explains the Use tab, coupons, Play credit, in-app items, partner rewards, expiration, and refund limitations.</p><p><a href="https://support.google.com/googleplay/answer/9079840?hl=en" target="_blank" rel="noopener noreferrer">Use points in the Google Play Store</a></p><p><a href="https://support.google.com/googleplay/answer/9077247?hl=en" target="_blank" rel="noopener noreferrer">Google Play Points troubleshooting</a></p></aside><section class="section"><h2>FAQ</h2><h3>Where is a coupon after I redeem it?</h3><p>Google says it is saved under Notifications &amp; offers in Saved offers. It should apply automatically to a qualifying in-app purchase.</p><h3>Do Play Points coupons expire?</h3><p>Yes. Google says coupons exchanged with points expire after one year.</p><h3>Can I undo an in-app item exchange?</h3><p>Google says points used for in-app or in-game items generally cannot be refunded.</p></section><section class="section related-links-section"><h2>Next step</h2><ul><li><a href="/en/articles/google-play-points-join-eligibility.html">Join requirements and missing Join button</a></li><li><a href="/en/articles/google-play-points-cash-conversion.html">Why Play credit is not cash</a></li><li><a href="/en/articles/google-play-points-expiration.html">Point and reward expiration</a></li><li><a href="/en/points-cost/">Points-to-cost calculator</a></li><li><a href="/author/katakata.html">Katakata</a></li></ul></section></article><aside class="author-box" aria-label="Article author"><p class="author-box-label">Article author</p><p class="author-box-name"><a href="/author/katakata.html" rel="author">Katakata</a> - Google Play Points Calculator</p><p>This guide separates official rules from practical planning. Confirm the current options and eligibility in the Google Play app before acting.</p></aside><footer class="article-footer"><p><a href="/en/articles/">Back to guides</a> | <a href="/en/">Calculator top</a></p></footer></main><script src="/js/intent-tracking.js?v=8b087d8fdc"></script><script src="/js/third-party.js?v=30f1e46c0b"></script></body></html>
\ No newline at end of file
diff --git a/en/articles/google-play-points-weekly-reward.html b/en/articles/google-play-points-weekly-reward.html
index 182bf15..f7b9254 100644
--- a/en/articles/google-play-points-weekly-reward.html
+++ b/en/articles/google-play-points-weekly-reward.html
@@ -107,7 +107,7 @@
     </aside>
     <footer class="article-footer"><p><a href="/en/articles/">Back to guides</a> | <a href="/en/">Calculator top</a></p></footer>
 </main>
-<script src="/js/intent-tracking.js?v=5cdd51c178"></script>
+<script src="/js/intent-tracking.js?v=8b087d8fdc"></script>
 <script src="/js/third-party.js?v=30f1e46c0b"></script>
 </body>
 </html>
diff --git a/en/articles/google-play-quests.html b/en/articles/google-play-quests.html
index 41ee472..6fe17c8 100644
--- a/en/articles/google-play-quests.html
+++ b/en/articles/google-play-quests.html
@@ -165,7 +165,7 @@
   </aside>
   <footer class="article-footer"><p><a href="/en/articles/">Back to guides</a> | <a href="/en/">Calculator top</a></p></footer>
 </main>
-<script src="/js/intent-tracking.js?v=5cdd51c178"></script>
+<script src="/js/intent-tracking.js?v=8b087d8fdc"></script>
 <script src="/js/third-party.js?v=30f1e46c0b"></script>
 </body>
 </html>
diff --git a/en/articles/index.html b/en/articles/index.html
index 3be8252..d3caae0 100644
--- a/en/articles/index.html
+++ b/en/articles/index.html
@@ -92,7 +92,7 @@
         <p><a href="/en/">Back to calculator</a></p>
     </footer>
 </main>
-<script src="/js/intent-tracking.js?v=5cdd51c178"></script>
+<script src="/js/intent-tracking.js?v=8b087d8fdc"></script>
 <script src="/js/third-party.js?v=30f1e46c0b"></script>
 </body>
 </html>
diff --git a/en/campaign/2x/index.html b/en/campaign/2x/index.html
index 5b536a2..08e29cf 100644
--- a/en/campaign/2x/index.html
+++ b/en/campaign/2x/index.html
@@ -162,7 +162,7 @@
         <details><summary>Is 2x enough for Platinum or Diamond?</summary><p>It depends on missing points. Use the calculator result with your current Play Points progress.</p></details>
     </section>
 </main>
-<script src="/js/intent-tracking.js?v=5cdd51c178"></script>
+<script src="/js/intent-tracking.js?v=8b087d8fdc"></script>
 <script src="/js/third-party.js?v=30f1e46c0b"></script>
 </body>
 </html>
diff --git a/en/campaign/3x/index.html b/en/campaign/3x/index.html
index 5dd0b2b..04fe67d 100644
--- a/en/campaign/3x/index.html
+++ b/en/campaign/3x/index.html
@@ -166,7 +166,7 @@
         <details><summary>Should I wait for 3x?</summary><p>Only when the purchase can wait and the offer clearly applies.</p></details>
     </section>
 </main>
-<script src="/js/intent-tracking.js?v=5cdd51c178"></script>
+<script src="/js/intent-tracking.js?v=8b087d8fdc"></script>
 <script src="/js/third-party.js?v=30f1e46c0b"></script>
 </body>
 </html>
diff --git a/en/campaign/wait/index.html b/en/campaign/wait/index.html
index c9bde47..944d7ee 100644
--- a/en/campaign/wait/index.html
+++ b/en/campaign/wait/index.html
@@ -166,7 +166,7 @@
         <details><summary>What should I compare first?</summary><p>Compare 1x, then 2x, then 3x with the same missing-point target.</p></details>
     </section>
 </main>
-<script src="/js/intent-tracking.js?v=5cdd51c178"></script>
+<script src="/js/intent-tracking.js?v=8b087d8fdc"></script>
 <script src="/js/third-party.js?v=30f1e46c0b"></script>
 </body>
 </html>
diff --git a/en/maintenance/diamond/index.html b/en/maintenance/diamond/index.html
index d9b7f9d..4f1f415 100644
--- a/en/maintenance/diamond/index.html
+++ b/en/maintenance/diamond/index.html
@@ -132,7 +132,7 @@
   <footer class="maintenance-footer"><p>Unofficial planning tool. Google Play and Google Play Points are trademarks of Google LLC.</p><p><a href="/author/katakata.html" rel="author">Katakata</a> · 2026-07-25</p></footer>
 </main>
 <script src="/maintenance/intl-maintenance.js?v=d551fecb4f"></script>
-<script src="/js/intent-tracking.js?v=5cdd51c178"></script>
+<script src="/js/intent-tracking.js?v=8b087d8fdc"></script>
 <script src="/js/third-party.js?v=30f1e46c0b"></script>
 </body>
 </html>
diff --git a/en/maintenance/platinum/index.html b/en/maintenance/platinum/index.html
index 7b43cb6..d4a17f1 100644
--- a/en/maintenance/platinum/index.html
+++ b/en/maintenance/platinum/index.html
@@ -132,7 +132,7 @@
   <footer class="maintenance-footer"><p>Unofficial planning tool. Google Play and Google Play Points are trademarks of Google LLC.</p><p><a href="/author/katakata.html" rel="author">Katakata</a> · 2026-07-25</p></footer>
 </main>
 <script src="/maintenance/intl-maintenance.js?v=d551fecb4f"></script>
-<script src="/js/intent-tracking.js?v=5cdd51c178"></script>
+<script src="/js/intent-tracking.js?v=8b087d8fdc"></script>
 <script src="/js/third-party.js?v=30f1e46c0b"></script>
 </body>
 </html>
diff --git a/en/points-cost/index.html b/en/points-cost/index.html
index 78cce30..549536a 100644
--- a/en/points-cost/index.html
+++ b/en/points-cost/index.html
@@ -162,7 +162,7 @@
     <p><a href="/privacy.html">Privacy</a> · <a href="/terms.html">Terms</a> · <a href="/author/katakata.html">Author</a></p>
   </div>
 </footer>
-<script type="module" src="/js/points-cost.js?v=9843d25166"></script>
+<script type="module" src="/js/points-cost.js?v=ecb2ab0d0d"></script>
 <script src="/js/third-party.js?v=30f1e46c0b" defer></script>
 </body>
 </html>
diff --git a/en/status/diamond/index.html b/en/status/diamond/index.html
index 1767a24..a96192d 100644
--- a/en/status/diamond/index.html
+++ b/en/status/diamond/index.html
@@ -162,7 +162,7 @@
         <details><summary>Is Diamond always worth reaching?</summary><p>Not always. It depends on whether you use the rewards enough to justify the extra spending.</p></details>
     </section>
 </main>
-<script src="/js/intent-tracking.js?v=5cdd51c178"></script>
+<script src="/js/intent-tracking.js?v=8b087d8fdc"></script>
 <script src="/js/third-party.js?v=30f1e46c0b"></script>
 </body>
 </html>
diff --git a/en/status/gold/index.html b/en/status/gold/index.html
index e799f3d..30ad722 100644
--- a/en/status/gold/index.html
+++ b/en/status/gold/index.html
@@ -166,7 +166,7 @@
         <details><summary>Does this replace the official Google Play progress?</summary><p>No. It is a planning estimate, not an account checker.</p></details>
     </section>
 </main>
-<script src="/js/intent-tracking.js?v=5cdd51c178"></script>
+<script src="/js/intent-tracking.js?v=8b087d8fdc"></script>
 <script src="/js/third-party.js?v=30f1e46c0b"></script>
 </body>
 </html>
diff --git a/en/status/platinum/index.html b/en/status/platinum/index.html
index 4373e59..3cb4929 100644
--- a/en/status/platinum/index.html
+++ b/en/status/platinum/index.html
@@ -166,7 +166,7 @@
         <details><summary>Should I wait for a promotion before trying for Platinum?</summary><p>If the purchase can wait and the promotion clearly applies, comparing 1x and 2x or 3x can show whether waiting changes the result.</p></details>
     </section>
 </main>
-<script src="/js/intent-tracking.js?v=5cdd51c178"></script>
+<script src="/js/intent-tracking.js?v=8b087d8fdc"></script>
 <script src="/js/third-party.js?v=30f1e46c0b"></script>
 </body>
 </html>
diff --git a/en/status/silver/index.html b/en/status/silver/index.html
index 37660e4..8ed4672 100644
--- a/en/status/silver/index.html
+++ b/en/status/silver/index.html
@@ -166,7 +166,7 @@
         <details><summary>Can I add two promotion rates?</summary><p>No. The highest eligible rate applies.</p></details>
     </section>
 </main>
-<script src="/js/intent-tracking.js?v=5cdd51c178"></script>
+<script src="/js/intent-tracking.js?v=8b087d8fdc"></script>
 <script src="/js/third-party.js?v=30f1e46c0b"></script>
 </body>
 </html>
diff --git a/ko/amount/10000/index.html b/ko/amount/10000/index.html
index 002b96e..466554a 100644
--- a/ko/amount/10000/index.html
+++ b/ko/amount/10000/index.html
@@ -162,7 +162,7 @@
         <details><summary>기프트카드도 포인트가 붙나요?</summary><p>구매 시점인지 사용 시점인지에 따라 달라질 수 있어 지역 조건 확인이 필요합니다.</p></details>
     </section>
 </main>
-<script src="/js/intent-tracking.js?v=5cdd51c178"></script>
+<script src="/js/intent-tracking.js?v=8b087d8fdc"></script>
 <script src="/js/third-party.js?v=30f1e46c0b"></script>
 </body>
 </html>
diff --git a/ko/articles/google-play-balance-combine-payment.html b/ko/articles/google-play-balance-combine-payment.html
index ce75cf6..2ceee00 100644
--- a/ko/articles/google-play-balance-combine-payment.html
+++ b/ko/articles/google-play-balance-combine-payment.html
@@ -90,7 +90,7 @@
   <aside class="author-box"><p class="author-box-label">작성자</p><p class="author-box-name"><a href="/author/katakata.html" rel="author">Katakata</a> — Google Play Points 계산기 운영·편집</p><p>공식 규칙과 계정별로 달라지는 항목을 분리해 결제 결과를 보장하는 것처럼 안내하지 않습니다.</p></aside>
   <footer class="article-footer"><p><a href="/ko/articles/">한국어 가이드 전체보기</a> · <a href="/ko/">계산기 열기</a></p></footer>
 </main>
-<script src="/js/intent-tracking.js?v=5cdd51c178"></script>
+<script src="/js/intent-tracking.js?v=8b087d8fdc"></script>
 <script src="/js/third-party.js?v=30f1e46c0b"></script>
 </body>
 </html>
diff --git a/ko/articles/google-play-games-vs-play-points.html b/ko/articles/google-play-games-vs-play-points.html
index 7248277..3a12b7f 100644
--- a/ko/articles/google-play-games-vs-play-points.html
+++ b/ko/articles/google-play-games-vs-play-points.html
@@ -95,7 +95,7 @@
   <aside class="author-box"><p class="author-box-label">작성</p><p class="author-box-name"><a href="/author/katakata.html" rel="author">Katakata</a> — Google Play Points 계산기</p><p>다른 국가의 단위나 혜택을 그대로 가져오지 않고 대한민국 계정에 표시되는 조건을 기준으로 정리합니다.</p></aside>
   <footer class="article-footer"><p><a href="/ko/articles/">한국어 가이드 전체 보기</a> · <a href="/ko/">계산기 열기</a></p></footer>
 </main>
-<script src="/js/intent-tracking.js?v=5cdd51c178"></script>
+<script src="/js/intent-tracking.js?v=8b087d8fdc"></script>
 <script src="/js/third-party.js?v=30f1e46c0b"></script>
 </body>
 </html>
diff --git a/ko/articles/google-play-points-100-value.html b/ko/articles/google-play-points-100-value.html
index be78a25..5a5f6ef 100644
--- a/ko/articles/google-play-points-100-value.html
+++ b/ko/articles/google-play-points-100-value.html
@@ -187,7 +187,7 @@
         <p class="small article-note-spacing">이 페이지는 일반 가이드와 계산기 진입점입니다. 정확한 최신 조건은 Google Play 공식 도움말과 앱 화면을 확인하세요.</p>
     </footer>
 </main>
-<script src="/js/intent-tracking.js?v=5cdd51c178"></script>
+<script src="/js/intent-tracking.js?v=8b087d8fdc"></script>
 <script src="/js/third-party.js?v=30f1e46c0b"></script>
 </body>
 </html>
diff --git a/ko/articles/google-play-points-500-1000-cost.html b/ko/articles/google-play-points-500-1000-cost.html
index 0cb3fd5..af6027a 100644
--- a/ko/articles/google-play-points-500-1000-cost.html
+++ b/ko/articles/google-play-points-500-1000-cost.html
@@ -106,7 +106,7 @@
   <aside class="author-box"><p class="author-box-label">작성</p><p class="author-box-name"><a href="/author/katakata.html" rel="author">Katakata</a> — Google Play Points 계산기</p><p>다른 국가의 단위나 혜택을 그대로 가져오지 않고 대한민국 계정에 표시되는 조건을 기준으로 정리합니다.</p></aside>
   <footer class="article-footer"><p><a href="/ko/articles/">한국어 가이드 전체 보기</a> · <a href="/ko/">계산기 열기</a></p></footer>
 </main>
-<script src="/js/intent-tracking.js?v=5cdd51c178"></script>
+<script src="/js/intent-tracking.js?v=8b087d8fdc"></script>
 <script src="/js/third-party.js?v=30f1e46c0b"></script>
 </body>
 </html>
diff --git a/ko/articles/google-play-points-apps-books-purchases.html b/ko/articles/google-play-points-apps-books-purchases.html
index 8326037..70f5ce3 100644
--- a/ko/articles/google-play-points-apps-books-purchases.html
+++ b/ko/articles/google-play-points-apps-books-purchases.html
@@ -95,7 +95,7 @@
   <aside class="author-box"><p class="author-box-label">작성</p><p class="author-box-name"><a href="/author/katakata.html" rel="author">Katakata</a> — Google Play Points 계산기</p><p>다른 국가의 단위나 혜택을 그대로 가져오지 않고 대한민국 계정에 표시되는 조건을 기준으로 정리합니다.</p></aside>
   <footer class="article-footer"><p><a href="/ko/articles/">한국어 가이드 전체 보기</a> · <a href="/ko/">계산기 열기</a></p></footer>
 </main>
-<script src="/js/intent-tracking.js?v=5cdd51c178"></script>
+<script src="/js/intent-tracking.js?v=8b087d8fdc"></script>
 <script src="/js/third-party.js?v=30f1e46c0b"></script>
 </body>
 </html>
diff --git a/ko/articles/google-play-points-balance-history-progress.html b/ko/articles/google-play-points-balance-history-progress.html
index b782f9d..b26245c 100644
--- a/ko/articles/google-play-points-balance-history-progress.html
+++ b/ko/articles/google-play-points-balance-history-progress.html
@@ -105,7 +105,7 @@
   <aside class="author-box"><p class="author-box-label">작성</p><p class="author-box-name"><a href="/author/katakata.html" rel="author">Katakata</a> — Google Play Points 계산기</p><p>다른 국가의 단위나 혜택을 그대로 가져오지 않고 대한민국 계정에 표시되는 조건을 기준으로 정리합니다.</p></aside>
   <footer class="article-footer"><p><a href="/ko/articles/">한국어 가이드 전체 보기</a> · <a href="/ko/">계산기 열기</a></p></footer>
 </main>
-<script src="/js/intent-tracking.js?v=5cdd51c178"></script>
+<script src="/js/intent-tracking.js?v=8b087d8fdc"></script>
 <script src="/js/third-party.js?v=30f1e46c0b"></script>
 </body>
 </html>
diff --git a/ko/articles/google-play-points-cash-conversion.html b/ko/articles/google-play-points-cash-conversion.html
index 5b3ec63..26dcecf 100644
--- a/ko/articles/google-play-points-cash-conversion.html
+++ b/ko/articles/google-play-points-cash-conversion.html
@@ -30,6 +30,6 @@
   <aside class="author-box" aria-label="글 작성자"><p class="author-box-label">글 작성자</p><p class="author-box-name"><a href="/author/katakata.html" rel="author">Katakata</a> — Play Points 계산기 편집자</p><p>공식 규정과 계산 추정치를 구분해 안내합니다. 현재 조건은 본인의 Google Play 화면에서 확인하세요.</p></aside>
   <nav id="article-nav" class="article-nav"></nav><footer class="article-footer"><p><a href="/ko/articles/">가이드 목록</a> | <a href="/ko/">계산기</a></p><p class="small">일반 안내이며 최종 조건은 Google Play 공식 화면을 우선합니다.</p></footer>
 </main>
-<script src="/js/intent-tracking.js?v=5cdd51c178"></script><script src="/js/third-party.js?v=30f1e46c0b"></script>
+<script src="/js/intent-tracking.js?v=8b087d8fdc"></script><script src="/js/third-party.js?v=30f1e46c0b"></script>
 </body>
 </html>
diff --git a/ko/articles/google-play-points-country-change.html b/ko/articles/google-play-points-country-change.html
index f7e9c4d..a42230f 100644
--- a/ko/articles/google-play-points-country-change.html
+++ b/ko/articles/google-play-points-country-change.html
@@ -107,7 +107,7 @@
     </aside>
     <footer class="article-footer"><p><a href="/ko/articles/">가이드 목록</a> | <a href="/ko/">계산기 홈</a></p></footer>
 </main>
-<script src="/js/intent-tracking.js?v=5cdd51c178"></script>
+<script src="/js/intent-tracking.js?v=8b087d8fdc"></script>
 <script src="/js/third-party.js?v=30f1e46c0b"></script>
 </body>
 </html>
diff --git a/ko/articles/google-play-points-country-differences.html b/ko/articles/google-play-points-country-differences.html
index 9bb99ce..e8dfa6b 100644
--- a/ko/articles/google-play-points-country-differences.html
+++ b/ko/articles/google-play-points-country-differences.html
@@ -25,4 +25,4 @@
   </article>
   <aside class="author-box"><p class="author-box-label">작성</p><p class="author-box-name"><a href="/author/katakata.html" rel="author">Katakata</a> — Google Play Points 계산기</p><p>지역 비교는 짧게 유지하고 상세 질문은 해당 국가 가이드로 연결합니다.</p></aside>
   <footer class="article-footer"><p><a href="/ko/articles/">가이드 목록</a> | <a href="/ko/">계산기</a></p></footer>
-</main><script src="/js/intent-tracking.js?v=5cdd51c178"></script><script src="/js/third-party.js?v=30f1e46c0b"></script></body></html>
\ No newline at end of file
+</main><script src="/js/intent-tracking.js?v=8b087d8fdc"></script><script src="/js/third-party.js?v=30f1e46c0b"></script></body></html>
\ No newline at end of file
diff --git a/ko/articles/google-play-points-coupon-not-applied.html b/ko/articles/google-play-points-coupon-not-applied.html
index 88b2266..71dd409 100644
--- a/ko/articles/google-play-points-coupon-not-applied.html
+++ b/ko/articles/google-play-points-coupon-not-applied.html
@@ -102,7 +102,7 @@
     <p class="small">일반적인 확인 가이드입니다. 최신 조건은 Google Play 공식 도움말과 본인 계정 화면을 기준으로 하세요.</p>
   </footer>
 </main>
-<script src="/js/intent-tracking.js?v=5cdd51c178"></script>
+<script src="/js/intent-tracking.js?v=8b087d8fdc"></script>
 <script src="/js/third-party.js?v=30f1e46c0b"></script>
 </body>
 </html>
diff --git a/ko/articles/google-play-points-device-change.html b/ko/articles/google-play-points-device-change.html
index 16ae7a8..9ccd6cc 100644
--- a/ko/articles/google-play-points-device-change.html
+++ b/ko/articles/google-play-points-device-change.html
@@ -89,7 +89,7 @@
   <aside class="author-box"><p class="author-box-label">작성자</p><p class="author-box-name"><a href="/author/katakata.html" rel="author">Katakata</a> — Google Play Points 계산기 운영·편집</p><p>되돌리기 쉬운 계정 확인부터 영향이 큰 국가 설정 순서로 안내합니다.</p></aside>
   <footer class="article-footer"><p><a href="/ko/articles/">한국어 가이드 전체보기</a> · <a href="/ko/">계산기 열기</a></p></footer>
 </main>
-<script src="/js/intent-tracking.js?v=5cdd51c178"></script>
+<script src="/js/intent-tracking.js?v=8b087d8fdc"></script>
 <script src="/js/third-party.js?v=30f1e46c0b"></script>
 </body>
 </html>
diff --git a/ko/articles/google-play-points-discounts-promo-codes.html b/ko/articles/google-play-points-discounts-promo-codes.html
index 45d7cdf..7634db2 100644
--- a/ko/articles/google-play-points-discounts-promo-codes.html
+++ b/ko/articles/google-play-points-discounts-promo-codes.html
@@ -101,7 +101,7 @@
   <aside class="author-box"><p class="author-box-label">작성</p><p class="author-box-name"><a href="/author/katakata.html" rel="author">Katakata</a> — Google Play Points 계산기</p><p>다른 국가의 단위나 혜택을 그대로 가져오지 않고 대한민국 계정에 표시되는 조건을 기준으로 정리합니다.</p></aside>
   <footer class="article-footer"><p><a href="/ko/articles/">한국어 가이드 전체 보기</a> · <a href="/ko/">계산기 열기</a></p></footer>
 </main>
-<script src="/js/intent-tracking.js?v=5cdd51c178"></script>
+<script src="/js/intent-tracking.js?v=8b087d8fdc"></script>
 <script src="/js/third-party.js?v=30f1e46c0b"></script>
 </body>
 </html>
diff --git a/ko/articles/google-play-points-earn-free.html b/ko/articles/google-play-points-earn-free.html
index 816a06b..994504a 100644
--- a/ko/articles/google-play-points-earn-free.html
+++ b/ko/articles/google-play-points-earn-free.html
@@ -58,6 +58,6 @@
   <aside class="author-box"><p class="author-box-label">작성</p><p class="author-box-name"><a href="/author/katakata.html" rel="author">Katakata</a> — Google Play Points 계산기</p><p>추가 결제 없는 혜택, 구독형 혜택과 구매형 프로모션을 구분해 안내합니다.</p></aside>
   <footer class="article-footer"><p><a href="/ko/articles/">한국어 가이드 전체 보기</a> · <a href="/ko/">계산기 열기</a></p></footer>
 </main>
-<script src="/js/intent-tracking.js?v=5cdd51c178"></script><script src="/js/third-party.js?v=30f1e46c0b"></script>
+<script src="/js/intent-tracking.js?v=8b087d8fdc"></script><script src="/js/third-party.js?v=30f1e46c0b"></script>
 </body>
 </html>
\ No newline at end of file
diff --git a/ko/articles/google-play-points-expiration.html b/ko/articles/google-play-points-expiration.html
index 31a0e45..ef5694e 100644
--- a/ko/articles/google-play-points-expiration.html
+++ b/ko/articles/google-play-points-expiration.html
@@ -31,4 +31,4 @@
   </article>
   <aside class="author-box" aria-label="글 작성자"><p class="author-box-label">글 작성자</p><p class="author-box-name"><a href="/author/katakata.html" rel="author">Katakata — Play Points 계산기 편집자</a></p><p>공식 규정과 계산 추정치를 구분해 안내합니다. 최신 조건은 본인의 Google Play 화면에서 확인하세요.</p></aside>
   <nav id="article-nav" class="article-nav"></nav><footer class="article-footer"><p><a href="/ko/articles/">한국어 가이드</a> | <a href="/ko/">계산기</a></p><p class="small">일반 안내이며 최종 조건은 Google Play 공식 화면을 우선합니다.</p></footer>
-</main><script src="/js/intent-tracking.js?v=5cdd51c178"></script><script src="/js/third-party.js?v=30f1e46c0b"></script></body></html>
+</main><script src="/js/intent-tracking.js?v=8b087d8fdc"></script><script src="/js/third-party.js?v=30f1e46c0b"></script></body></html>
diff --git a/ko/articles/google-play-points-family-sharing.html b/ko/articles/google-play-points-family-sharing.html
index c6e4d68..f5ee853 100644
--- a/ko/articles/google-play-points-family-sharing.html
+++ b/ko/articles/google-play-points-family-sharing.html
@@ -31,4 +31,4 @@
   </article>
   <aside class="author-box" aria-label="글 작성자"><p class="author-box-label">글 작성자</p><p class="author-box-name"><a href="/author/katakata.html" rel="author">Katakata — Play Points 계산기 편집자</a></p><p>공식 규정과 계산 추정치를 구분해 안내합니다. 최신 조건은 본인의 Google Play 화면에서 확인하세요.</p></aside>
   <nav id="article-nav" class="article-nav"></nav><footer class="article-footer"><p><a href="/ko/articles/">한국어 가이드</a> | <a href="/ko/">계산기</a></p><p class="small">일반 안내이며 최종 조건은 Google Play 공식 화면을 우선합니다.</p></footer>
-</main><script src="/js/intent-tracking.js?v=5cdd51c178"></script><script src="/js/third-party.js?v=30f1e46c0b"></script></body></html>
+</main><script src="/js/intent-tracking.js?v=8b087d8fdc"></script><script src="/js/third-party.js?v=30f1e46c0b"></script></body></html>
diff --git a/ko/articles/google-play-points-fastest-silver.html b/ko/articles/google-play-points-fastest-silver.html
index 40f79f8..290a167 100644
--- a/ko/articles/google-play-points-fastest-silver.html
+++ b/ko/articles/google-play-points-fastest-silver.html
@@ -108,7 +108,7 @@
     </aside>
     <footer class="article-footer"><p><a href="/ko/articles/">가이드 목록</a> | <a href="/ko/">계산기 홈</a></p></footer>
 </main>
-<script src="/js/intent-tracking.js?v=5cdd51c178"></script>
+<script src="/js/intent-tracking.js?v=8b087d8fdc"></script>
 <script src="/js/third-party.js?v=30f1e46c0b"></script>
 </body>
 </html>
diff --git a/ko/articles/google-play-points-gift-cards.html b/ko/articles/google-play-points-gift-cards.html
index 34e257c..ef164c4 100644
--- a/ko/articles/google-play-points-gift-cards.html
+++ b/ko/articles/google-play-points-gift-cards.html
@@ -118,7 +118,7 @@
     <nav id="article-nav" class="article-nav"></nav>
     <footer class="article-footer"><p><a href="/ko/articles/">가이드 목록</a> | <a href="/ko/">계산기 홈</a></p><p class="small article-note-spacing">일반 안내이며 최신 적립 대상과 캠페인은 본인 계정의 공식 화면을 우선합니다.</p></footer>
 </main>
-<script src="/js/intent-tracking.js?v=5cdd51c178"></script>
+<script src="/js/intent-tracking.js?v=8b087d8fdc"></script>
 <script src="/js/third-party.js?v=30f1e46c0b"></script>
 </body>
 </html>
diff --git a/ko/articles/google-play-points-join-eligibility.html b/ko/articles/google-play-points-join-eligibility.html
index e76c369..fcbc26a 100644
--- a/ko/articles/google-play-points-join-eligibility.html
+++ b/ko/articles/google-play-points-join-eligibility.html
@@ -108,7 +108,7 @@
     </aside>
     <footer class="article-footer"><p><a href="/ko/articles/">가이드 목록</a> | <a href="/ko/">계산기 홈</a></p></footer>
 </main>
-<script src="/js/intent-tracking.js?v=5cdd51c178"></script>
+<script src="/js/intent-tracking.js?v=8b087d8fdc"></script>
 <script src="/js/third-party.js?v=30f1e46c0b"></script>
 </body>
 </html>
diff --git a/ko/articles/google-play-points-level-maintenance-reset.html b/ko/articles/google-play-points-level-maintenance-reset.html
index c615e07..3efaf6b 100644
--- a/ko/articles/google-play-points-level-maintenance-reset.html
+++ b/ko/articles/google-play-points-level-maintenance-reset.html
@@ -110,7 +110,7 @@
     <p class="small">Google과 제휴하지 않은 독립 가이드입니다. 결제 전 Google Play 공식 도움말과 본인 계정 화면을 확인하세요.</p>
   </footer>
 </main>
-<script src="/js/intent-tracking.js?v=5cdd51c178"></script>
+<script src="/js/intent-tracking.js?v=8b087d8fdc"></script>
 <script src="/js/third-party.js?v=30f1e46c0b"></script>
 </body>
 </html>
diff --git a/ko/articles/google-play-points-levels.html b/ko/articles/google-play-points-levels.html
index 140f75b..c1c741c 100644
--- a/ko/articles/google-play-points-levels.html
+++ b/ko/articles/google-play-points-levels.html
@@ -111,7 +111,7 @@
     </aside>
     <footer class="article-footer"><p><a href="/ko/articles/">가이드 목록</a> | <a href="/ko/">계산기 홈</a></p></footer>
 </main>
-<script src="/js/intent-tracking.js?v=5cdd51c178"></script>
+<script src="/js/intent-tracking.js?v=8b087d8fdc"></script>
 <script src="/js/third-party.js?v=30f1e46c0b"></script>
 </body>
 </html>
diff --git a/ko/articles/google-play-points-multiple-accounts.html b/ko/articles/google-play-points-multiple-accounts.html
index dce76d1..973bb64 100644
--- a/ko/articles/google-play-points-multiple-accounts.html
+++ b/ko/articles/google-play-points-multiple-accounts.html
@@ -53,6 +53,6 @@
   <aside class="author-box" aria-label="글쓴이"><p class="author-box-label">글쓴이</p><p class="author-box-name"><a href="/author/katakata.html" rel="author">Katakata</a> - Google Play Points 계산기 편집자</p><p>공식 계정 규칙과 계획용 예상치를 나누어 정리합니다. 결제 전 실제 구매 계정의 Google Play 화면을 확인하세요.</p></aside>
   <footer class="article-footer"><p><a href="/ko/articles/">가이드 목록</a> | <a href="/ko/">계산기 홈</a></p></footer>
 </main>
-<script src="/js/intent-tracking.js?v=5cdd51c178"></script><script src="/js/third-party.js?v=30f1e46c0b"></script>
+<script src="/js/intent-tracking.js?v=8b087d8fdc"></script><script src="/js/third-party.js?v=30f1e46c0b"></script>
 </body>
 </html>
diff --git a/ko/articles/google-play-points-not-showing.html b/ko/articles/google-play-points-not-showing.html
index 8bfc9ca..fd348be 100644
--- a/ko/articles/google-play-points-not-showing.html
+++ b/ko/articles/google-play-points-not-showing.html
@@ -178,7 +178,7 @@
         <p class="small article-note-spacing">이 페이지는 일반 가이드와 계산기 진입점입니다. 정확한 최신 조건은 Google Play 공식 도움말과 앱 화면을 확인하세요.</p>
     </footer>
 </main>
-<script src="/js/intent-tracking.js?v=5cdd51c178"></script>
+<script src="/js/intent-tracking.js?v=8b087d8fdc"></script>
 <script src="/js/third-party.js?v=30f1e46c0b"></script>
 </body>
 </html>
diff --git a/ko/articles/google-play-points-platinum-diamond-cost.html b/ko/articles/google-play-points-platinum-diamond-cost.html
index 43198d6..6e98ddb 100644
--- a/ko/articles/google-play-points-platinum-diamond-cost.html
+++ b/ko/articles/google-play-points-platinum-diamond-cost.html
@@ -25,4 +25,4 @@
   </article>
   <aside class="author-box"><p class="author-box-label">작성</p><p class="author-box-name"><a href="/author/katakata.html" rel="author">Katakata</a> — Google Play Points 계산기</p><p>대한민국 공식 수치와 계산 가정을 분리해 안내합니다.</p></aside>
   <footer class="article-footer"><p><a href="/ko/articles/">가이드 목록</a> | <a href="/ko/">계산기</a></p></footer>
-</main><script src="/js/intent-tracking.js?v=5cdd51c178"></script><script src="/js/third-party.js?v=30f1e46c0b"></script></body></html>
\ No newline at end of file
+</main><script src="/js/intent-tracking.js?v=8b087d8fdc"></script><script src="/js/third-party.js?v=30f1e46c0b"></script></body></html>
\ No newline at end of file
diff --git a/ko/articles/google-play-points-play-credit-not-working.html b/ko/articles/google-play-points-play-credit-not-working.html
index 7363481..d60b67e 100644
--- a/ko/articles/google-play-points-play-credit-not-working.html
+++ b/ko/articles/google-play-points-play-credit-not-working.html
@@ -102,7 +102,7 @@
     <p class="small">일반적인 확인 가이드입니다. 최신 조건은 Google Play 공식 도움말과 본인 계정 화면을 기준으로 하세요.</p>
   </footer>
 </main>
-<script src="/js/intent-tracking.js?v=5cdd51c178"></script>
+<script src="/js/intent-tracking.js?v=8b087d8fdc"></script>
 <script src="/js/third-party.js?v=30f1e46c0b"></script>
 </body>
 </html>
diff --git a/ko/articles/google-play-points-promotion-not-applied.html b/ko/articles/google-play-points-promotion-not-applied.html
index 205966f..a1f416e 100644
--- a/ko/articles/google-play-points-promotion-not-applied.html
+++ b/ko/articles/google-play-points-promotion-not-applied.html
@@ -177,7 +177,7 @@
         <p class="small article-note-spacing">이 페이지는 일반 가이드와 계산기 진입점입니다. 정확한 최신 조건은 Google Play 공식 도움말과 앱 화면을 확인하세요.</p>
     </footer>
 </main>
-<script src="/js/intent-tracking.js?v=5cdd51c178"></script>
+<script src="/js/intent-tracking.js?v=8b087d8fdc"></script>
 <script src="/js/third-party.js?v=30f1e46c0b"></script>
 </body>
 </html>
diff --git a/ko/articles/google-play-points-promotion-stacking.html b/ko/articles/google-play-points-promotion-stacking.html
index 36c6c53..560b53f 100644
--- a/ko/articles/google-play-points-promotion-stacking.html
+++ b/ko/articles/google-play-points-promotion-stacking.html
@@ -107,7 +107,7 @@
     </aside>
     <footer class="article-footer"><p><a href="/ko/articles/">가이드 목록</a> | <a href="/ko/">계산기 홈</a></p></footer>
 </main>
-<script src="/js/intent-tracking.js?v=5cdd51c178"></script>
+<script src="/js/intent-tracking.js?v=8b087d8fdc"></script>
 <script src="/js/third-party.js?v=30f1e46c0b"></script>
 </body>
 </html>
diff --git a/ko/articles/google-play-points-refund.html b/ko/articles/google-play-points-refund.html
index 786d63d..382876a 100644
--- a/ko/articles/google-play-points-refund.html
+++ b/ko/articles/google-play-points-refund.html
@@ -31,4 +31,4 @@
   </article>
   <aside class="author-box" aria-label="글 작성자"><p class="author-box-label">글 작성자</p><p class="author-box-name"><a href="/author/katakata.html" rel="author">Katakata — Play Points 계산기 편집자</a></p><p>공식 규정과 계산 추정치를 구분해 안내합니다. 최신 조건은 본인의 Google Play 화면에서 확인하세요.</p></aside>
   <nav id="article-nav" class="article-nav"></nav><footer class="article-footer"><p><a href="/ko/articles/">한국어 가이드</a> | <a href="/ko/">계산기</a></p><p class="small">일반 안내이며 최종 조건은 Google Play 공식 화면을 우선합니다.</p></footer>
-</main><script src="/js/intent-tracking.js?v=5cdd51c178"></script><script src="/js/third-party.js?v=30f1e46c0b"></script></body></html>
+</main><script src="/js/intent-tracking.js?v=8b087d8fdc"></script><script src="/js/third-party.js?v=30f1e46c0b"></script></body></html>
diff --git a/ko/articles/google-play-points-rounding-tax.html b/ko/articles/google-play-points-rounding-tax.html
index 82840e2..3bf3f3d 100644
--- a/ko/articles/google-play-points-rounding-tax.html
+++ b/ko/articles/google-play-points-rounding-tax.html
@@ -88,7 +88,7 @@
   <aside class="author-box"><p class="author-box-label">작성자</p><p class="author-box-name"><a href="/author/katakata.html" rel="author">Katakata</a> — Google Play Points 계산기 운영·편집</p><p>미국이나 일본의 적립 단위를 한국 원화 계산에 그대로 사용하지 않습니다.</p></aside>
   <footer class="article-footer"><p><a href="/ko/articles/">한국어 가이드 전체보기</a> · <a href="/ko/">계산기 열기</a></p></footer>
 </main>
-<script src="/js/intent-tracking.js?v=5cdd51c178"></script>
+<script src="/js/intent-tracking.js?v=8b087d8fdc"></script>
 <script src="/js/third-party.js?v=30f1e46c0b"></script>
 </body>
 </html>
diff --git a/ko/articles/google-play-points-subscriptions.html b/ko/articles/google-play-points-subscriptions.html
index 65c57a1..f7fdebb 100644
--- a/ko/articles/google-play-points-subscriptions.html
+++ b/ko/articles/google-play-points-subscriptions.html
@@ -178,7 +178,7 @@
         <p class="small article-note-spacing">이 페이지는 일반 가이드와 계산기 진입점입니다. 정확한 최신 조건은 Google Play 공식 도움말과 앱 화면을 확인하세요.</p>
     </footer>
 </main>
-<script src="/js/intent-tracking.js?v=5cdd51c178"></script>
+<script src="/js/intent-tracking.js?v=8b087d8fdc"></script>
 <script src="/js/third-party.js?v=30f1e46c0b"></script>
 </body>
 </html>
diff --git a/ko/articles/google-play-points-super-weekly-reward.html b/ko/articles/google-play-points-super-weekly-reward.html
index 4f73338..52473d0 100644
--- a/ko/articles/google-play-points-super-weekly-reward.html
+++ b/ko/articles/google-play-points-super-weekly-reward.html
@@ -51,6 +51,6 @@
   <nav id="article-nav" class="article-nav"></nav>
   <footer class="article-footer"><p><a href="/ko/articles/">가이드 목록</a> | <a href="/ko/">계산기 홈</a></p><p class="small">최종 제공 여부는 본인 Google Play 계정의 혜택 화면을 기준으로 하세요.</p></footer>
 </main>
-<script src="/js/intent-tracking.js?v=5cdd51c178"></script><script src="/js/third-party.js?v=30f1e46c0b"></script>
+<script src="/js/intent-tracking.js?v=8b087d8fdc"></script><script src="/js/third-party.js?v=30f1e46c0b"></script>
 </body>
 </html>
\ No newline at end of file
diff --git a/ko/articles/google-play-points-use-coupons.html b/ko/articles/google-play-points-use-coupons.html
index 423b6f7..27e7738 100644
--- a/ko/articles/google-play-points-use-coupons.html
+++ b/ko/articles/google-play-points-use-coupons.html
@@ -3,4 +3,4 @@
     <link rel="alternate" hreflang="en" href="https://playpoint-sim.com/en/articles/google-play-points-use-coupons.html" />
     <link rel="alternate" hreflang="ko" href="https://playpoint-sim.com/ko/articles/google-play-points-use-coupons.html" />
     <link rel="alternate" hreflang="zh-TW" href="https://playpoint-sim.com/tw/articles/google-play-points-use-coupons.html" />
-    <link rel="alternate" hreflang="x-default" href="https://playpoint-sim.com/en/articles/google-play-points-use-coupons.html" /><link rel="icon" href="/favicon.svg" type="image/svg+xml"><link rel="stylesheet" href="/articles/article-shared.css?v=570302fe13"><link rel="stylesheet" href="/en/articles/intl-article.css?v=7e174d8811"><meta property="og:type" content="article"><meta property="og:site_name" content="Google Play Points 계산기"><meta property="og:title" content="Google Play Points 사용법과 쿠폰 확인 방법"><meta property="og:description" content="쿠폰, Play 크레딧, 현금의 차이를 확인하고 포인트를 사용하세요."><meta property="og:url" content="https://playpoint-sim.com/ko/articles/google-play-points-use-coupons.html"><meta property="og:image" content="https://playpoint-sim.com/ogp.png"><meta name="twitter:card" content="summary_large_image"><script type="application/ld+json">{"@context":"https://schema.org","@type":"Article","headline":"Google Play Points 사용법과 쿠폰 확인 방법","description":"Google Play Points를 쿠폰, Play 크레딧, 인앱 아이템, 파트너 리워드로 사용하는 방법과 유효기간·환불 조건을 설명합니다.","url":"https://playpoint-sim.com/ko/articles/google-play-points-use-coupons.html","inLanguage":"ko","datePublished":"2026-07-25","dateModified":"2026-07-25","image":"https://playpoint-sim.com/ogp.png","author":{"@type":"Person","name":"Katakata","url":"https://playpoint-sim.com/author/katakata.html"},"publisher":{"@type":"Organization","name":"Google Play Points 계산기","url":"https://playpoint-sim.com/","logo":{"@type":"ImageObject","url":"https://playpoint-sim.com/favicon.svg"}}}</script><script type="application/ld+json">{"@context":"https://schema.org","@type":"FAQPage","mainEntity":[{"@type":"Question","name":"교환한 쿠폰은 어디에서 확인하나요?","acceptedAnswer":{"@type":"Answer","text":"Google 안내상 알림 및 혜택의 저장된 혜택에서 확인하며 조건을 충족한 인앱 구매에 자동 적용됩니다."}},{"@type":"Question","name":"Play Points 쿠폰에도 유효기간이 있나요?","acceptedAnswer":{"@type":"Answer","text":"예. 포인트로 교환한 쿠폰은 1년 후 만료됩니다."}},{"@type":"Question","name":"인앱 아이템 교환을 취소할 수 있나요?","acceptedAnswer":{"@type":"Answer","text":"Google 안내상 인앱 또는 인게임 아이템에 사용한 포인트는 일반적으로 환불되지 않습니다."}}]}</script></head><body><main class="main-card"><div class="hero"><span class="hero-badge">포인트 사용</span><h1>Google Play Points 사용법과 쿠폰 확인 방법</h1><p class="hero-meta">업데이트 2026-07-25 ・ Play Points 가이드</p></div><article class="content"><div class="intro">Google Play Points는 여러 리워드로 교환할 수 있지만 사용 방식은 서로 다릅니다. 쿠폰은 조건을 충족한 구매를 할인하고, Play 크레딧은 별도 Google Play 잔액이 되며, 인앱 아이템은 특정 앱이나 게임 안에서 받습니다. 포인트를 쓰기 전에 대상, 최소 결제액, 유효기간과 환불 조건을 확인하세요.</div><nav class="intl-article-toc" aria-label="목차"><h2>목차</h2><ol><li><a href="#section-1">먼저 사용 탭을 확인하세요</a></li><li><a href="#section-2">쿠폰은 조건을 충족한 구매만 할인합니다</a></li><li><a href="#section-3">Play 크레딧과 쿠폰은 다릅니다</a></li><li><a href="#section-4">인앱 아이템과 파트너 리워드는 규칙이 따로 있습니다</a></li><li><a href="#section-5">표시 금액보다 실제 사용 가능성을 비교하세요</a></li></ol></nav><section class="section"><h2 id="section-1">먼저 사용 탭을 확인하세요</h2><p>Google Play에서 포인트를 보유한 계정을 선택하고 Play Points의 사용 탭을 여세요. 현재 계정과 국가에서 실제로 이용할 수 있는 리워드가 표시됩니다.</p><p>예전 화면이나 다른 국가의 목록을 기준으로 교환 계획을 세우지 마세요. 제공 항목과 필요 포인트는 달라질 수 있습니다.</p></section><section class="section"><h2 id="section-2">쿠폰은 조건을 충족한 구매만 할인합니다</h2><p>쿠폰은 대상 인앱 또는 인게임 구매가 조건을 충족하면 자동 적용됩니다. 교환 전에 대상 앱, 최소 결제액, 할인액과 유효기간을 확인하세요.</p><p>Google은 포인트로 교환한 쿠폰이 1년 후 만료된다고 안내합니다. 저장한 쿠폰은 알림 및 혜택의 저장된 혜택에서 확인할 수 있으며 앱 버전에 따라 메뉴명이 다를 수 있습니다.</p></section><section class="section"><h2 id="section-3">Play 크레딧과 쿠폰은 다릅니다</h2><p>Play 크레딧은 대상 Google Play 구매에 사용할 수 있지만 앱 전용 쿠폰은 지정된 앱이나 게임과 조건에만 적용됩니다.</p><p>포인트로 교환한 Play 크레딧도 1년 후 만료됩니다. 현금이 아니므로 은행이나 외부 지갑으로 출금할 수 없습니다.</p></section><section class="section"><h2 id="section-4">인앱 아이템과 파트너 리워드는 규칙이 따로 있습니다</h2><p>교환한 인앱 또는 인게임 아이템은 해당 앱 안에서 확인해야 합니다. 제공되는 경우 파트너 쿠폰은 혜택 탭에 저장되며 별도 사용 기한이 있을 수 있습니다.</p><p>Google은 인앱 아이템이나 기부에 사용한 포인트는 일반적으로 환불되지 않는다고 안내하므로 교환 대상을 먼저 확인하세요.</p></section><section class="section"><h2 id="section-5">표시 금액보다 실제 사용 가능성을 비교하세요</h2><p>가장 좋은 리워드는 원래 사용할 예정이었던 혜택입니다. 추가 결제를 요구하거나 사용 전에 만료되는 쿠폰은 큰 할인처럼 보여도 실용 가치가 낮을 수 있습니다.</p><p>포인트 적립에 필요한 비용과 교환 가치는 별개입니다. 계산기는 적립 예상만 돕고 어떤 리워드가 최선인지 결정하지 않습니다.</p></section><div class="cta-box"><h3>필요한 포인트를 모으는 데 필요한 금액 확인</h3><p>적립에 필요한 금액을 먼저 확인하고 실제로 사용할 리워드만 교환하세요.</p><a class="cta-btn" href="/ko/">계산기 열기</a></div><aside class="official-source-note"><h2>공식 출처</h2><p>Google 공식 도움말에서 사용 탭, 쿠폰, Play 크레딧, 인앱 아이템, 파트너 리워드와 유효기간·환불 제한을 확인할 수 있습니다.</p><p><a href="https://support.google.com/googleplay/answer/9079840?hl=ko" target="_blank" rel="noopener noreferrer">Google Play 스토어에서 포인트 사용하기</a></p><p><a href="https://support.google.com/googleplay/answer/9077247?hl=ko" target="_blank" rel="noopener noreferrer">Google Play Points 문제 해결</a></p></aside><section class="section"><h2>FAQ</h2><h3>교환한 쿠폰은 어디에서 확인하나요?</h3><p>Google 안내상 알림 및 혜택의 저장된 혜택에서 확인하며 조건을 충족한 인앱 구매에 자동 적용됩니다.</p><h3>Play Points 쿠폰에도 유효기간이 있나요?</h3><p>예. 포인트로 교환한 쿠폰은 1년 후 만료됩니다.</p><h3>인앱 아이템 교환을 취소할 수 있나요?</h3><p>Google 안내상 인앱 또는 인게임 아이템에 사용한 포인트는 일반적으로 환불되지 않습니다.</p></section><section class="section related-links-section"><h2>다음 단계</h2><ul><li><a href="/ko/articles/google-play-points-join-eligibility.html">가입 조건과 가입 버튼이 없을 때</a></li><li><a href="/ko/articles/google-play-points-cash-conversion.html">Play 크레딧이 현금이 아닌 이유</a></li><li><a href="/ko/articles/google-play-points-expiration.html">포인트와 리워드 유효기간</a></li><li><a href="/ko/points-cost/">포인트 필요 금액 계산기</a></li><li><a href="/author/katakata.html">Katakata</a></li></ul></section></article><aside class="author-box" aria-label="글쓴이"><p class="author-box-label">글쓴이</p><p class="author-box-name"><a href="/author/katakata.html" rel="author">Katakata</a> - Google Play Points 계산기</p><p>이 글은 공식 규칙과 실제 확인 절차를 나누어 정리합니다. 이용 전 Google Play 앱의 현재 옵션과 가입 조건을 확인하세요.</p></aside><footer class="article-footer"><p><a href="/ko/articles/">가이드 목록</a> | <a href="/ko/">계산기 홈</a></p></footer></main><script src="/js/intent-tracking.js?v=5cdd51c178"></script><script src="/js/third-party.js?v=30f1e46c0b"></script></body></html>
\ No newline at end of file
+    <link rel="alternate" hreflang="x-default" href="https://playpoint-sim.com/en/articles/google-play-points-use-coupons.html" /><link rel="icon" href="/favicon.svg" type="image/svg+xml"><link rel="stylesheet" href="/articles/article-shared.css?v=570302fe13"><link rel="stylesheet" href="/en/articles/intl-article.css?v=7e174d8811"><meta property="og:type" content="article"><meta property="og:site_name" content="Google Play Points 계산기"><meta property="og:title" content="Google Play Points 사용법과 쿠폰 확인 방법"><meta property="og:description" content="쿠폰, Play 크레딧, 현금의 차이를 확인하고 포인트를 사용하세요."><meta property="og:url" content="https://playpoint-sim.com/ko/articles/google-play-points-use-coupons.html"><meta property="og:image" content="https://playpoint-sim.com/ogp.png"><meta name="twitter:card" content="summary_large_image"><script type="application/ld+json">{"@context":"https://schema.org","@type":"Article","headline":"Google Play Points 사용법과 쿠폰 확인 방법","description":"Google Play Points를 쿠폰, Play 크레딧, 인앱 아이템, 파트너 리워드로 사용하는 방법과 유효기간·환불 조건을 설명합니다.","url":"https://playpoint-sim.com/ko/articles/google-play-points-use-coupons.html","inLanguage":"ko","datePublished":"2026-07-25","dateModified":"2026-07-25","image":"https://playpoint-sim.com/ogp.png","author":{"@type":"Person","name":"Katakata","url":"https://playpoint-sim.com/author/katakata.html"},"publisher":{"@type":"Organization","name":"Google Play Points 계산기","url":"https://playpoint-sim.com/","logo":{"@type":"ImageObject","url":"https://playpoint-sim.com/favicon.svg"}}}</script><script type="application/ld+json">{"@context":"https://schema.org","@type":"FAQPage","mainEntity":[{"@type":"Question","name":"교환한 쿠폰은 어디에서 확인하나요?","acceptedAnswer":{"@type":"Answer","text":"Google 안내상 알림 및 혜택의 저장된 혜택에서 확인하며 조건을 충족한 인앱 구매에 자동 적용됩니다."}},{"@type":"Question","name":"Play Points 쿠폰에도 유효기간이 있나요?","acceptedAnswer":{"@type":"Answer","text":"예. 포인트로 교환한 쿠폰은 1년 후 만료됩니다."}},{"@type":"Question","name":"인앱 아이템 교환을 취소할 수 있나요?","acceptedAnswer":{"@type":"Answer","text":"Google 안내상 인앱 또는 인게임 아이템에 사용한 포인트는 일반적으로 환불되지 않습니다."}}]}</script></head><body><main class="main-card"><div class="hero"><span class="hero-badge">포인트 사용</span><h1>Google Play Points 사용법과 쿠폰 확인 방법</h1><p class="hero-meta">업데이트 2026-07-25 ・ Play Points 가이드</p></div><article class="content"><div class="intro">Google Play Points는 여러 리워드로 교환할 수 있지만 사용 방식은 서로 다릅니다. 쿠폰은 조건을 충족한 구매를 할인하고, Play 크레딧은 별도 Google Play 잔액이 되며, 인앱 아이템은 특정 앱이나 게임 안에서 받습니다. 포인트를 쓰기 전에 대상, 최소 결제액, 유효기간과 환불 조건을 확인하세요.</div><nav class="intl-article-toc" aria-label="목차"><h2>목차</h2><ol><li><a href="#section-1">먼저 사용 탭을 확인하세요</a></li><li><a href="#section-2">쿠폰은 조건을 충족한 구매만 할인합니다</a></li><li><a href="#section-3">Play 크레딧과 쿠폰은 다릅니다</a></li><li><a href="#section-4">인앱 아이템과 파트너 리워드는 규칙이 따로 있습니다</a></li><li><a href="#section-5">표시 금액보다 실제 사용 가능성을 비교하세요</a></li></ol></nav><section class="section"><h2 id="section-1">먼저 사용 탭을 확인하세요</h2><p>Google Play에서 포인트를 보유한 계정을 선택하고 Play Points의 사용 탭을 여세요. 현재 계정과 국가에서 실제로 이용할 수 있는 리워드가 표시됩니다.</p><p>예전 화면이나 다른 국가의 목록을 기준으로 교환 계획을 세우지 마세요. 제공 항목과 필요 포인트는 달라질 수 있습니다.</p></section><section class="section"><h2 id="section-2">쿠폰은 조건을 충족한 구매만 할인합니다</h2><p>쿠폰은 대상 인앱 또는 인게임 구매가 조건을 충족하면 자동 적용됩니다. 교환 전에 대상 앱, 최소 결제액, 할인액과 유효기간을 확인하세요.</p><p>Google은 포인트로 교환한 쿠폰이 1년 후 만료된다고 안내합니다. 저장한 쿠폰은 알림 및 혜택의 저장된 혜택에서 확인할 수 있으며 앱 버전에 따라 메뉴명이 다를 수 있습니다.</p></section><section class="section"><h2 id="section-3">Play 크레딧과 쿠폰은 다릅니다</h2><p>Play 크레딧은 대상 Google Play 구매에 사용할 수 있지만 앱 전용 쿠폰은 지정된 앱이나 게임과 조건에만 적용됩니다.</p><p>포인트로 교환한 Play 크레딧도 1년 후 만료됩니다. 현금이 아니므로 은행이나 외부 지갑으로 출금할 수 없습니다.</p></section><section class="section"><h2 id="section-4">인앱 아이템과 파트너 리워드는 규칙이 따로 있습니다</h2><p>교환한 인앱 또는 인게임 아이템은 해당 앱 안에서 확인해야 합니다. 제공되는 경우 파트너 쿠폰은 혜택 탭에 저장되며 별도 사용 기한이 있을 수 있습니다.</p><p>Google은 인앱 아이템이나 기부에 사용한 포인트는 일반적으로 환불되지 않는다고 안내하므로 교환 대상을 먼저 확인하세요.</p></section><section class="section"><h2 id="section-5">표시 금액보다 실제 사용 가능성을 비교하세요</h2><p>가장 좋은 리워드는 원래 사용할 예정이었던 혜택입니다. 추가 결제를 요구하거나 사용 전에 만료되는 쿠폰은 큰 할인처럼 보여도 실용 가치가 낮을 수 있습니다.</p><p>포인트 적립에 필요한 비용과 교환 가치는 별개입니다. 계산기는 적립 예상만 돕고 어떤 리워드가 최선인지 결정하지 않습니다.</p></section><div class="cta-box"><h3>필요한 포인트를 모으는 데 필요한 금액 확인</h3><p>적립에 필요한 금액을 먼저 확인하고 실제로 사용할 리워드만 교환하세요.</p><a class="cta-btn" href="/ko/">계산기 열기</a></div><aside class="official-source-note"><h2>공식 출처</h2><p>Google 공식 도움말에서 사용 탭, 쿠폰, Play 크레딧, 인앱 아이템, 파트너 리워드와 유효기간·환불 제한을 확인할 수 있습니다.</p><p><a href="https://support.google.com/googleplay/answer/9079840?hl=ko" target="_blank" rel="noopener noreferrer">Google Play 스토어에서 포인트 사용하기</a></p><p><a href="https://support.google.com/googleplay/answer/9077247?hl=ko" target="_blank" rel="noopener noreferrer">Google Play Points 문제 해결</a></p></aside><section class="section"><h2>FAQ</h2><h3>교환한 쿠폰은 어디에서 확인하나요?</h3><p>Google 안내상 알림 및 혜택의 저장된 혜택에서 확인하며 조건을 충족한 인앱 구매에 자동 적용됩니다.</p><h3>Play Points 쿠폰에도 유효기간이 있나요?</h3><p>예. 포인트로 교환한 쿠폰은 1년 후 만료됩니다.</p><h3>인앱 아이템 교환을 취소할 수 있나요?</h3><p>Google 안내상 인앱 또는 인게임 아이템에 사용한 포인트는 일반적으로 환불되지 않습니다.</p></section><section class="section related-links-section"><h2>다음 단계</h2><ul><li><a href="/ko/articles/google-play-points-join-eligibility.html">가입 조건과 가입 버튼이 없을 때</a></li><li><a href="/ko/articles/google-play-points-cash-conversion.html">Play 크레딧이 현금이 아닌 이유</a></li><li><a href="/ko/articles/google-play-points-expiration.html">포인트와 리워드 유효기간</a></li><li><a href="/ko/points-cost/">포인트 필요 금액 계산기</a></li><li><a href="/author/katakata.html">Katakata</a></li></ul></section></article><aside class="author-box" aria-label="글쓴이"><p class="author-box-label">글쓴이</p><p class="author-box-name"><a href="/author/katakata.html" rel="author">Katakata</a> - Google Play Points 계산기</p><p>이 글은 공식 규칙과 실제 확인 절차를 나누어 정리합니다. 이용 전 Google Play 앱의 현재 옵션과 가입 조건을 확인하세요.</p></aside><footer class="article-footer"><p><a href="/ko/articles/">가이드 목록</a> | <a href="/ko/">계산기 홈</a></p></footer></main><script src="/js/intent-tracking.js?v=8b087d8fdc"></script><script src="/js/third-party.js?v=30f1e46c0b"></script></body></html>
\ No newline at end of file
diff --git a/ko/articles/google-play-points-weekly-reward.html b/ko/articles/google-play-points-weekly-reward.html
index 30f83a3..c841ae0 100644
--- a/ko/articles/google-play-points-weekly-reward.html
+++ b/ko/articles/google-play-points-weekly-reward.html
@@ -107,7 +107,7 @@
     </aside>
     <footer class="article-footer"><p><a href="/ko/articles/">가이드 목록</a> | <a href="/ko/">계산기 홈</a></p></footer>
 </main>
-<script src="/js/intent-tracking.js?v=5cdd51c178"></script>
+<script src="/js/intent-tracking.js?v=8b087d8fdc"></script>
 <script src="/js/third-party.js?v=30f1e46c0b"></script>
 </body>
 </html>
diff --git a/ko/articles/google-play-quests.html b/ko/articles/google-play-quests.html
index 6e15f45..a725c15 100644
--- a/ko/articles/google-play-quests.html
+++ b/ko/articles/google-play-quests.html
@@ -57,6 +57,6 @@
   <aside class="author-box" aria-label="글쓴이"><p class="author-box-label">글쓴이</p><p class="author-box-name"><a href="/author/katakata.html" rel="author">Katakata</a> - Google Play Points 계산기 편집자</p><p>Google의 공통 퀘스트 규칙과 개별 계정에만 표시되는 조건을 나누어 설명합니다.</p></aside>
   <footer class="article-footer"><p><a href="/ko/articles/">가이드 목록</a> | <a href="/ko/">계산기 홈</a></p></footer>
 </main>
-<script src="/js/intent-tracking.js?v=5cdd51c178"></script><script src="/js/third-party.js?v=30f1e46c0b"></script>
+<script src="/js/intent-tracking.js?v=8b087d8fdc"></script><script src="/js/third-party.js?v=30f1e46c0b"></script>
 </body>
 </html>
diff --git a/ko/articles/index.html b/ko/articles/index.html
index 4669592..6e22156 100644
--- a/ko/articles/index.html
+++ b/ko/articles/index.html
@@ -92,7 +92,7 @@
         <p><a href="/ko/">계산기로 돌아가기</a></p>
     </footer>
 </main>
-<script src="/js/intent-tracking.js?v=5cdd51c178"></script>
+<script src="/js/intent-tracking.js?v=8b087d8fdc"></script>
 <script src="/js/third-party.js?v=30f1e46c0b"></script>
 </body>
 </html>
diff --git a/ko/campaign/2x/index.html b/ko/campaign/2x/index.html
index d8e7cb0..3746f6f 100644
--- a/ko/campaign/2x/index.html
+++ b/ko/campaign/2x/index.html
@@ -162,7 +162,7 @@
         <details><summary>플래티넘이나 다이아몬드에 충분한가요?</summary><p>남은 포인트에 따라 다릅니다. 현재 진행 상황과 함께 보세요.</p></details>
     </section>
 </main>
-<script src="/js/intent-tracking.js?v=5cdd51c178"></script>
+<script src="/js/intent-tracking.js?v=8b087d8fdc"></script>
 <script src="/js/third-party.js?v=30f1e46c0b"></script>
 </body>
 </html>
diff --git a/ko/campaign/3x/index.html b/ko/campaign/3x/index.html
index 3a4df6a..97c78eb 100644
--- a/ko/campaign/3x/index.html
+++ b/ko/campaign/3x/index.html
@@ -166,7 +166,7 @@
         <details><summary>3배 캠페인을 기다려야 하나요?</summary><p>결제를 기다릴 수 있고 조건이 확실할 때만 고려하세요.</p></details>
     </section>
 </main>
-<script src="/js/intent-tracking.js?v=5cdd51c178"></script>
+<script src="/js/intent-tracking.js?v=8b087d8fdc"></script>
 <script src="/js/third-party.js?v=30f1e46c0b"></script>
 </body>
 </html>
diff --git a/ko/campaign/wait/index.html b/ko/campaign/wait/index.html
index 180a44c..bd75db3 100644
--- a/ko/campaign/wait/index.html
+++ b/ko/campaign/wait/index.html
@@ -166,7 +166,7 @@
         <details><summary>무엇부터 비교하나요?</summary><p>같은 부족 포인트로 1배, 2배, 3배를 차례로 비교하세요.</p></details>
     </section>
 </main>
-<script src="/js/intent-tracking.js?v=5cdd51c178"></script>
+<script src="/js/intent-tracking.js?v=8b087d8fdc"></script>
 <script src="/js/third-party.js?v=30f1e46c0b"></script>
 </body>
 </html>
diff --git a/ko/maintenance/diamond/index.html b/ko/maintenance/diamond/index.html
index 8252575..99c6951 100644
--- a/ko/maintenance/diamond/index.html
+++ b/ko/maintenance/diamond/index.html
@@ -132,7 +132,7 @@
   <footer class="maintenance-footer"><p>Google 비공식 계획 도구입니다. Google Play 및 Google Play Points는 Google LLC의 상표입니다.</p><p><a href="/author/katakata.html" rel="author">Katakata</a> · 2026-07-25</p></footer>
 </main>
 <script src="/maintenance/intl-maintenance.js?v=d551fecb4f"></script>
-<script src="/js/intent-tracking.js?v=5cdd51c178"></script>
+<script src="/js/intent-tracking.js?v=8b087d8fdc"></script>
 <script src="/js/third-party.js?v=30f1e46c0b"></script>
 </body>
 </html>
diff --git a/ko/maintenance/platinum/index.html b/ko/maintenance/platinum/index.html
index c96db18..c2bb561 100644
--- a/ko/maintenance/platinum/index.html
+++ b/ko/maintenance/platinum/index.html
@@ -132,7 +132,7 @@
   <footer class="maintenance-footer"><p>Google 비공식 계획 도구입니다. Google Play 및 Google Play Points는 Google LLC의 상표입니다.</p><p><a href="/author/katakata.html" rel="author">Katakata</a> · 2026-07-25</p></footer>
 </main>
 <script src="/maintenance/intl-maintenance.js?v=d551fecb4f"></script>
-<script src="/js/intent-tracking.js?v=5cdd51c178"></script>
+<script src="/js/intent-tracking.js?v=8b087d8fdc"></script>
 <script src="/js/third-party.js?v=30f1e46c0b"></script>
 </body>
 </html>
diff --git a/ko/points-cost/index.html b/ko/points-cost/index.html
index 99eb8fa..adf1dd0 100644
--- a/ko/points-cost/index.html
+++ b/ko/points-cost/index.html
@@ -162,7 +162,7 @@
     <p><a href="/privacy.html">Privacy</a> · <a href="/terms.html">Terms</a> · <a href="/author/katakata.html">Author</a></p>
   </div>
 </footer>
-<script type="module" src="/js/points-cost.js?v=9843d25166"></script>
+<script type="module" src="/js/points-cost.js?v=ecb2ab0d0d"></script>
 <script src="/js/third-party.js?v=30f1e46c0b" defer></script>
 </body>
 </html>
diff --git a/ko/status/diamond/index.html b/ko/status/diamond/index.html
index 08b5a3e..868c4bf 100644
--- a/ko/status/diamond/index.html
+++ b/ko/status/diamond/index.html
@@ -162,7 +162,7 @@
         <details><summary>다이아몬드는 항상 이득인가요?</summary><p>리워드를 실제로 사용할 수 있는지에 따라 달라집니다.</p></details>
     </section>
 </main>
-<script src="/js/intent-tracking.js?v=5cdd51c178"></script>
+<script src="/js/intent-tracking.js?v=8b087d8fdc"></script>
 <script src="/js/third-party.js?v=30f1e46c0b"></script>
 </body>
 </html>
diff --git a/ko/status/gold/index.html b/ko/status/gold/index.html
index deaf5e5..384f609 100644
--- a/ko/status/gold/index.html
+++ b/ko/status/gold/index.html
@@ -166,7 +166,7 @@
         <details><summary>공식 진행 상황을 대신하나요?</summary><p>아니요. 공식 기준은 Google Play 앱의 진행 상황입니다.</p></details>
     </section>
 </main>
-<script src="/js/intent-tracking.js?v=5cdd51c178"></script>
+<script src="/js/intent-tracking.js?v=8b087d8fdc"></script>
 <script src="/js/third-party.js?v=30f1e46c0b"></script>
 </body>
 </html>
diff --git a/ko/status/platinum/index.html b/ko/status/platinum/index.html
index 7452e4e..bb893ef 100644
--- a/ko/status/platinum/index.html
+++ b/ko/status/platinum/index.html
@@ -166,7 +166,7 @@
         <details><summary>캠페인을 기다리는 것이 좋나요?</summary><p>예정된 결제가 있고 캠페인 대상이 확실하다면 1배와 2배 또는 3배를 비교해 볼 가치가 있습니다.</p></details>
     </section>
 </main>
-<script src="/js/intent-tracking.js?v=5cdd51c178"></script>
+<script src="/js/intent-tracking.js?v=8b087d8fdc"></script>
 <script src="/js/third-party.js?v=30f1e46c0b"></script>
 </body>
 </html>
diff --git a/ko/status/silver/index.html b/ko/status/silver/index.html
index b29c4fb..3d8f333 100644
--- a/ko/status/silver/index.html
+++ b/ko/status/silver/index.html
@@ -166,7 +166,7 @@
         <details><summary>여러 프로모션을 더해도 되나요?</summary><p>아니요. 가장 높은 대상 적립률을 사용합니다.</p></details>
     </section>
 </main>
-<script src="/js/intent-tracking.js?v=5cdd51c178"></script>
+<script src="/js/intent-tracking.js?v=8b087d8fdc"></script>
 <script src="/js/third-party.js?v=30f1e46c0b"></script>
 </body>
 </html>
diff --git a/latest/index.html b/latest/index.html
index 3d23b68..0bce537 100644
--- a/latest/index.html
+++ b/latest/index.html
@@ -186,6 +186,6 @@
     <p class="small">Playポイント計算機はGoogle公式ではない個人運営サイトです。個別の対象条件はGoogle Play画面をご確認ください。</p>
   </footer>
 </main>
-<script src="../blog/components.js?v=784e955c93"></script>
+<script src="../blog/components.js?v=97bac74fe0"></script>
 </body>
 </html>
diff --git a/maintenance/diamond/index.html b/maintenance/diamond/index.html
index f96e73a..d73aaf6 100644
--- a/maintenance/diamond/index.html
+++ b/maintenance/diamond/index.html
@@ -160,7 +160,7 @@
         <p class="lp-author-note">このページは、Playポイント計算機の運営者が、計算前の検索意図に合わせて必要条件を整理したものです。更新方針や検証方針は<a href="/author/katakata.html">運営者プロフィール</a>にまとめています。</p>
     </section>
 </main>
-<script src="/js/intent-tracking.js?v=5cdd51c178"></script>
+<script src="/js/intent-tracking.js?v=8b087d8fdc"></script>
 <script src="/js/third-party.js?v=30f1e46c0b"></script>
 </body>
 </html>
diff --git a/maintenance/platinum/index.html b/maintenance/platinum/index.html
index b010707..f9720f2 100644
--- a/maintenance/platinum/index.html
+++ b/maintenance/platinum/index.html
@@ -197,7 +197,7 @@
         <p class="lp-author-note">このページは、Playポイント計算機の運営者が、計算前の検索意図に合わせて必要条件を整理したものです。更新方針や検証方針は<a href="/author/katakata.html">運営者プロフィール</a>にまとめています。</p>
     </section>
 </main>
-<script src="/js/intent-tracking.js?v=5cdd51c178"></script>
+<script src="/js/intent-tracking.js?v=8b087d8fdc"></script>
 <script src="/js/third-party.js?v=30f1e46c0b"></script>
 </body>
 </html>
diff --git a/points-cost/index.html b/points-cost/index.html
index d7c2446..584c0c0 100644
--- a/points-cost/index.html
+++ b/points-cost/index.html
@@ -162,7 +162,7 @@
     <p><a href="/privacy.html">Privacy</a> · <a href="/terms.html">Terms</a> · <a href="/author/katakata.html">Author</a></p>
   </div>
 </footer>
-<script type="module" src="/js/points-cost.js?v=9843d25166"></script>
+<script type="module" src="/js/points-cost.js?v=ecb2ab0d0d"></script>
 <script src="/js/third-party.js?v=30f1e46c0b" defer></script>
 </body>
 </html>
diff --git a/status/diamond/index.html b/status/diamond/index.html
index efd353a..719c0aa 100644
--- a/status/diamond/index.html
+++ b/status/diamond/index.html
@@ -189,7 +189,7 @@
         <p class="lp-author-note">このページは、Playポイント計算機の運営者が、計算前の検索意図に合わせて必要条件を整理したものです。更新方針や検証方針は<a href="/author/katakata.html">運営者プロフィール</a>にまとめています。</p>
     </section>
 </main>
-<script src="/js/intent-tracking.js?v=5cdd51c178"></script>
+<script src="/js/intent-tracking.js?v=8b087d8fdc"></script>
 <script src="/js/third-party.js?v=30f1e46c0b"></script>
 </body>
 </html>
diff --git a/status/gold/index.html b/status/gold/index.html
index 187d7c6..b6e9494 100644
--- a/status/gold/index.html
+++ b/status/gold/index.html
@@ -187,7 +187,7 @@
         <p class="lp-author-note">このページは、Playポイント計算機の運営者が、計算前の検索意図に合わせて必要条件を整理したものです。更新方針や検証方針は<a href="/author/katakata.html">運営者プロフィール</a>にまとめています。</p>
     </section>
 </main>
-<script src="/js/intent-tracking.js?v=5cdd51c178"></script>
+<script src="/js/intent-tracking.js?v=8b087d8fdc"></script>
 <script src="/js/third-party.js?v=30f1e46c0b"></script>
 </body>
 </html>
diff --git a/status/platinum/index.html b/status/platinum/index.html
index dda48c2..ecb8e64 100644
--- a/status/platinum/index.html
+++ b/status/platinum/index.html
@@ -189,7 +189,7 @@
         <p class="lp-author-note">このページは、Playポイント計算機の運営者が、計算前の検索意図に合わせて必要条件を整理したものです。更新方針や検証方針は<a href="/author/katakata.html">運営者プロフィール</a>にまとめています。</p>
     </section>
 </main>
-<script src="/js/intent-tracking.js?v=5cdd51c178"></script>
+<script src="/js/intent-tracking.js?v=8b087d8fdc"></script>
 <script src="/js/third-party.js?v=30f1e46c0b"></script>
 </body>
 </html>
diff --git a/status/silver/index.html b/status/silver/index.html
index 976cd5d..8e56c9e 100644
--- a/status/silver/index.html
+++ b/status/silver/index.html
@@ -188,7 +188,7 @@
         <p class="lp-author-note">このページは、Playポイント計算機の運営者が、計算前の検索意図に合わせて必要条件を整理したものです。更新方針や検証方針は<a href="/author/katakata.html">運営者プロフィール</a>にまとめています。</p>
     </section>
 </main>
-<script src="/js/intent-tracking.js?v=5cdd51c178"></script>
+<script src="/js/intent-tracking.js?v=8b087d8fdc"></script>
 <script src="/js/third-party.js?v=30f1e46c0b"></script>
 </body>
 </html>
diff --git a/sw.js b/sw.js
index 229cdc4..2063c10 100644
--- a/sw.js
+++ b/sw.js
@@ -1,7 +1,7 @@
 'use strict';
 
 const CACHE_PREFIX = 'playpoint-calc-v';
-const CACHE_NAME = 'playpoint-calc-v20260807_1038-15fbdbac';
+const CACHE_NAME = 'playpoint-calc-v20260807_1038-306a96cd';
 const ASSETS = [
   './',
   './style.css?v=08116211ba',
@@ -20,6 +20,7 @@ const ASSETS = [
   './embed.html',
   './latest/',
   './author/katakata.html',
+  './js/analytics.js',
   './js/config.js',
   './js/ui.js',
   './js/diary.js',
@@ -33,13 +34,14 @@ const ASSETS = [
   './js/pwa-install.js',
   './js/widget-referral.js',
   './js/service-worker-registration.js',
-  './js/intent-tracking.js?v=5cdd51c178',
+  './js/intent-tracking.js?v=8b087d8fdc',
   './js/consent.js?v=55813d3bcb',
   './js/third-party.js?v=30f1e46c0b',
   './blog/style.css?v=73cb119703',
-  './blog/components.js?v=784e955c93',
-  './blog/script.js?v=8022af841c',
-  './blog/article.js?v=905d06a119',
+  './blog/index.css',
+  './blog/components.js?v=97bac74fe0',
+  './blog/script.js?v=af0bd1d68a',
+  './blog/article.js?v=c90ef016d3',
   './articles/article-shared.css?v=570302fe13',
   './en/',
   './ko/',
diff --git a/tw/amount/10000/index.html b/tw/amount/10000/index.html
index 92bcb43..2bab38d 100644
--- a/tw/amount/10000/index.html
+++ b/tw/amount/10000/index.html
@@ -162,7 +162,7 @@
         <details><summary>禮物卡會有點數嗎？</summary><p>可能取決於購買或兌換時點，請確認所在地區規則。</p></details>
     </section>
 </main>
-<script src="/js/intent-tracking.js?v=5cdd51c178"></script>
+<script src="/js/intent-tracking.js?v=8b087d8fdc"></script>
 <script src="/js/third-party.js?v=30f1e46c0b"></script>
 </body>
 </html>
diff --git a/tw/articles/google-play-balance-combine-payment.html b/tw/articles/google-play-balance-combine-payment.html
index 0a4bb4e..14445d8 100644
--- a/tw/articles/google-play-balance-combine-payment.html
+++ b/tw/articles/google-play-balance-combine-payment.html
@@ -90,7 +90,7 @@
   <aside class="author-box"><p class="author-box-label">作者</p><p class="author-box-name"><a href="/author/katakata.html" rel="author">Katakata</a> — Google Play Points 計算器營運與編輯</p><p>將官方規則與帳號個別顯示分開說明，不把一般條件寫成保證的付款結果。</p></aside>
   <footer class="article-footer"><p><a href="/tw/articles/">查看全部繁體中文指南</a> · <a href="/tw/">開啟計算器</a></p></footer>
 </main>
-<script src="/js/intent-tracking.js?v=5cdd51c178"></script>
+<script src="/js/intent-tracking.js?v=8b087d8fdc"></script>
 <script src="/js/third-party.js?v=30f1e46c0b"></script>
 </body>
 </html>
diff --git a/tw/articles/google-play-games-vs-play-points.html b/tw/articles/google-play-games-vs-play-points.html
index 2a371ae..44392b8 100644
--- a/tw/articles/google-play-games-vs-play-points.html
+++ b/tw/articles/google-play-games-vs-play-points.html
@@ -95,7 +95,7 @@
   <aside class="author-box"><p class="author-box-label">作者</p><p class="author-box-name"><a href="/author/katakata.html" rel="author">Katakata</a> — Google Play Points 計算器</p><p>本文以台灣帳號的 NT$30 積點單位與台灣福利為準，不直接套用日本或美國規則。</p></aside>
   <footer class="article-footer"><p><a href="/tw/articles/">返回繁體中文指南</a> · <a href="/tw/">開啟計算器</a></p></footer>
 </main>
-<script src="/js/intent-tracking.js?v=5cdd51c178"></script>
+<script src="/js/intent-tracking.js?v=8b087d8fdc"></script>
 <script src="/js/third-party.js?v=30f1e46c0b"></script>
 </body>
 </html>
diff --git a/tw/articles/google-play-points-100-value.html b/tw/articles/google-play-points-100-value.html
index 12cf07b..3caa761 100644
--- a/tw/articles/google-play-points-100-value.html
+++ b/tw/articles/google-play-points-100-value.html
@@ -187,7 +187,7 @@
         <p class="small article-note-spacing">本頁是一般指南與計算機入口。請在 Google Play 官方說明與 App 畫面確認最新精確規則。</p>
     </footer>
 </main>
-<script src="/js/intent-tracking.js?v=5cdd51c178"></script>
+<script src="/js/intent-tracking.js?v=8b087d8fdc"></script>
 <script src="/js/third-party.js?v=30f1e46c0b"></script>
 </body>
 </html>
diff --git a/tw/articles/google-play-points-500-1000-cost.html b/tw/articles/google-play-points-500-1000-cost.html
index 73babbd..6cc7c46 100644
--- a/tw/articles/google-play-points-500-1000-cost.html
+++ b/tw/articles/google-play-points-500-1000-cost.html
@@ -106,7 +106,7 @@
   <aside class="author-box"><p class="author-box-label">作者</p><p class="author-box-name"><a href="/author/katakata.html" rel="author">Katakata</a> — Google Play Points 計算器</p><p>本文以台灣帳號的 NT$30 積點單位與台灣福利為準，不直接套用日本或美國規則。</p></aside>
   <footer class="article-footer"><p><a href="/tw/articles/">返回繁體中文指南</a> · <a href="/tw/">開啟計算器</a></p></footer>
 </main>
-<script src="/js/intent-tracking.js?v=5cdd51c178"></script>
+<script src="/js/intent-tracking.js?v=8b087d8fdc"></script>
 <script src="/js/third-party.js?v=30f1e46c0b"></script>
 </body>
 </html>
diff --git a/tw/articles/google-play-points-apps-books-purchases.html b/tw/articles/google-play-points-apps-books-purchases.html
index f23c3f6..18d271c 100644
--- a/tw/articles/google-play-points-apps-books-purchases.html
+++ b/tw/articles/google-play-points-apps-books-purchases.html
@@ -95,7 +95,7 @@
   <aside class="author-box"><p class="author-box-label">作者</p><p class="author-box-name"><a href="/author/katakata.html" rel="author">Katakata</a> — Google Play Points 計算器</p><p>本文以台灣帳號的 NT$30 積點單位與台灣福利為準，不直接套用日本或美國規則。</p></aside>
   <footer class="article-footer"><p><a href="/tw/articles/">返回繁體中文指南</a> · <a href="/tw/">開啟計算器</a></p></footer>
 </main>
-<script src="/js/intent-tracking.js?v=5cdd51c178"></script>
+<script src="/js/intent-tracking.js?v=8b087d8fdc"></script>
 <script src="/js/third-party.js?v=30f1e46c0b"></script>
 </body>
 </html>
diff --git a/tw/articles/google-play-points-balance-history-progress.html b/tw/articles/google-play-points-balance-history-progress.html
index 0692ec5..38f5078 100644
--- a/tw/articles/google-play-points-balance-history-progress.html
+++ b/tw/articles/google-play-points-balance-history-progress.html
@@ -105,7 +105,7 @@
   <aside class="author-box"><p class="author-box-label">作者</p><p class="author-box-name"><a href="/author/katakata.html" rel="author">Katakata</a> — Google Play Points 計算器</p><p>本文以台灣帳號的 NT$30 積點單位與台灣福利為準，不直接套用日本或美國規則。</p></aside>
   <footer class="article-footer"><p><a href="/tw/articles/">返回繁體中文指南</a> · <a href="/tw/">開啟計算器</a></p></footer>
 </main>
-<script src="/js/intent-tracking.js?v=5cdd51c178"></script>
+<script src="/js/intent-tracking.js?v=8b087d8fdc"></script>
 <script src="/js/third-party.js?v=30f1e46c0b"></script>
 </body>
 </html>
diff --git a/tw/articles/google-play-points-cash-conversion.html b/tw/articles/google-play-points-cash-conversion.html
index e477f5b..843b0fc 100644
--- a/tw/articles/google-play-points-cash-conversion.html
+++ b/tw/articles/google-play-points-cash-conversion.html
@@ -30,6 +30,6 @@
   <aside class="author-box" aria-label="文章作者"><p class="author-box-label">文章作者</p><p class="author-box-name"><a href="/author/katakata.html" rel="author">Katakata</a> — Play Points 計算器編輯</p><p>內容區分官方規則與估算結果。最新獎勵請以自己的 Google Play 畫面為準。</p></aside>
   <nav id="article-nav" class="article-nav"></nav><footer class="article-footer"><p><a href="/tw/articles/">返回指南</a> | <a href="/tw/">計算器首頁</a></p><p class="small">本文為一般說明，最終條件以 Google Play 官方畫面為準。</p></footer>
 </main>
-<script src="/js/intent-tracking.js?v=5cdd51c178"></script><script src="/js/third-party.js?v=30f1e46c0b"></script>
+<script src="/js/intent-tracking.js?v=8b087d8fdc"></script><script src="/js/third-party.js?v=30f1e46c0b"></script>
 </body>
 </html>
diff --git a/tw/articles/google-play-points-country-change.html b/tw/articles/google-play-points-country-change.html
index 6a22e99..58b90ea 100644
--- a/tw/articles/google-play-points-country-change.html
+++ b/tw/articles/google-play-points-country-change.html
@@ -107,7 +107,7 @@
     </aside>
     <footer class="article-footer"><p><a href="/tw/articles/">返回指南</a> | <a href="/tw/">計算機首頁</a></p></footer>
 </main>
-<script src="/js/intent-tracking.js?v=5cdd51c178"></script>
+<script src="/js/intent-tracking.js?v=8b087d8fdc"></script>
 <script src="/js/third-party.js?v=30f1e46c0b"></script>
 </body>
 </html>
diff --git a/tw/articles/google-play-points-country-differences.html b/tw/articles/google-play-points-country-differences.html
index 989986e..a5c2994 100644
--- a/tw/articles/google-play-points-country-differences.html
+++ b/tw/articles/google-play-points-country-differences.html
@@ -25,4 +25,4 @@
   </article>
   <aside class="author-box"><p class="author-box-label">作者</p><p class="author-box-name"><a href="/author/katakata.html" rel="author">Katakata</a> — Google Play Points 計算器</p><p>區域比較保持精簡，詳細問題交由符合帳號地區的指南說明。</p></aside>
   <footer class="article-footer"><p><a href="/tw/articles/">返回指南</a> | <a href="/tw/">計算器</a></p></footer>
-</main><script src="/js/intent-tracking.js?v=5cdd51c178"></script><script src="/js/third-party.js?v=30f1e46c0b"></script></body></html>
\ No newline at end of file
+</main><script src="/js/intent-tracking.js?v=8b087d8fdc"></script><script src="/js/third-party.js?v=30f1e46c0b"></script></body></html>
\ No newline at end of file
diff --git a/tw/articles/google-play-points-coupon-not-applied.html b/tw/articles/google-play-points-coupon-not-applied.html
index d368d25..d15a243 100644
--- a/tw/articles/google-play-points-coupon-not-applied.html
+++ b/tw/articles/google-play-points-coupon-not-applied.html
@@ -102,7 +102,7 @@
     <p class="small">本文為一般檢查指南。最新條件請以 Google Play 官方說明與自己的帳號畫面為準。</p>
   </footer>
 </main>
-<script src="/js/intent-tracking.js?v=5cdd51c178"></script>
+<script src="/js/intent-tracking.js?v=8b087d8fdc"></script>
 <script src="/js/third-party.js?v=30f1e46c0b"></script>
 </body>
 </html>
diff --git a/tw/articles/google-play-points-device-change.html b/tw/articles/google-play-points-device-change.html
index 78ffdaa..c98d41d 100644
--- a/tw/articles/google-play-points-device-change.html
+++ b/tw/articles/google-play-points-device-change.html
@@ -89,7 +89,7 @@
   <aside class="author-box"><p class="author-box-label">作者</p><p class="author-box-name"><a href="/author/katakata.html" rel="author">Katakata</a> — Google Play Points 計算器營運與編輯</p><p>從可逆的帳號確認開始，再處理影響較大的地區設定。</p></aside>
   <footer class="article-footer"><p><a href="/tw/articles/">查看全部繁體中文指南</a> · <a href="/tw/">開啟計算器</a></p></footer>
 </main>
-<script src="/js/intent-tracking.js?v=5cdd51c178"></script>
+<script src="/js/intent-tracking.js?v=8b087d8fdc"></script>
 <script src="/js/third-party.js?v=30f1e46c0b"></script>
 </body>
 </html>
diff --git a/tw/articles/google-play-points-discounts-promo-codes.html b/tw/articles/google-play-points-discounts-promo-codes.html
index c097b3a..cb3e8ac 100644
--- a/tw/articles/google-play-points-discounts-promo-codes.html
+++ b/tw/articles/google-play-points-discounts-promo-codes.html
@@ -101,7 +101,7 @@
   <aside class="author-box"><p class="author-box-label">作者</p><p class="author-box-name"><a href="/author/katakata.html" rel="author">Katakata</a> — Google Play Points 計算器</p><p>本文以台灣帳號的 NT$30 積點單位與台灣福利為準，不直接套用日本或美國規則。</p></aside>
   <footer class="article-footer"><p><a href="/tw/articles/">返回繁體中文指南</a> · <a href="/tw/">開啟計算器</a></p></footer>
 </main>
-<script src="/js/intent-tracking.js?v=5cdd51c178"></script>
+<script src="/js/intent-tracking.js?v=8b087d8fdc"></script>
 <script src="/js/third-party.js?v=30f1e46c0b"></script>
 </body>
 </html>
diff --git a/tw/articles/google-play-points-earn-free.html b/tw/articles/google-play-points-earn-free.html
index fd1e526..803d411 100644
--- a/tw/articles/google-play-points-earn-free.html
+++ b/tw/articles/google-play-points-earn-free.html
@@ -58,6 +58,6 @@
   <aside class="author-box"><p class="author-box-label">作者</p><p class="author-box-name"><a href="/author/katakata.html" rel="author">Katakata</a> — Google Play Points 計算器</p><p>本文將不需新增消費、訂閱型福利與購買型活動分開說明。</p></aside>
   <footer class="article-footer"><p><a href="/tw/articles/">返回繁體中文指南</a> · <a href="/tw/">開啟計算器</a></p></footer>
 </main>
-<script src="/js/intent-tracking.js?v=5cdd51c178"></script><script src="/js/third-party.js?v=30f1e46c0b"></script>
+<script src="/js/intent-tracking.js?v=8b087d8fdc"></script><script src="/js/third-party.js?v=30f1e46c0b"></script>
 </body>
 </html>
\ No newline at end of file
diff --git a/tw/articles/google-play-points-expiration.html b/tw/articles/google-play-points-expiration.html
index 49beedf..8a56bf1 100644
--- a/tw/articles/google-play-points-expiration.html
+++ b/tw/articles/google-play-points-expiration.html
@@ -31,4 +31,4 @@
   </article>
   <aside class="author-box" aria-label="文章作者"><p class="author-box-label">文章作者</p><p class="author-box-name"><a href="/author/katakata.html" rel="author">Katakata — Play Points 計算器編輯</a></p><p>內容區分官方規則與估算結果。最新條件請以自己的 Google Play 畫面為準。</p></aside>
   <nav id="article-nav" class="article-nav"></nav><footer class="article-footer"><p><a href="/tw/articles/">繁體中文指南</a> | <a href="/tw/">計算器首頁</a></p><p class="small">本文為一般說明，最終條件以 Google Play 官方畫面為準。</p></footer>
-</main><script src="/js/intent-tracking.js?v=5cdd51c178"></script><script src="/js/third-party.js?v=30f1e46c0b"></script></body></html>
+</main><script src="/js/intent-tracking.js?v=8b087d8fdc"></script><script src="/js/third-party.js?v=30f1e46c0b"></script></body></html>
diff --git a/tw/articles/google-play-points-family-sharing.html b/tw/articles/google-play-points-family-sharing.html
index 6530060..0682b4b 100644
--- a/tw/articles/google-play-points-family-sharing.html
+++ b/tw/articles/google-play-points-family-sharing.html
@@ -31,4 +31,4 @@
   </article>
   <aside class="author-box" aria-label="文章作者"><p class="author-box-label">文章作者</p><p class="author-box-name"><a href="/author/katakata.html" rel="author">Katakata — Play Points 計算器編輯</a></p><p>內容區分官方規則與估算結果。最新條件請以自己的 Google Play 畫面為準。</p></aside>
   <nav id="article-nav" class="article-nav"></nav><footer class="article-footer"><p><a href="/tw/articles/">繁體中文指南</a> | <a href="/tw/">計算器首頁</a></p><p class="small">本文為一般說明，最終條件以 Google Play 官方畫面為準。</p></footer>
-</main><script src="/js/intent-tracking.js?v=5cdd51c178"></script><script src="/js/third-party.js?v=30f1e46c0b"></script></body></html>
+</main><script src="/js/intent-tracking.js?v=8b087d8fdc"></script><script src="/js/third-party.js?v=30f1e46c0b"></script></body></html>
diff --git a/tw/articles/google-play-points-fastest-silver.html b/tw/articles/google-play-points-fastest-silver.html
index eaa5117..b7a330f 100644
--- a/tw/articles/google-play-points-fastest-silver.html
+++ b/tw/articles/google-play-points-fastest-silver.html
@@ -108,7 +108,7 @@
     </aside>
     <footer class="article-footer"><p><a href="/tw/articles/">返回指南</a> | <a href="/tw/">計算機首頁</a></p></footer>
 </main>
-<script src="/js/intent-tracking.js?v=5cdd51c178"></script>
+<script src="/js/intent-tracking.js?v=8b087d8fdc"></script>
 <script src="/js/third-party.js?v=30f1e46c0b"></script>
 </body>
 </html>
diff --git a/tw/articles/google-play-points-gift-cards.html b/tw/articles/google-play-points-gift-cards.html
index 90a4c30..b9b9d1d 100644
--- a/tw/articles/google-play-points-gift-cards.html
+++ b/tw/articles/google-play-points-gift-cards.html
@@ -118,7 +118,7 @@
     <nav id="article-nav" class="article-nav"></nav>
     <footer class="article-footer"><p><a href="/tw/articles/">返回指南</a> | <a href="/tw/">計算機首頁</a></p><p class="small article-note-spacing">本文為一般說明，最終條件以 Google 官方提供地區清單與自己的帳號畫面為準。</p></footer>
 </main>
-<script src="/js/intent-tracking.js?v=5cdd51c178"></script>
+<script src="/js/intent-tracking.js?v=8b087d8fdc"></script>
 <script src="/js/third-party.js?v=30f1e46c0b"></script>
 </body>
 </html>
diff --git a/tw/articles/google-play-points-join-eligibility.html b/tw/articles/google-play-points-join-eligibility.html
index ac7d50f..8f1bce7 100644
--- a/tw/articles/google-play-points-join-eligibility.html
+++ b/tw/articles/google-play-points-join-eligibility.html
@@ -108,7 +108,7 @@
     </aside>
     <footer class="article-footer"><p><a href="/tw/articles/">返回指南</a> | <a href="/tw/">計算機首頁</a></p></footer>
 </main>
-<script src="/js/intent-tracking.js?v=5cdd51c178"></script>
+<script src="/js/intent-tracking.js?v=8b087d8fdc"></script>
 <script src="/js/third-party.js?v=30f1e46c0b"></script>
 </body>
 </html>
diff --git a/tw/articles/google-play-points-level-maintenance-reset.html b/tw/articles/google-play-points-level-maintenance-reset.html
index 85a417a..7f52358 100644
--- a/tw/articles/google-play-points-level-maintenance-reset.html
+++ b/tw/articles/google-play-points-level-maintenance-reset.html
@@ -110,7 +110,7 @@
     <p class="small">這是未與 Google 合作的獨立指南。購買前請確認 Google Play 官方說明與自己的帳號畫面。</p>
   </footer>
 </main>
-<script src="/js/intent-tracking.js?v=5cdd51c178"></script>
+<script src="/js/intent-tracking.js?v=8b087d8fdc"></script>
 <script src="/js/third-party.js?v=30f1e46c0b"></script>
 </body>
 </html>
diff --git a/tw/articles/google-play-points-levels.html b/tw/articles/google-play-points-levels.html
index c3db0ac..b632c64 100644
--- a/tw/articles/google-play-points-levels.html
+++ b/tw/articles/google-play-points-levels.html
@@ -111,7 +111,7 @@
     </aside>
     <footer class="article-footer"><p><a href="/tw/articles/">返回指南</a> | <a href="/tw/">計算機首頁</a></p></footer>
 </main>
-<script src="/js/intent-tracking.js?v=5cdd51c178"></script>
+<script src="/js/intent-tracking.js?v=8b087d8fdc"></script>
 <script src="/js/third-party.js?v=30f1e46c0b"></script>
 </body>
 </html>
diff --git a/tw/articles/google-play-points-multiple-accounts.html b/tw/articles/google-play-points-multiple-accounts.html
index a1841f6..71d704d 100644
--- a/tw/articles/google-play-points-multiple-accounts.html
+++ b/tw/articles/google-play-points-multiple-accounts.html
@@ -49,6 +49,6 @@
   <aside class="author-box" aria-label="文章作者"><p class="author-box-label">文章作者</p><p class="author-box-name"><a href="/author/katakata.html" rel="author">Katakata</a> - Google Play Points 計算器編輯</p><p>本文把官方帳號規則與規劃估算分開整理。消費前請確認實際購買帳號的 Google Play 畫面。</p></aside>
   <footer class="article-footer"><p><a href="/tw/articles/">返回指南</a> | <a href="/tw/">計算機首頁</a></p></footer>
 </main>
-<script src="/js/intent-tracking.js?v=5cdd51c178"></script><script src="/js/third-party.js?v=30f1e46c0b"></script>
+<script src="/js/intent-tracking.js?v=8b087d8fdc"></script><script src="/js/third-party.js?v=30f1e46c0b"></script>
 </body>
 </html>
diff --git a/tw/articles/google-play-points-not-showing.html b/tw/articles/google-play-points-not-showing.html
index d53db73..563b5a8 100644
--- a/tw/articles/google-play-points-not-showing.html
+++ b/tw/articles/google-play-points-not-showing.html
@@ -178,7 +178,7 @@
         <p class="small article-note-spacing">本頁是一般指南與計算機入口。請在 Google Play 官方說明與 App 畫面確認最新精確規則。</p>
     </footer>
 </main>
-<script src="/js/intent-tracking.js?v=5cdd51c178"></script>
+<script src="/js/intent-tracking.js?v=8b087d8fdc"></script>
 <script src="/js/third-party.js?v=30f1e46c0b"></script>
 </body>
 </html>
diff --git a/tw/articles/google-play-points-platinum-diamond-cost.html b/tw/articles/google-play-points-platinum-diamond-cost.html
index 2e66f9f..a1158d1 100644
--- a/tw/articles/google-play-points-platinum-diamond-cost.html
+++ b/tw/articles/google-play-points-platinum-diamond-cost.html
@@ -25,4 +25,4 @@
   </article>
   <aside class="author-box"><p class="author-box-label">作者</p><p class="author-box-name"><a href="/author/katakata.html" rel="author">Katakata</a> — Google Play Points 計算器</p><p>本文將台灣官方數字與計算假設分開說明。</p></aside>
   <footer class="article-footer"><p><a href="/tw/articles/">返回指南</a> | <a href="/tw/">計算器</a></p></footer>
-</main><script src="/js/intent-tracking.js?v=5cdd51c178"></script><script src="/js/third-party.js?v=30f1e46c0b"></script></body></html>
\ No newline at end of file
+</main><script src="/js/intent-tracking.js?v=8b087d8fdc"></script><script src="/js/third-party.js?v=30f1e46c0b"></script></body></html>
\ No newline at end of file
diff --git a/tw/articles/google-play-points-play-credit-not-working.html b/tw/articles/google-play-points-play-credit-not-working.html
index a826d1d..a3e07a6 100644
--- a/tw/articles/google-play-points-play-credit-not-working.html
+++ b/tw/articles/google-play-points-play-credit-not-working.html
@@ -102,7 +102,7 @@
     <p class="small">本文為一般檢查指南。最新條件請以 Google Play 官方說明與自己的帳號畫面為準。</p>
   </footer>
 </main>
-<script src="/js/intent-tracking.js?v=5cdd51c178"></script>
+<script src="/js/intent-tracking.js?v=8b087d8fdc"></script>
 <script src="/js/third-party.js?v=30f1e46c0b"></script>
 </body>
 </html>
diff --git a/tw/articles/google-play-points-promotion-not-applied.html b/tw/articles/google-play-points-promotion-not-applied.html
index 7870b66..9a2ae5f 100644
--- a/tw/articles/google-play-points-promotion-not-applied.html
+++ b/tw/articles/google-play-points-promotion-not-applied.html
@@ -177,7 +177,7 @@
         <p class="small article-note-spacing">本頁是一般指南與計算機入口。請在 Google Play 官方說明與 App 畫面確認最新精確規則。</p>
     </footer>
 </main>
-<script src="/js/intent-tracking.js?v=5cdd51c178"></script>
+<script src="/js/intent-tracking.js?v=8b087d8fdc"></script>
 <script src="/js/third-party.js?v=30f1e46c0b"></script>
 </body>
 </html>
diff --git a/tw/articles/google-play-points-promotion-stacking.html b/tw/articles/google-play-points-promotion-stacking.html
index da599c8..50cbf8a 100644
--- a/tw/articles/google-play-points-promotion-stacking.html
+++ b/tw/articles/google-play-points-promotion-stacking.html
@@ -107,7 +107,7 @@
     </aside>
     <footer class="article-footer"><p><a href="/tw/articles/">返回指南</a> | <a href="/tw/">計算機首頁</a></p></footer>
 </main>
-<script src="/js/intent-tracking.js?v=5cdd51c178"></script>
+<script src="/js/intent-tracking.js?v=8b087d8fdc"></script>
 <script src="/js/third-party.js?v=30f1e46c0b"></script>
 </body>
 </html>
diff --git a/tw/articles/google-play-points-refund.html b/tw/articles/google-play-points-refund.html
index 36d0547..5add90c 100644
--- a/tw/articles/google-play-points-refund.html
+++ b/tw/articles/google-play-points-refund.html
@@ -31,4 +31,4 @@
   </article>
   <aside class="author-box" aria-label="文章作者"><p class="author-box-label">文章作者</p><p class="author-box-name"><a href="/author/katakata.html" rel="author">Katakata — Play Points 計算器編輯</a></p><p>內容區分官方規則與估算結果。最新條件請以自己的 Google Play 畫面為準。</p></aside>
   <nav id="article-nav" class="article-nav"></nav><footer class="article-footer"><p><a href="/tw/articles/">繁體中文指南</a> | <a href="/tw/">計算器首頁</a></p><p class="small">本文為一般說明，最終條件以 Google Play 官方畫面為準。</p></footer>
-</main><script src="/js/intent-tracking.js?v=5cdd51c178"></script><script src="/js/third-party.js?v=30f1e46c0b"></script></body></html>
+</main><script src="/js/intent-tracking.js?v=8b087d8fdc"></script><script src="/js/third-party.js?v=30f1e46c0b"></script></body></html>
diff --git a/tw/articles/google-play-points-rounding-tax.html b/tw/articles/google-play-points-rounding-tax.html
index 012bfb7..e3e5ce4 100644
--- a/tw/articles/google-play-points-rounding-tax.html
+++ b/tw/articles/google-play-points-rounding-tax.html
@@ -88,7 +88,7 @@
   <aside class="author-box"><p class="author-box-label">作者</p><p class="author-box-name"><a href="/author/katakata.html" rel="author">Katakata</a> — Google Play Points 計算器營運與編輯</p><p>不把美國、日本或韓國的積點單位直接套用到台灣帳號。</p></aside>
   <footer class="article-footer"><p><a href="/tw/articles/">查看全部繁體中文指南</a> · <a href="/tw/">開啟計算器</a></p></footer>
 </main>
-<script src="/js/intent-tracking.js?v=5cdd51c178"></script>
+<script src="/js/intent-tracking.js?v=8b087d8fdc"></script>
 <script src="/js/third-party.js?v=30f1e46c0b"></script>
 </body>
 </html>
diff --git a/tw/articles/google-play-points-subscriptions.html b/tw/articles/google-play-points-subscriptions.html
index ee15fde..0ccf8ee 100644
--- a/tw/articles/google-play-points-subscriptions.html
+++ b/tw/articles/google-play-points-subscriptions.html
@@ -178,7 +178,7 @@
         <p class="small article-note-spacing">本頁是一般指南與計算機入口。請在 Google Play 官方說明與 App 畫面確認最新精確規則。</p>
     </footer>
 </main>
-<script src="/js/intent-tracking.js?v=5cdd51c178"></script>
+<script src="/js/intent-tracking.js?v=8b087d8fdc"></script>
 <script src="/js/third-party.js?v=30f1e46c0b"></script>
 </body>
 </html>
diff --git a/tw/articles/google-play-points-super-weekly-reward.html b/tw/articles/google-play-points-super-weekly-reward.html
index daf91ca..e30c3c8 100644
--- a/tw/articles/google-play-points-super-weekly-reward.html
+++ b/tw/articles/google-play-points-super-weekly-reward.html
@@ -51,6 +51,6 @@
   <nav id="article-nav" class="article-nav"></nav>
   <footer class="article-footer"><p><a href="/tw/articles/">返回指南</a> | <a href="/tw/">計算機首頁</a></p><p class="small">最終提供狀態請以自己的 Google Play 福利畫面為準。</p></footer>
 </main>
-<script src="/js/intent-tracking.js?v=5cdd51c178"></script><script src="/js/third-party.js?v=30f1e46c0b"></script>
+<script src="/js/intent-tracking.js?v=8b087d8fdc"></script><script src="/js/third-party.js?v=30f1e46c0b"></script>
 </body>
 </html>
\ No newline at end of file
diff --git a/tw/articles/google-play-points-use-coupons.html b/tw/articles/google-play-points-use-coupons.html
index 179c3df..3f18eb9 100644
--- a/tw/articles/google-play-points-use-coupons.html
+++ b/tw/articles/google-play-points-use-coupons.html
@@ -3,4 +3,4 @@
     <link rel="alternate" hreflang="en" href="https://playpoint-sim.com/en/articles/google-play-points-use-coupons.html" />
     <link rel="alternate" hreflang="ko" href="https://playpoint-sim.com/ko/articles/google-play-points-use-coupons.html" />
     <link rel="alternate" hreflang="zh-TW" href="https://playpoint-sim.com/tw/articles/google-play-points-use-coupons.html" />
-    <link rel="alternate" hreflang="x-default" href="https://playpoint-sim.com/en/articles/google-play-points-use-coupons.html" /><link rel="icon" href="/favicon.svg" type="image/svg+xml"><link rel="stylesheet" href="/articles/article-shared.css?v=570302fe13"><link rel="stylesheet" href="/en/articles/intl-article.css?v=7e174d8811"><meta property="og:type" content="article"><meta property="og:site_name" content="Google Play Points 計算器"><meta property="og:title" content="Google Play Points 使用方式與優惠券確認"><meta property="og:description" content="先分清楚優惠券、Play 抵用金與現金，再使用點數。"><meta property="og:url" content="https://playpoint-sim.com/tw/articles/google-play-points-use-coupons.html"><meta property="og:image" content="https://playpoint-sim.com/ogp.png"><meta name="twitter:card" content="summary_large_image"><script type="application/ld+json">{"@context":"https://schema.org","@type":"Article","headline":"Google Play Points 使用方式與優惠券確認","description":"說明如何把 Google Play Points 用於優惠券、Play 抵用金、App 內項目與合作夥伴獎勵，以及期限與退款條件。","url":"https://playpoint-sim.com/tw/articles/google-play-points-use-coupons.html","inLanguage":"zh-TW","datePublished":"2026-07-25","dateModified":"2026-07-25","image":"https://playpoint-sim.com/ogp.png","author":{"@type":"Person","name":"Katakata","url":"https://playpoint-sim.com/author/katakata.html"},"publisher":{"@type":"Organization","name":"Google Play Points 計算器","url":"https://playpoint-sim.com/","logo":{"@type":"ImageObject","url":"https://playpoint-sim.com/favicon.svg"}}}</script><script type="application/ld+json">{"@context":"https://schema.org","@type":"FAQPage","mainEntity":[{"@type":"Question","name":"兌換後的優惠券在哪裡？","acceptedAnswer":{"@type":"Answer","text":"依 Google 說明，可在「通知與優惠」的已儲存優惠中查看，符合條件的 App 內購買會自動套用。"}},{"@type":"Question","name":"Play Points 優惠券會到期嗎？","acceptedAnswer":{"@type":"Answer","text":"會。使用點數兌換的優惠券會在一年後到期。"}},{"@type":"Question","name":"可以取消 App 內項目的兌換嗎？","acceptedAnswer":{"@type":"Answer","text":"依 Google 說明，使用點數取得 App 內或遊戲內項目通常不能退款。"}}]}</script></head><body><main class="main-card"><div class="hero"><span class="hero-badge">使用點數</span><h1>Google Play Points 使用方式與優惠券確認</h1><p class="hero-meta">更新 2026-07-25 ・ Play Points 指南</p></div><article class="content"><div class="intro">Google Play Points 可以兌換多種獎勵，但使用方式並不相同。優惠券會折抵符合條件的購買，Play 抵用金會成為另一筆 Google Play 餘額，App 內項目則會出現在指定 App 或遊戲中。使用點數前，先確認適用對象、最低消費、期限與退款規則。</div><nav class="intl-article-toc" aria-label="目錄"><h2>目錄</h2><ol><li><a href="#section-1">先從「使用」頁籤開始</a></li><li><a href="#section-2">優惠券只折抵符合條件的購買</a></li><li><a href="#section-3">Play 抵用金和優惠券不是同一種獎勵</a></li><li><a href="#section-4">App 內項目與合作夥伴獎勵有各自規則</a></li><li><a href="#section-5">比較實際用途，不只看顯示價值</a></li></ol></nav><section class="section"><h2 id="section-1">先從「使用」頁籤開始</h2><p>在 Google Play 選擇持有點數的帳號，進入 Play Points 並開啟「使用」。畫面列出的內容才是目前帳號與地區可使用的獎勵。</p><p>不要依照舊截圖或其他地區的清單安排兌換。獎勵內容與所需點數可能改變。</p></section><section class="section"><h2 id="section-2">優惠券只折抵符合條件的購買</h2><p>當 App 內或遊戲內購買符合條件時，優惠券會自動套用。兌換前請確認適用 App、最低消費、折扣金額與有效期限。</p><p>Google 說明指出，使用點數兌換的優惠券會在一年後到期。已儲存的優惠券可在「通知與優惠」的已儲存優惠中查看，選單名稱可能因 App 版本不同。</p></section><section class="section"><h2 id="section-3">Play 抵用金和優惠券不是同一種獎勵</h2><p>Play 抵用金可用於符合資格的 Google Play 購買；App 專用優惠券則只適用於指定 App 或遊戲及其條件。</p><p>用點數兌換的 Play 抵用金也會在一年後到期。它不是現金，不能提領到銀行或外部電子錢包。</p></section><section class="section"><h2 id="section-4">App 內項目與合作夥伴獎勵有各自規則</h2><p>兌換的 App 內或遊戲內項目要到對應 App 中查看。若帳號提供合作夥伴票券，通常會儲存在福利頁籤，並可能有另外的使用期限。</p><p>Google 表示，使用點數取得 App 內項目或進行捐款通常不能退款，因此完成前要確認兌換對象。</p></section><section class="section"><h2 id="section-5">比較實際用途，不只看顯示價值</h2><p>最好的獎勵是你原本就會使用的內容。需要額外消費或在使用前到期的優惠券，即使折扣看起來很大，也可能沒有實際價值。</p><p>累積點數的成本與兌換價值是兩件事。計算器只估算取得點數所需消費，不會替你決定哪個獎勵最划算。</p></section><div class="cta-box"><h3>確認取得所需點數要花多少</h3><p>先估算累積所需消費，再只兌換確定會使用的獎勵。</p><a class="cta-btn" href="/tw/">開啟計算機</a></div><aside class="official-source-note"><h2>官方來源</h2><p>Google 官方說明介紹「使用」頁籤、優惠券、Play 抵用金、App 內項目、合作夥伴獎勵，以及期限與退款限制。</p><p><a href="https://support.google.com/googleplay/answer/9079840?hl=zh-Hant" target="_blank" rel="noopener noreferrer">在 Google Play 商店使用點數</a></p><p><a href="https://support.google.com/googleplay/answer/9077247?hl=zh-Hant" target="_blank" rel="noopener noreferrer">Google Play Points 問題排解</a></p></aside><section class="section"><h2>FAQ</h2><h3>兌換後的優惠券在哪裡？</h3><p>依 Google 說明，可在「通知與優惠」的已儲存優惠中查看，符合條件的 App 內購買會自動套用。</p><h3>Play Points 優惠券會到期嗎？</h3><p>會。使用點數兌換的優惠券會在一年後到期。</p><h3>可以取消 App 內項目的兌換嗎？</h3><p>依 Google 說明，使用點數取得 App 內或遊戲內項目通常不能退款。</p></section><section class="section related-links-section"><h2>下一步</h2><ul><li><a href="/tw/articles/google-play-points-join-eligibility.html">加入資格與沒有加入按鈕時</a></li><li><a href="/tw/articles/google-play-points-cash-conversion.html">為什麼 Play 抵用金不是現金</a></li><li><a href="/tw/articles/google-play-points-expiration.html">點數與獎勵有效期限</a></li><li><a href="/tw/points-cost/">點數需要多少消費計算器</a></li><li><a href="/author/katakata.html">Katakata</a></li></ul></section></article><aside class="author-box" aria-label="文章作者"><p class="author-box-label">文章作者</p><p class="author-box-name"><a href="/author/katakata.html" rel="author">Katakata</a> - Google Play Points 計算器</p><p>本文把官方規則與實際確認步驟分開整理。操作前請以 Google Play App 顯示的目前選項與資格為準。</p></aside><footer class="article-footer"><p><a href="/tw/articles/">返回指南</a> | <a href="/tw/">計算機首頁</a></p></footer></main><script src="/js/intent-tracking.js?v=5cdd51c178"></script><script src="/js/third-party.js?v=30f1e46c0b"></script></body></html>
\ No newline at end of file
+    <link rel="alternate" hreflang="x-default" href="https://playpoint-sim.com/en/articles/google-play-points-use-coupons.html" /><link rel="icon" href="/favicon.svg" type="image/svg+xml"><link rel="stylesheet" href="/articles/article-shared.css?v=570302fe13"><link rel="stylesheet" href="/en/articles/intl-article.css?v=7e174d8811"><meta property="og:type" content="article"><meta property="og:site_name" content="Google Play Points 計算器"><meta property="og:title" content="Google Play Points 使用方式與優惠券確認"><meta property="og:description" content="先分清楚優惠券、Play 抵用金與現金，再使用點數。"><meta property="og:url" content="https://playpoint-sim.com/tw/articles/google-play-points-use-coupons.html"><meta property="og:image" content="https://playpoint-sim.com/ogp.png"><meta name="twitter:card" content="summary_large_image"><script type="application/ld+json">{"@context":"https://schema.org","@type":"Article","headline":"Google Play Points 使用方式與優惠券確認","description":"說明如何把 Google Play Points 用於優惠券、Play 抵用金、App 內項目與合作夥伴獎勵，以及期限與退款條件。","url":"https://playpoint-sim.com/tw/articles/google-play-points-use-coupons.html","inLanguage":"zh-TW","datePublished":"2026-07-25","dateModified":"2026-07-25","image":"https://playpoint-sim.com/ogp.png","author":{"@type":"Person","name":"Katakata","url":"https://playpoint-sim.com/author/katakata.html"},"publisher":{"@type":"Organization","name":"Google Play Points 計算器","url":"https://playpoint-sim.com/","logo":{"@type":"ImageObject","url":"https://playpoint-sim.com/favicon.svg"}}}</script><script type="application/ld+json">{"@context":"https://schema.org","@type":"FAQPage","mainEntity":[{"@type":"Question","name":"兌換後的優惠券在哪裡？","acceptedAnswer":{"@type":"Answer","text":"依 Google 說明，可在「通知與優惠」的已儲存優惠中查看，符合條件的 App 內購買會自動套用。"}},{"@type":"Question","name":"Play Points 優惠券會到期嗎？","acceptedAnswer":{"@type":"Answer","text":"會。使用點數兌換的優惠券會在一年後到期。"}},{"@type":"Question","name":"可以取消 App 內項目的兌換嗎？","acceptedAnswer":{"@type":"Answer","text":"依 Google 說明，使用點數取得 App 內或遊戲內項目通常不能退款。"}}]}</script></head><body><main class="main-card"><div class="hero"><span class="hero-badge">使用點數</span><h1>Google Play Points 使用方式與優惠券確認</h1><p class="hero-meta">更新 2026-07-25 ・ Play Points 指南</p></div><article class="content"><div class="intro">Google Play Points 可以兌換多種獎勵，但使用方式並不相同。優惠券會折抵符合條件的購買，Play 抵用金會成為另一筆 Google Play 餘額，App 內項目則會出現在指定 App 或遊戲中。使用點數前，先確認適用對象、最低消費、期限與退款規則。</div><nav class="intl-article-toc" aria-label="目錄"><h2>目錄</h2><ol><li><a href="#section-1">先從「使用」頁籤開始</a></li><li><a href="#section-2">優惠券只折抵符合條件的購買</a></li><li><a href="#section-3">Play 抵用金和優惠券不是同一種獎勵</a></li><li><a href="#section-4">App 內項目與合作夥伴獎勵有各自規則</a></li><li><a href="#section-5">比較實際用途，不只看顯示價值</a></li></ol></nav><section class="section"><h2 id="section-1">先從「使用」頁籤開始</h2><p>在 Google Play 選擇持有點數的帳號，進入 Play Points 並開啟「使用」。畫面列出的內容才是目前帳號與地區可使用的獎勵。</p><p>不要依照舊截圖或其他地區的清單安排兌換。獎勵內容與所需點數可能改變。</p></section><section class="section"><h2 id="section-2">優惠券只折抵符合條件的購買</h2><p>當 App 內或遊戲內購買符合條件時，優惠券會自動套用。兌換前請確認適用 App、最低消費、折扣金額與有效期限。</p><p>Google 說明指出，使用點數兌換的優惠券會在一年後到期。已儲存的優惠券可在「通知與優惠」的已儲存優惠中查看，選單名稱可能因 App 版本不同。</p></section><section class="section"><h2 id="section-3">Play 抵用金和優惠券不是同一種獎勵</h2><p>Play 抵用金可用於符合資格的 Google Play 購買；App 專用優惠券則只適用於指定 App 或遊戲及其條件。</p><p>用點數兌換的 Play 抵用金也會在一年後到期。它不是現金，不能提領到銀行或外部電子錢包。</p></section><section class="section"><h2 id="section-4">App 內項目與合作夥伴獎勵有各自規則</h2><p>兌換的 App 內或遊戲內項目要到對應 App 中查看。若帳號提供合作夥伴票券，通常會儲存在福利頁籤，並可能有另外的使用期限。</p><p>Google 表示，使用點數取得 App 內項目或進行捐款通常不能退款，因此完成前要確認兌換對象。</p></section><section class="section"><h2 id="section-5">比較實際用途，不只看顯示價值</h2><p>最好的獎勵是你原本就會使用的內容。需要額外消費或在使用前到期的優惠券，即使折扣看起來很大，也可能沒有實際價值。</p><p>累積點數的成本與兌換價值是兩件事。計算器只估算取得點數所需消費，不會替你決定哪個獎勵最划算。</p></section><div class="cta-box"><h3>確認取得所需點數要花多少</h3><p>先估算累積所需消費，再只兌換確定會使用的獎勵。</p><a class="cta-btn" href="/tw/">開啟計算機</a></div><aside class="official-source-note"><h2>官方來源</h2><p>Google 官方說明介紹「使用」頁籤、優惠券、Play 抵用金、App 內項目、合作夥伴獎勵，以及期限與退款限制。</p><p><a href="https://support.google.com/googleplay/answer/9079840?hl=zh-Hant" target="_blank" rel="noopener noreferrer">在 Google Play 商店使用點數</a></p><p><a href="https://support.google.com/googleplay/answer/9077247?hl=zh-Hant" target="_blank" rel="noopener noreferrer">Google Play Points 問題排解</a></p></aside><section class="section"><h2>FAQ</h2><h3>兌換後的優惠券在哪裡？</h3><p>依 Google 說明，可在「通知與優惠」的已儲存優惠中查看，符合條件的 App 內購買會自動套用。</p><h3>Play Points 優惠券會到期嗎？</h3><p>會。使用點數兌換的優惠券會在一年後到期。</p><h3>可以取消 App 內項目的兌換嗎？</h3><p>依 Google 說明，使用點數取得 App 內或遊戲內項目通常不能退款。</p></section><section class="section related-links-section"><h2>下一步</h2><ul><li><a href="/tw/articles/google-play-points-join-eligibility.html">加入資格與沒有加入按鈕時</a></li><li><a href="/tw/articles/google-play-points-cash-conversion.html">為什麼 Play 抵用金不是現金</a></li><li><a href="/tw/articles/google-play-points-expiration.html">點數與獎勵有效期限</a></li><li><a href="/tw/points-cost/">點數需要多少消費計算器</a></li><li><a href="/author/katakata.html">Katakata</a></li></ul></section></article><aside class="author-box" aria-label="文章作者"><p class="author-box-label">文章作者</p><p class="author-box-name"><a href="/author/katakata.html" rel="author">Katakata</a> - Google Play Points 計算器</p><p>本文把官方規則與實際確認步驟分開整理。操作前請以 Google Play App 顯示的目前選項與資格為準。</p></aside><footer class="article-footer"><p><a href="/tw/articles/">返回指南</a> | <a href="/tw/">計算機首頁</a></p></footer></main><script src="/js/intent-tracking.js?v=8b087d8fdc"></script><script src="/js/third-party.js?v=30f1e46c0b"></script></body></html>
\ No newline at end of file
diff --git a/tw/articles/google-play-points-weekly-reward.html b/tw/articles/google-play-points-weekly-reward.html
index 9e2e523..372533d 100644
--- a/tw/articles/google-play-points-weekly-reward.html
+++ b/tw/articles/google-play-points-weekly-reward.html
@@ -107,7 +107,7 @@
     </aside>
     <footer class="article-footer"><p><a href="/tw/articles/">返回指南</a> | <a href="/tw/">計算機首頁</a></p></footer>
 </main>
-<script src="/js/intent-tracking.js?v=5cdd51c178"></script>
+<script src="/js/intent-tracking.js?v=8b087d8fdc"></script>
 <script src="/js/third-party.js?v=30f1e46c0b"></script>
 </body>
 </html>
diff --git a/tw/articles/google-play-quests.html b/tw/articles/google-play-quests.html
index 966a6bf..1111405 100644
--- a/tw/articles/google-play-quests.html
+++ b/tw/articles/google-play-quests.html
@@ -57,6 +57,6 @@
   <aside class="author-box" aria-label="文章作者"><p class="author-box-label">文章作者</p><p class="author-box-name"><a href="/author/katakata.html" rel="author">Katakata</a> - Google Play Points 計算器編輯</p><p>本文把 Google 公開的任務通則，與只會顯示在個別帳號中的條件分開整理。</p></aside>
   <footer class="article-footer"><p><a href="/tw/articles/">返回指南</a> | <a href="/tw/">計算機首頁</a></p></footer>
 </main>
-<script src="/js/intent-tracking.js?v=5cdd51c178"></script><script src="/js/third-party.js?v=30f1e46c0b"></script>
+<script src="/js/intent-tracking.js?v=8b087d8fdc"></script><script src="/js/third-party.js?v=30f1e46c0b"></script>
 </body>
 </html>
diff --git a/tw/articles/index.html b/tw/articles/index.html
index 449c94f..75f238e 100644
--- a/tw/articles/index.html
+++ b/tw/articles/index.html
@@ -92,7 +92,7 @@
         <p><a href="/tw/">返回計算機</a></p>
     </footer>
 </main>
-<script src="/js/intent-tracking.js?v=5cdd51c178"></script>
+<script src="/js/intent-tracking.js?v=8b087d8fdc"></script>
 <script src="/js/third-party.js?v=30f1e46c0b"></script>
 </body>
 </html>
diff --git a/tw/campaign/2x/index.html b/tw/campaign/2x/index.html
index 7ae190a..659de6d 100644
--- a/tw/campaign/2x/index.html
+++ b/tw/campaign/2x/index.html
@@ -162,7 +162,7 @@
         <details><summary>2 倍足夠升白金或鑽石嗎？</summary><p>取決於剩餘點數，請搭配 Google Play App 的進度查看。</p></details>
     </section>
 </main>
-<script src="/js/intent-tracking.js?v=5cdd51c178"></script>
+<script src="/js/intent-tracking.js?v=8b087d8fdc"></script>
 <script src="/js/third-party.js?v=30f1e46c0b"></script>
 </body>
 </html>
diff --git a/tw/campaign/3x/index.html b/tw/campaign/3x/index.html
index 6996f1b..4030656 100644
--- a/tw/campaign/3x/index.html
+++ b/tw/campaign/3x/index.html
@@ -166,7 +166,7 @@
         <details><summary>應該等 3 倍活動嗎？</summary><p>只有在原本消費可以等待且資格明確時才值得考慮。</p></details>
     </section>
 </main>
-<script src="/js/intent-tracking.js?v=5cdd51c178"></script>
+<script src="/js/intent-tracking.js?v=8b087d8fdc"></script>
 <script src="/js/third-party.js?v=30f1e46c0b"></script>
 </body>
 </html>
diff --git a/tw/campaign/wait/index.html b/tw/campaign/wait/index.html
index 8b535dc..03493af 100644
--- a/tw/campaign/wait/index.html
+++ b/tw/campaign/wait/index.html
@@ -166,7 +166,7 @@
         <details><summary>先比較什麼？</summary><p>用同一個剩餘點數目標，依序比較 1 倍、2 倍、3 倍。</p></details>
     </section>
 </main>
-<script src="/js/intent-tracking.js?v=5cdd51c178"></script>
+<script src="/js/intent-tracking.js?v=8b087d8fdc"></script>
 <script src="/js/third-party.js?v=30f1e46c0b"></script>
 </body>
 </html>
diff --git a/tw/maintenance/diamond/index.html b/tw/maintenance/diamond/index.html
index 32684c3..f9ad027 100644
--- a/tw/maintenance/diamond/index.html
+++ b/tw/maintenance/diamond/index.html
@@ -132,7 +132,7 @@
   <footer class="maintenance-footer"><p>本工具並非 Google 官方服務。Google Play 與 Google Play Points 為 Google LLC 的商標。</p><p><a href="/author/katakata.html" rel="author">Katakata</a> · 2026-07-25</p></footer>
 </main>
 <script src="/maintenance/intl-maintenance.js?v=d551fecb4f"></script>
-<script src="/js/intent-tracking.js?v=5cdd51c178"></script>
+<script src="/js/intent-tracking.js?v=8b087d8fdc"></script>
 <script src="/js/third-party.js?v=30f1e46c0b"></script>
 </body>
 </html>
diff --git a/tw/maintenance/platinum/index.html b/tw/maintenance/platinum/index.html
index 5294946..bd0d6f2 100644
--- a/tw/maintenance/platinum/index.html
+++ b/tw/maintenance/platinum/index.html
@@ -132,7 +132,7 @@
   <footer class="maintenance-footer"><p>本工具並非 Google 官方服務。Google Play 與 Google Play Points 為 Google LLC 的商標。</p><p><a href="/author/katakata.html" rel="author">Katakata</a> · 2026-07-25</p></footer>
 </main>
 <script src="/maintenance/intl-maintenance.js?v=d551fecb4f"></script>
-<script src="/js/intent-tracking.js?v=5cdd51c178"></script>
+<script src="/js/intent-tracking.js?v=8b087d8fdc"></script>
 <script src="/js/third-party.js?v=30f1e46c0b"></script>
 </body>
 </html>
diff --git a/tw/points-cost/index.html b/tw/points-cost/index.html
index d0f26ec..fb2e710 100644
--- a/tw/points-cost/index.html
+++ b/tw/points-cost/index.html
@@ -162,7 +162,7 @@
     <p><a href="/privacy.html">Privacy</a> · <a href="/terms.html">Terms</a> · <a href="/author/katakata.html">Author</a></p>
   </div>
 </footer>
-<script type="module" src="/js/points-cost.js?v=9843d25166"></script>
+<script type="module" src="/js/points-cost.js?v=ecb2ab0d0d"></script>
 <script src="/js/third-party.js?v=30f1e46c0b" defer></script>
 </body>
 </html>
diff --git a/tw/status/diamond/index.html b/tw/status/diamond/index.html
index 7f4e5f2..fc0b071 100644
--- a/tw/status/diamond/index.html
+++ b/tw/status/diamond/index.html
@@ -162,7 +162,7 @@
         <details><summary>鑽石等級一定值得嗎？</summary><p>不一定，取決於你是否真的會使用相關回饋。</p></details>
     </section>
 </main>
-<script src="/js/intent-tracking.js?v=5cdd51c178"></script>
+<script src="/js/intent-tracking.js?v=8b087d8fdc"></script>
 <script src="/js/third-party.js?v=30f1e46c0b"></script>
 </body>
 </html>
diff --git a/tw/status/gold/index.html b/tw/status/gold/index.html
index a49ee42..f3a5675 100644
--- a/tw/status/gold/index.html
+++ b/tw/status/gold/index.html
@@ -166,7 +166,7 @@
         <details><summary>這能取代官方進度嗎？</summary><p>不能。官方進度仍以 Google Play App 顯示為準。</p></details>
     </section>
 </main>
-<script src="/js/intent-tracking.js?v=5cdd51c178"></script>
+<script src="/js/intent-tracking.js?v=8b087d8fdc"></script>
 <script src="/js/third-party.js?v=30f1e46c0b"></script>
 </body>
 </html>
diff --git a/tw/status/platinum/index.html b/tw/status/platinum/index.html
index 2b3063c..9fd033f 100644
--- a/tw/status/platinum/index.html
+++ b/tw/status/platinum/index.html
@@ -166,7 +166,7 @@
         <details><summary>應該等活動再衝白金嗎？</summary><p>如果原本就有計畫消費，且活動資格明確，比較 1 倍與 2 倍或 3 倍會更好判斷。</p></details>
     </section>
 </main>
-<script src="/js/intent-tracking.js?v=5cdd51c178"></script>
+<script src="/js/intent-tracking.js?v=8b087d8fdc"></script>
 <script src="/js/third-party.js?v=30f1e46c0b"></script>
 </body>
 </html>
diff --git a/tw/status/silver/index.html b/tw/status/silver/index.html
index 1b3c32b..dca35e0 100644
--- a/tw/status/silver/index.html
+++ b/tw/status/silver/index.html
@@ -166,7 +166,7 @@
         <details><summary>可以把多個活動倍率相乘嗎？</summary><p>不可以，套用最高的適用累積率。</p></details>
     </section>
 </main>
-<script src="/js/intent-tracking.js?v=5cdd51c178"></script>
+<script src="/js/intent-tracking.js?v=8b087d8fdc"></script>
 <script src="/js/third-party.js?v=30f1e46c0b"></script>
 </body>
 </html>
Generated files are out of sync. Run `node scripts/build-html.js`, review the diff, and commit the generated output.

=== 公開必須ファイル検証 ===
公開必須ファイルが揃っています。

=== Service Worker先読み対象検証 ===
Service Worker先読み対象が揃っています（47件）。

=== 公開記事の3クリック以内検証 ===
公開記事のクリック深度: 137件、最大3クリック

=== 全回帰テスト ===
TAP version 13
# Subtest: the complete published article corpus keeps structural quality signals
ok 1 - the complete published article corpus keeps structural quality signals
  ---
  duration_ms: 49.171843
  type: 'test'
  ...
# Subtest: article hreflang links are reciprocal and use the Taiwan locale code
ok 2 - article hreflang links are reciprocal and use the Taiwan locale code
  ---
  duration_ms: 50.266711
  type: 'test'
  ...
# Subtest: rewritten gift-card guides contain verifiable checks, not permanent discount claims
ok 3 - rewritten gift-card guides contain verifiable checks, not permanent discount claims
  ---
  duration_ms: 1.081057
  type: 'test'
  ...
# Subtest: known overstatements do not return to published copy
ok 4 - known overstatements do not return to published copy
  ---
  duration_ms: 16.155345
  type: 'test'
  ...
# Subtest: missing mapped related section is inserted before article end
ok 5 - missing mapped related section is inserted before article end
  ---
  duration_ms: 6.318232
  type: 'test'
  ...
# Subtest: existing related section is preserved without duplication
ok 6 - existing related section is preserved without duplication
  ---
  duration_ms: 0.387446
  type: 'test'
  ...
# Subtest: mapped section containing only non-article links is replaced with curated article guides
ok 7 - mapped section containing only non-article links is replaced with curated article guides
  ---
  duration_ms: 0.569387
  type: 'test'
  ...
# Subtest: scope note is inserted after the lead answer and links to the paired page
ok 8 - scope note is inserted after the lead answer and links to the paired page
  ---
  duration_ms: 0.836654
  type: 'test'
  ...
# Subtest: check mode detects required changes and does not write
ok 9 - check mode detects required changes and does not write
  ---
  duration_ms: 3.56535
  type: 'test'
  ...
# Subtest: normalization is idempotent and validates related targets
ok 10 - normalization is idempotent and validates related targets
  ---
  duration_ms: 3.256171
  type: 'test'
  ...
# Subtest: validator rejects self links in a non-curated related section
ok 11 - validator rejects self links in a non-curated related section
  ---
  duration_ms: 0.953167
  type: 'test'
  ...
# Subtest: 通常のウィークリーリワードとPlay Pass週次特典を区別して案内する
ok 12 - 通常のウィークリーリワードとPlay Pass週次特典を区別して案内する
  ---
  duration_ms: 1.685516
  type: 'test'
  ...
# Subtest: 入門記事の獲得対象は現在の日本向け公式案内に合わせる
ok 13 - 入門記事の獲得対象は現在の日本向け公式案内に合わせる
  ---
  duration_ms: 0.994489
  type: 'test'
  ...
# Subtest: 週次特典を使う補足記事にもシルバー以上の条件を明記する
ok 14 - 週次特典を使う補足記事にもシルバー以上の条件を明記する
  ---
  duration_ms: 0.588515
  type: 'test'
  ...
# Subtest: ゲーム以外の記事は終了・未確認サービスを獲得対象と断定しない
ok 15 - ゲーム以外の記事は終了・未確認サービスを獲得対象と断定しない
  ---
  duration_ms: 1.249217
  type: 'test'
  ...
# Subtest: サブスク記事は現行の公式確認項目だけを例示する
ok 16 - サブスク記事は現行の公式確認項目だけを例示する
  ---
  duration_ms: 0.529628
  type: 'test'
  ...
# Subtest: ダイヤモンド記事は未公表の週次上限を事実扱いしない
ok 17 - ダイヤモンド記事は未公表の週次上限を事実扱いしない
  ---
  duration_ms: 0.398102
  type: 'test'
  ...
# Subtest: 反映時間は公式案内にない時間幅を断定しない
ok 18 - 反映時間は公式案内にない時間幅を断定しない
  ---
  duration_ms: 0.415397
  type: 'test'
  ...
# Subtest: 終了済みの2025年末から2026年正月予測には履歴記事の明示がある
ok 19 - 終了済みの2025年末から2026年正月予測には履歴記事の明示がある
  ---
  duration_ms: 0.514796
  type: 'test'
  ...
# Subtest: all quality-audit P1 article files exist
ok 20 - all quality-audit P1 article files exist
  ---
  duration_ms: 1.297668
  type: 'test'
  ...
# Subtest: all international P1 articles are protected as canonical manual content
ok 21 - all international P1 articles are protected as canonical manual content
  ---
  duration_ms: 0.238624
  type: 'test'
  ...
# Subtest: international P1 articles share a validated audit update date
ok 22 - international P1 articles share a validated audit update date
  ---
  duration_ms: 3.195911
  type: 'test'
  ...
# Subtest: Super Weekly Prize pages retain the verified ticket and eligibility boundaries
ok 23 - Super Weekly Prize pages retain the verified ticket and eligibility boundaries
  ---
  duration_ms: 1.313132
  type: 'test'
  ...
# Subtest: gift-card discount guides use authorized regional rules instead of a permanent seller ranking
ok 24 - gift-card discount guides use authorized regional rules instead of a permanent seller ranking
  ---
  duration_ms: 2.305727
  type: 'test'
  ...
# Subtest: free-benefit guides separate no-new-purchase benefits from planned purchases
ok 25 - free-benefit guides separate no-new-purchase benefits from planned purchases
  ---
  duration_ms: 0.741082
  type: 'test'
  ...
# Subtest: regional Platinum and Diamond pages expose official thresholds in the title and first screen
ok 26 - regional Platinum and Diamond pages expose official thresholds in the title and first screen
  ---
  duration_ms: 0.429639
  type: 'test'
  ...
# Subtest: country-difference pages are hubs for local level and country-change guides
ok 27 - country-difference pages are hubs for local level and country-change guides
  ---
  duration_ms: 0.426584
  type: 'test'
  ...
# Subtest: Japanese seasonal and Diamond guides preserve the new editorial framing
ok 28 - Japanese seasonal and Diamond guides preserve the new editorial framing
  ---
  duration_ms: 0.509797
  type: 'test'
  ...
# Subtest: 可視本文と一致するFAQPageは保持する
ok 29 - 可視本文と一致するFAQPageは保持する
  ---
  duration_ms: 8.901802
  type: 'test'
  ...
# Subtest: 本文と文言がずれたFAQPageは可視FAQへ同期する
ok 30 - 本文と文言がずれたFAQPageは可視FAQへ同期する
  ---
  duration_ms: 1.388924
  type: 'test'
  ...
# Subtest: 可視FAQが無いFAQPageだけを除去しArticleは残す
ok 31 - 可視FAQが無いFAQPageだけを除去しArticleは残す
  ---
  duration_ms: 0.32287
  type: 'test'
  ...
# Subtest: 既存robots指示を保ったままmax-image-previewをlargeへ統一する
ok 32 - 既存robots指示を保ったままmax-image-previewをlargeへ統一する
  ---
  duration_ms: 0.967739
  type: 'test'
  ...
# Subtest: robots metaが無い場合もhead内へ安全に追加する
ok 33 - robots metaが無い場合もhead内へ安全に追加する
  ---
  duration_ms: 0.381477
  type: 'test'
  ...
# Subtest: 4言語の記事ディレクトリだけを処理し、checkモードでは書き換えない
ok 34 - 4言語の記事ディレクトリだけを処理し、checkモードでは書き換えない
  ---
  duration_ms: 3.239195
  type: 'test'
  ...
# Subtest: 注意ページは既存モードをそのまま使える国を正確に分類する
ok 35 - 注意ページは既存モードをそのまま使える国を正確に分類する
  ---
  duration_ms: 1.468423
  type: 'test'
  ...
# Subtest: 似ているだけの国を完全一致として案内しない
ok 36 - 似ているだけの国を完全一致として案内しない
  ---
  duration_ms: 0.294167
  type: 'test'
  ...
# Subtest: 国をブラウザ言語だけで推測せず公式確認導線を残す
ok 37 - 国をブラウザ言語だけで推測せず公式確認導線を残す
  ---
  duration_ms: 0.260577
  type: 'test'
  ...
# Subtest: 注意ページの確認日をサイト全体の更新日で巻き戻さない
ok 38 - 注意ページの確認日をサイト全体の更新日で巻き戻さない
  ---
  duration_ms: 0.201048
  type: 'test'
  ...
# Subtest: static blog article links follow article registry titles and remain idempotent
ok 39 - static blog article links follow article registry titles and remain idempotent
  ---
  duration_ms: 3.695503
  type: 'test'
  ...
# Subtest: skeleton loading never references filtered results
ok 40 - skeleton loading never references filtered results
  ---
  duration_ms: 1.464898
  type: 'test'
  ...
# Subtest: result count is calculated inside render after filtering
ok 41 - result count is calculated inside render after filtering
  ---
  duration_ms: 0.355509
  type: 'test'
  ...
# Subtest: pagination, reset and category controls synchronize URL and active state
ok 42 - pagination, reset and category controls synchronize URL and active state
  ---
  duration_ms: 0.482678
  type: 'test'
  ...
# Subtest: sidebar ARIA state is synchronized in markup and runtime
ok 43 - sidebar ARIA state is synchronized in markup and runtime
  ---
  duration_ms: 0.227538
  type: 'test'
  ...
# Subtest: browser smoke covers the blog runtime flow
ok 44 - browser smoke covers the blog runtime flow
  ---
  duration_ms: 0.298774
  type: 'test'
  ...
# Subtest: production revision verification retries IPv4 network errors
ok 45 - production revision verification retries IPv4 network errors
  ---
  duration_ms: 0.262551
  type: 'test'
  ...
# Subtest: 地域別の公式レート・年間しきい値・通貨単位を固定する
not ok 46 - 地域別の公式レート・年間しきい値・通貨単位を固定する
  ---
  duration_ms: 2.567917
  type: 'test'
  location: '/home/runner/work/PlayPoint/PlayPoint/tests/common-pages-fact-ux.test.cjs:22:1'
  failureType: 'testCodeFailure'
  error: 'Unexpected string'
  code: 'ERR_TEST_FAILURE'
  name: 'SyntaxError'
  stack: |-
    new Script (node:vm:117:7)
    createScript (node:vm:269:10)
    Object.runInContext (node:vm:300:10)
    loadConfigs (/home/runner/work/PlayPoint/PlayPoint/tests/common-pages-fact-ux.test.cjs:18:6)
    TestContext.<anonymous> (/home/runner/work/PlayPoint/PlayPoint/tests/common-pages-fact-ux.test.cjs:23:19)
    Test.runInAsyncScope (node:async_hooks:214:14)
    Test.run (node:internal/test_runner/test:1047:25)
    Test.start (node:internal/test_runner/test:944:17)
    startSubtestAfterBootstrap (node:internal/test_runner/harness:296:17)
  ...
# Subtest: 共通説明は年初再判定・残高と年間進捗の違いを公式URL付きで示す
ok 47 - 共通説明は年初再判定・残高と年間進捗の違いを公式URL付きで示す
  ---
  duration_ms: 0.533273
  type: 'test'
  ...
# Subtest: トップは倍率と直接レートを代替入力として説明し、入力境界をHTMLでも制約する
ok 48 - トップは倍率と直接レートを代替入力として説明し、入力境界をHTMLでも制約する
  ---
  duration_ms: 1.653327
  type: 'test'
  ...
# Subtest: 4言語トップは対象条件・保存範囲・aria-labelを初期表示から翻訳する
ok 49 - 4言語トップは対象条件・保存範囲・aria-labelを初期表示から翻訳する
  ---
  duration_ms: 1.247895
  type: 'test'
  ...
# Subtest: 海外の既存ギフトカード割引記事を記事ハブと人向けサイトマップから発見できる
ok 50 - 海外の既存ギフトカード割引記事を記事ハブと人向けサイトマップから発見できる
  ---
  duration_ms: 0.473564
  type: 'test'
  ...
# Subtest: アプリモジュール変更がService Worker用の指紋を必ず変える
ok 51 - アプリモジュール変更がService Worker用の指紋を必ず変える
  ---
  duration_ms: 1.661961
  type: 'test'
  ...
# Subtest: 記事一覧は4つの検索意図カテゴリだけを使う
ok 52 - 記事一覧は4つの検索意図カテゴリだけを使う
  ---
  duration_ms: 2.02531
  type: 'test'
  ...
# Subtest: 反映トラブルの重複記事は新しい包括記事へ恒久統合する
ok 53 - 反映トラブルの重複記事は新しい包括記事へ恒久統合する
  ---
  duration_ms: 2.214812
  type: 'test'
  ...
# Subtest: 主要検索記事は即答と判明・不明の境界を静的HTMLで示す
ok 54 - 主要検索記事は即答と判明・不明の境界を静的HTMLで示す
  ---
  duration_ms: 1.705926
  type: 'test'
  ...
# Subtest: 既存CTAの有無にかかわらず記事冒頭近くへ計算導線を置く
ok 55 - 既存CTAの有無にかかわらず記事冒頭近くへ計算導線を置く
  ---
  duration_ms: 0.354497
  type: 'test'
  ...
# Subtest: 引用用比較表は恒久URL・固定アンカー・一次情報を持つ
ok 56 - 引用用比較表は恒久URL・固定アンカー・一次情報を持つ
  ---
  duration_ms: 1.733907
  type: 'test'
  ...
# Subtest: 公開記事はトップから3クリック以内で到達できる
ok 57 - 公開記事はトップから3クリック以内で到達できる
  ---
  duration_ms: 67.390877
  type: 'test'
  ...
# Subtest: 深いURLでも同意管理スクリプトをサイトルートから読み込む
ok 58 - 深いURLでも同意管理スクリプトをサイトルートから読み込む
  ---
  duration_ms: 0.233718
  type: 'test'
  ...
# Subtest: デプロイは公開物だけを厳密にミラーし、除外物も本番から削除する
ok 59 - デプロイは公開物だけを厳密にミラーし、除外物も本番から削除する
  ---
  duration_ms: 1.37898
  type: 'test'
  ...
# Subtest: 移設済み・非公開・統合済みの旧パスをXserver上の実体で検査する
ok 60 - 移設済み・非公開・統合済みの旧パスをXserver上の実体で検査する
  ---
  duration_ms: 0.301599
  type: 'test'
  ...
# Subtest: 旧calculatorファイルを持たず301転送だけを維持する
ok 61 - 旧calculatorファイルを持たず301転送だけを維持する
  ---
  duration_ms: 0.379905
  type: 'test'
  ...
# Subtest: 全階層のindex.htmlを階層を保った正規URLへ301転送する
ok 62 - 全階層のindex.htmlを階層を保った正規URLへ301転送する
  ---
  duration_ms: 0.199726
  type: 'test'
  ...
# Subtest: デプロイスクリプトのBash構文が有効である
ok 63 - デプロイスクリプトのBash構文が有効である
  ---
  duration_ms: 5.917255
  type: 'test'
  ...
# /home/runner/work/PlayPoint/PlayPoint/tests/growth-flow-foundation.test.cjs:42
#   assert.match(config, /export { ANALYTICS } from './analytics.js'/);
#                        ^
# SyntaxError: Invalid regular expression flags
#     at wrapSafe (node:internal/modules/cjs/loader:1713:18)
#     at Module._compile (node:internal/modules/cjs/loader:1755:20)
#     at Object..js (node:internal/modules/cjs/loader:1913:10)
#     at Module.load (node:internal/modules/cjs/loader:1505:32)
#     at Function._load (node:internal/modules/cjs/loader:1309:12)
#     at wrapModuleLoad (node:internal/modules/cjs/loader:254:19)
#     at Function.executeUserEntryPoint [as runMain] (node:internal/modules/run_main:171:5)
#     at node:internal/main/run_main_module:36:49
# Node.js v22.23.1
# Subtest: tests/growth-flow-foundation.test.cjs
not ok 12 - tests/growth-flow-foundation.test.cjs
  ---
  duration_ms: 48.80612
  type: 'test'
  location: '/home/runner/work/PlayPoint/PlayPoint/tests/growth-flow-foundation.test.cjs:1:1'
  failureType: 'testCodeFailure'
  exitCode: 1
  signal: ~
  error: 'test failed'
  code: 'ERR_TEST_FAILURE'
  ...
# Subtest: PlayPointと無関係なツールはKatakataLabへ移設し旧URLを恒久転送する
ok 65 - PlayPointと無関係なツールはKatakataLabへ移設し旧URLを恒久転送する
  ---
  duration_ms: 1.597395
  type: 'test'
  ...
# Subtest: 公開HTMLと生成元にサイト内遷移用UTMを残さない
ok 66 - 公開HTMLと生成元にサイト内遷移用UTMを残さない
  ---
  duration_ms: 27.282075
  type: 'test'
  ...
# Subtest: プライバシー文書はWeb版と認定CMPの運用に一致する
ok 67 - プライバシー文書はWeb版と認定CMPの運用に一致する
  ---
  duration_ms: 0.743575
  type: 'test'
  ...
# Subtest: 再訪と配布の主要イベントだけを許可する
not ok 68 - 再訪と配布の主要イベントだけを許可する
  ---
  duration_ms: 1.33211
  type: 'test'
  location: '/home/runner/work/PlayPoint/PlayPoint/tests/growth-migration.test.cjs:69:1'
  failureType: 'testCodeFailure'
  error: 'calendar_reminder_added が許可イベントにありません'
  code: 'ERR_ASSERTION'
  name: 'AssertionError'
  expected: true
  actual: false
  operator: '=='
  stack: |-
    TestContext.<anonymous> (/home/runner/work/PlayPoint/PlayPoint/tests/growth-migration.test.cjs:81:12)
    Test.runInAsyncScope (node:async_hooks:214:14)
    Test.run (node:internal/test_runner/test:1047:25)
    Test.processPendingSubtests (node:internal/test_runner/test:744:18)
    Test.postRun (node:internal/test_runner/test:1173:19)
    Test.run (node:internal/test_runner/test:1101:12)
    async Test.processPendingSubtests (node:internal/test_runner/test:744:7)
  ...
# Subtest: ウィジェット作成ページは狭い画面でグリッド内容をはみ出させない
ok 69 - ウィジェット作成ページは狭い画面でグリッド内容をはみ出させない
  ---
  duration_ms: 0.358383
  type: 'test'
  ...
# not ok - 実ユーザー速度は同意後に匿名区分だけを計測する
# /home/runner/work/PlayPoint/PlayPoint/tests/growth-priority.test.cjs:16
#     throw error;
#     ^
# AssertionError [ERR_ASSERTION]: The input did not match the regular expression /web_vital:\\s*\\['metric_name', 'metric_rating', 'metric_value_bucket', 'page_group', 'release_version'\\]/. Input:
# "'use strict';\\n" +
#   '\\n' +
#   "export { ANALYTICS } from './analytics.js';\\n" +
#   '\\n' +
#   'export const CONSTANTS = {\\n' +
#   "    MODE_MAIN: 'main',\\n" +
#   "    MODE_REVERSE: 'reverse',\\n" +
#   "    MODE_DIARY: 'diary',\\n" +
#   "    CLASS_VISIBLE: 'visible',\\n" +
#   "    CLASS_HAS_RESULT: 'has-result',\\n" +
#   "    CLASS_ACTIVE: 'active',\\n" +
#   "    CLASS_HIDDEN: 'hidden',\\n" +
#   "    SELECTOR_INFO_BTN: '.info-btn',\\n" +
#   "    SELECTOR_TOOLTIP_BOX: '.tooltip-box',\\n" +
#   "    DIARY_DATA_KEY: 'hokuhokuDiaryData',\\n" +
#   '    SAVE_CONFIRMATION_DURATION: 1500,\\n' +
#   "    STORAGE_REGION_KEY: 'playpointPreferredRegion'\\n" +
#   '};\\n' +
#   '\\n' +
#   'function formatCalendarTimestamp(date) {\\n' +
#   '    const year = date.getUTCFullYear();\\n' +
#   "    const month = String(date.getUTCMonth() + 1).padStart(2, '0');\\n" +
#   "    const day = String(date.getUTCDate()).padStart(2, '0');\\n" +
#   "    const hour = String(date.getUTCHours()).padStart(2, '0');\\n" +
#   '    return `${year}${month}${day}T${hour}0000Z`;\\n' +
#   '}\\n' +
#   '\\n' +
#   'export function getNextFridayCalendarWindow(isGlobalTime, baseDate = new Date()) {\\n' +
#   '    const startHourUtc = isGlobalTime ? 14 : 1;\\n' +
#   '    const daysUntilFriday = (5 - baseDate.getUTCDay() + 7) % 7;\\n' +
#   '    const nextStart = new Date(Date.UTC(\\n' +
#   '        baseDate.getUTCFullYear(),\\n' +
#   '        baseDate.getUTCMonth(),\\n' +
#   '        baseDate.getUTCDate() + daysUntilFriday,\\n' +
#   '        startHourUtc\\n' +
#   '    ));\\n' +
#   '\\n' +
#   '    // 金曜の開始時刻を過ぎている場合は、同日ではなく翌週を登録する。\\n' +
#   '    if (nextStart.getTime() <= baseDate.getTime()) {\\n' +
#   '        nextStart.setUTCDate(nextStart.getUTCDate() + 7);\\n' +
#   '    }\\n' +
#   '\\n' +
#   '    const nextEnd = new Date(nextStart.getTime() + 60 * 60 * 1000);\\n' +
#   '    return {\\n' +
#   '        start: formatCalendarTimestamp(nextStart),\\n' +
#   '        end: formatCalendarTimestamp(nextEnd)\\n' +
#   '    };\\n' +
#   '}\\n' +
#   '\\n' +
#   'export const CONFIGS = {\\n' +
#   "    'JP': {\\n" +
#   '        lang: "ja",\\n' +
#   '        statuses: { "ブロンズ": 1.0, "シルバー": 1.25, "ゴールド": 1.5, "プラチナ": 1.75, "ダイヤモンド": 2.0 },\\n' +
#   '        statusRates: { 1.0: 1.0, 1.25: 1.25, 1.5: 1.5, 1.75: 1.75, 2.0: 2.0 },\\n' +
#   '        thresholds: { "シルバー": 250, "ゴールド": 1000, "プラチナ": 4000, "ダイヤモンド": 15000 },\\n' +
#   '        statusPointsMapping: { 1.0: ["シルバー", "ゴールド", "プラチナ", "ダイヤモンド"], 1.25: ["ゴールド", "プラチナ", "ダイヤモンド"], 1.5: ["プラチナ", "ダイヤモンド"], 1.75: ["ダイヤモンド"], 2.0: [] },\\n' +
#   '        currencySymbol: "円",\\n' +
#   '        rateUnit: "100円",\\n' +
#   '        spendUnit: 100,\\n' +
#   '        tooltips: {\\n' +
#   "            'tooltip-current-status': `<strong>【現在のステータスの確認方法】</strong><ol><li>Google Play ストアを開きます。</li><li>右上のプロフィールアイコンをタップします。</li><li>「Play ポイント」を選択します。</li></ol><hr><p>※ステータスに応じて、基本還元率は自動で入力されます。</p>`,\\n" +
#   "            'tooltip-target-status': `<strong>【各ステータスの達成条件】</strong><ul><li><strong>シルバー:</strong> 250 pt 以上</li><li><strong>ゴールド:</strong> 1,000 pt 以上</li><li><strong>プラチナ:</strong> 4,000 pt 以上</li><li><strong>ダイヤモンド:</strong> 15,000 pt 以上</li></ul><hr><p>※ポイントは毎年1月1日〜12月31日の1年間で累積され、目標ポイントに達した時点で即座にランクアップします（有効期限は翌年末まで）。</p>`,\\n" +
#   "            'tooltip-needed-points': `<strong>【必要ポイントの確認方法】</strong><ol><li>Google Play ストアの「Play Points」を開きます。</li><li>「次のステータスまで」に表示される不足ポイントを入力します。</li></ol><hr><p>月・週・日の金額は、今年12月31日までに同じペースで進める場合の目安です。到達したステータスは翌年末まで維持され、毎年初めに前年の獲得ポイントで再判定されます。</p>`,\\n" +
#   "            'tooltip-base-rate': `<strong>【獲得率を直接入力】</strong><p>最初は現在のステータスの基本獲得率が入ります。公式のオファー画面に「3ポイント/100円」のような獲得率が表示されている場合だけ、その数値へ置き換えてください。</p><hr><p>倍率で表示されるオファーは、隣の「キャンペーン倍率」を使います。計算機は対象可否や上限を確認できないため、購入前に公式画面をご確認ください。</p>`,\\n" +
#   "            'tooltip-multiplier': `<strong>【倍率で入力】</strong><p>公式のオファー画面に「3倍」のような倍率が表示されている場合に入力します。</p><p>例：ゴールド（1.5pt/100円）× <strong>3倍</strong> = 4.5pt/100円</p><hr><p>獲得率の直接入力とは別の入力方法です。両方が入力された場合は高い方を試算へ使いますが、実際の併用可否を意味しません。</p>`,\\n" +
#   "            'tooltip-amount-yen': `<strong>【獲得ポイントを計算】</strong><p>入力した金額で、どれくらいのポイントが獲得できるかをシミュレーションします。</p>`,\\n" +
#   "            'tooltip-reverse-status': `<strong>【ステータスごとの基本還元率】</strong><ul><li><strong>ブロンズ:</strong> 1.0 pt / 100円</li><li><strong>シルバー:</strong> 1.25 pt / 100円</li><li><strong>ゴールド:</strong> 1.5 pt / 100円</li><li><strong>プラチナ:</strong> 1.75 pt / 100円</li><li><strong>ダイヤモンド:</strong> 2.0 pt / 100円</li></ul>`\\n" +
#   '        },\\n' +
#   '        uiText: {\\n' +
#   '            title: "Google Play Points 計算機｜あといくらでランクアップ？必要課金額を逆算", mainTitle: "Google Play Points 計算機",\\n' +
#   '            closeAria: "閉じる", showHelpAria: "説明を表示", shareResultAria: "計算結果の共有", prevYearAria: "前の年へ", nextYearAria: "次の年へ",\\n' +
#   '            siteAlias: "通称: Playポイント計算機 / 非公式ツール",\\n' +
#   '            siteDescription: "Google Play ポイントのランクアップまでに、あといくら必要かを目安計算できます。<br>現在ステータス・目標ステータス・必要ポイントを入力すると、<br>必要な課金額やキャンペーン倍率込みの目安を確認できます。",\\n' +
#   '            tabMain: "通常計算", tabReverse: "逆算モード", tabDiary: "ほくほくリワード日記",\\n' +
#   '            firstStepTitle: "まずは3つだけ入力", firstStepCurrent: "現在のステータス", firstStepTarget: "目標ステータス", firstStepNeeded: "目標までの必要ポイント",\\n' +
#   '            sectionTitleStatus: "ステータス入力", labelCurrentStatus: "現在のステータス",\\n' +
#   '            labelTargetStatus: "目標ステータス", labelNeededPoints: "目標までの必要ポイント",\\n' +
#   '            neededPointsPlaceholder: "例：1728", sectionTitleRate: "還元設定",\\n' +
#   '            labelBaseRate: "100円あたりの獲得率（直接入力）", labelMultiplier: "キャンペーン倍率（もう一つの入力方法）", labelMultiplierReverse: "キャンペーン倍率（もう一つの入力方法）",\\n' +
#   '            warningRate: "「獲得率の直接入力」または「ステータス×倍率」の高い方を試算に使います。両方は別の入力方法です。実際の対象・上限・有効化はキャンペーン画面で確認してください。",\\n' +
#   '            calculateButton: "課金額を計算", copyButton: "コピーする", tweetButton: "結果をXでシェア",\\n' +
#   '            sectionTitleReverse: "逆算モード", labelAmountYen: "課金額（円）",\\n' +
#   '            amountYenPlaceholder: "例：5000", reverseCalculateButton: "ポイントを計算",\\n' +
#   '            nextTargetNone: "次の目標はありません", statusKeep: "維持", statusUp: "昇格", packAmountLabel: "1回あたりの平均課金パック額 (オプション)", packAmountPlaceholder: "例：9800", packUnit: "パック", resultLabelRequiredPacks: "必要購入パック数", resultLabelFreeClear: "課金不要", errorInput: "有効な数値を入力し、目標ステータスを選択してください",\\n' +
#   '            errorNeededPoints: "目標までの必要ポイントに有効な数値を入力してください",\\n' +
#   '            errorTargetStatus: "目標ステータスを選択してください",\\n' +
#   '            errorRate: "計算に使用する還元率が0以下です", errorMonth: "年内の残り期間の計算に失敗しました（現在12月、またはシステム時刻をご確認ください）",\\n' +
#   '            errorInputReverse: "有効な数値を入力してください", errorRateReverse: "計算に使用する還元率が0以下です",\\n' +
#   '            errorTargetConsistency: "入力した必要ポイントが、選択した目標ステータスに対して不正です。値を確認してください。",\\n' +
#   '            errorZeroPointPurchase: "入力した1回あたりの課金額では、1回の獲得ポイントが四捨五入後に0ポイントになります。課金額を大きくして再計算してください。",\\n' +
#   '            resultLabelNeededPoints: "目標までの必要ポイント", resultLabelTotalYen: "合計の必要課金額目安",\\n' +
#   '            resultLabelMonthlyYen: "月平均目安", resultLabelWeeklyYen: "週平均目安", resultLabelDailyYen: "1日あたり目安", resultLabelRemainingDays: "年末までの残り日数", resultLabelPaceSummary: "達成ペース目安", resultRelatedTitle: "関連記事", resultLabelMonths: "ヶ月",\\n' +
#   '            resultComparisonTitle: "通常時との比較", resultComparisonBase: "通常還元の場合", resultComparisonSelected: "現在の還元条件", resultComparisonSaved: "少なくなる目安", resultComparisonSamePack: "この購入単位では必要パック数が同じため、差額はありません。",\\n' +
#   '            resultLabelRate: "適用獲得率",\\n' +
#   '            roundingNoteWithoutPack: "購入金額の内訳が不明なため、購入ごとのポイント四捨五入を含めない概算です。1回あたりの平均課金額を入力すると、より実際に近い試算になります。",\\n' +
#   '            roundingNoteWithPack: "入力した1回あたりの課金額ごとにポイントを四捨五入し、必要な購入回数を計算しています。",\\n' +
#   '            roundingNoteReverse: "入力した金額を1回の購入として四捨五入しています。複数回の購入合計を入力した場合、実際のポイントと異なることがあります。",\\n' +
#   '            resultLabelEarnedPoints: "獲得ポイント予測", resultRateSourceDirect: "直接入力の獲得率を使用", resultRateSourceMultiplier: "ステータス×倍率を使用", resultRateSourceSame: "どちらも同じ獲得率",\\n' +
#   '            perMonth: "/月", perWeek: "/週", perDay: "/日", daysUnit: "日",\\n' +
#   '            approxLabel: "約",\\n' +
#   '            descriptionSectionTitle: "Play Points 計算機でできること",\\n' +
#   '            articleDrawerTitle: "よくある悩みから記事を探す",\\n' +
#   '            articleDrawerSubtitle: "悩み別の記事を開く",\\n' +
#   '            articleCount: "{count}記事",\\n' +
#   '            faqSectionTitle: "❓ よくある質問 (FAQ)",\\n' +
#   '            tweetHashtags: "\#Playポイント計算してみた\\\\n\#GooglePlayポイント",\\n' +
#   '            calculationNote: "※今年12月31日までの残り <b>{months}ヶ月</b> で均等に進める場合の目安です。実際の獲得率・対象購入・反映時期はGoogle Playの公式画面をご確認ください。",\\n' +
#   '            yearSuffix: "年", monthNames: ["１月", "２月", "３月", "４月", "５月", "６月", "７月", "８月", "９月", "１０月", "１１月", "１２月"],\\n' +
#   '            weekLabel: "第", weekSuffix: "週", pointsPlaceholder: "ポイント", prizeLabel: "受け取った景品", saveButton: "保存",\\n' +
#   '            monthlySummaryTitle: "月間集計", yearlySummaryTitle: "年間集計",\\n' +
#   '            yearlyChartTitle: "年間の記録グラフ", yearlyChartDescription: "月ごとの記録ポイントを、この端末内だけで比較します。",\\n' +
#   '            totalLabel: "合計:", averageLabel: "平均:", pointsUnit: "pt", perWeekUnit: "pt/週",\\n' +
#   '            guestNotice: "【！】日記はこのブラウザのローカルストレージにだけ保存されます。サイトデータの削除、プライベートブラウズ、別の端末・ブラウザへの移動では引き継がれません。必要に応じて書き出しデータを保管してください。",\\n' +
#   '            prizeOptions: ["（景品なし）", "マウス", "イヤホン", "その他"],\\n' +
#   '            noWeeksMessage: "この月には対象となる週がありません。",\\n' +
#   '            backupTitle: "データのバックアップ・復元",\\n' +
#   '            exportBtn: "データを書き出す (コピー)",\\n' +
#   '            importBtn: "データを読み込む (復元)",\\n' +
#   '            confirmImportBtn: "復元を実行",\\n' +
#   '            backupPlaceholder: "ここに書き出したデータを貼り付けてください",\\n' +
#   '            exportSuccess: "日記データをクリップボードにコピーしました！安全な場所に保存してください。",\\n' +
#   '            importSuccess: "日記データを復元しました！",\\n' +
#   '            importError: "データのインポートに失敗しました。正しいデータ形式か確認してください。",\\n' +
#   '            reminderTitle: "金曜リワード通知（カレンダー登録）",\\n' +
#   '            reminderDesc: "通常のウィークリーリワードが表示される対象アカウント向けに、毎週金曜日の確認リマインダーを登録できます。",\\n' +
#   '            btnGoogleCal: "Google カレンダーに登録",\\n' +
#   '            btnICal: "カレンダーアプリ（iCal）登録",\\n' +
#   '            linkLatest: { text: "🆕 最新情報", href: "latest/" },\\n' +
#   '            linkArticles: { text: "📝 記事一覧", href: "blog/" },\\n' +
#   '            linkKatakata: { text: "🧪 KatakataLab", href: "https://katakatalab.com/" },\\n' +
#   '            linkPrivacy: { text: "プライバシーポリシー", href: "privacy.html" },\\n' +
#   '            linkTerms: { text: "利用規約", href: "terms.html" },\\n' +
#   '            linkQA: { text: "Q&A・あとがき", href: "info.html" },\\n' +
#   '            linkFeedback: { text: "ご意見・ご感想", href: "https://docs.google.com/forms/d/e/1FAIpQLSe0HDPLt-jfNXuiGmJ3gxlxUtgeGJ5-AM16Bz2yNw5bk3irNw/viewform?usp=dialog" },\\n' +
#   '            linkAbout: { text: "Playポイントとは？", href: "about-playpoints.html" },\\n' +
#   '            linkWidget: { text: "無料ウィジェット", href: "embed.html" },\\n' +
#   '            linkDiscount: { text: "💡 お得に課金する", href: "articles/2026-06-20-discount-gift-cards.html" },\\n' +
#   '            linkAuthor: { text: "運営者・検証方針", href: "author/katakata.html" },\\n' +
#   '            linkAttention: { text: "⚠️ For users outside Japan", href: "attention.html" },\\n' +
#   '            toastCopySuccess: "クリップボードにコピーしました！",\\n' +
#   '            toastCopyError: "コピーに失敗しました。",\\n' +
#   '            copyResultTemplate: "▼Playポイント計算結果▼\\\\n目標ステータス： {status}\\\\n必要な課金額の目安： 約{yen}{symbol}\\\\n\\\\n計算元：Playポイント計'... 31436 more characters
#     at /home/runner/work/PlayPoint/PlayPoint/tests/growth-priority.test.cjs:26:10
#     at test (/home/runner/work/PlayPoint/PlayPoint/tests/growth-priority.test.cjs:12:5)
#     at Object.<anonymous> (/home/runner/work/PlayPoint/PlayPoint/tests/growth-priority.test.cjs:20:1)
#     at Module._compile (node:internal/modules/cjs/loader:1781:14)
#     at Object..js (node:internal/modules/cjs/loader:1913:10)
#     at Module.load (node:internal/modules/cjs/loader:1505:32)
#     at Function._load (node:internal/modules/cjs/loader:1309:12)
#     at wrapModuleLoad (node:internal/modules/cjs/loader:254:19)
#     at Function.executeUserEntryPoint [as runMain] (node:internal/modules/run_main:171:5)
#     at node:internal/main/run_main_module:36:49 {
#   generatedMessage: true,
#   code: 'ERR_ASSERTION',
#   actual: "'use strict';\\n" +
#     '\\n' +
#     "export { ANALYTICS } from './analytics.js';\\n" +
#     '\\n' +
#     'export const CONSTANTS = {\\n' +
#     "    MODE_MAIN: 'main',\\n" +
#     "    MODE_REVERSE: 'reverse',\\n" +
#     "    MODE_DIARY: 'diary',\\n" +
#     "    CLASS_VISIBLE: 'visible',\\n" +
#     "    CLASS_HAS_RESULT: 'has-result',\\n" +
#     "    CLASS_ACTIVE: 'active',\\n" +
#     "    CLASS_HIDDEN: 'hidden',\\n" +
#     "    SELECTOR_INFO_BTN: '.info-btn',\\n" +
#     "    SELECTOR_TOOLTIP_BOX: '.tooltip-box',\\n" +
#     "    DIARY_DATA_KEY: 'hokuhokuDiaryData',\\n" +
#     '    SAVE_CONFIRMATION_DURATION: 1500,\\n' +
#     "    STORAGE_REGION_KEY: 'playpointPreferredRegion'\\n" +
#     '};\\n' +
#     '\\n' +
#     'function formatCalendarTimestamp(date) {\\n' +
#     '    const year = date.getUTCFullYear();\\n' +
#     "    const month = String(date.getUTCMonth() + 1).padStart(2, '0');\\n" +
#     "    const day = String(date.getUTCDate()).padStart(2, '0');\\n" +
#     "    const hour = String(date.getUTCHours()).padStart(2, '0');\\n" +
#     '    return `${year}${month}${day}T${hour}0000Z`;\\n' +
#     '}\\n' +
#     '\\n' +
#     'export function getNextFridayCalendarWindow(isGlobalTime, baseDate = new Date()) {\\n' +
#     '    const startHourUtc = isGlobalTime ? 14 : 1;\\n' +
#     '    const daysUntilFriday = (5 - baseDate.getUTCDay() + 7) % 7;\\n' +
#     '    const nextStart = new Date(Date.UTC(\\n' +
#     '        baseDate.getUTCFullYear(),\\n' +
#     '        baseDate.getUTCMonth(),\\n' +
#     '        baseDate.getUTCDate() + daysUntilFriday,\\n' +
#     '        startHourUtc\\n' +
#     '    ));\\n' +
#     '\\n' +
#     '    // 金曜の開始時刻を過ぎている場合は、同日ではなく翌週を登録する。\\n' +
#     '    if (nextStart.getTime() <= baseDate.getTime()) {\\n' +
#     '        nextStart.setUTCDate(nextStart.getUTCDate() + 7);\\n' +
#     '    }\\n' +
#     '\\n' +
#     '    const nextEnd = new Date(nextStart.getTime() + 60 * 60 * 1000);\\n' +
#     '    return {\\n' +
#     '        start: formatCalendarTimestamp(nextStart),\\n' +
#     '        end: formatCalendarTimestamp(nextEnd)\\n' +
#     '    };\\n' +
#     '}\\n' +
#     '\\n' +
#     'export const CONFIGS = {\\n' +
#     "    'JP': {\\n" +
#     '        lang: "ja",\\n' +
#     '        statuses: { "ブロンズ": 1.0, "シルバー": 1.25, "ゴールド": 1.5, "プラチナ": 1.75, "ダイヤモンド": 2.0 },\\n' +
#     '        statusRates: { 1.0: 1.0, 1.25: 1.25, 1.5: 1.5, 1.75: 1.75, 2.0: 2.0 },\\n' +
#     '        thresholds: { "シルバー": 250, "ゴールド": 1000, "プラチナ": 4000, "ダイヤモンド": 15000 },\\n' +
#     '        statusPointsMapping: { 1.0: ["シルバー", "ゴールド", "プラチナ", "ダイヤモンド"], 1.25: ["ゴールド", "プラチナ", "ダイヤモンド"], 1.5: ["プラチナ", "ダイヤモンド"], 1.75: ["ダイヤモンド"], 2.0: [] },\\n' +
#     '        currencySymbol: "円",\\n' +
#     '        rateUnit: "100円",\\n' +
#     '        spendUnit: 100,\\n' +
#     '        tooltips: {\\n' +
#     "            'tooltip-current-status': `<strong>【現在のステータスの確認方法】</strong><ol><li>Google Play ストアを開きます。</li><li>右上のプロフィールアイコンをタップします。</li><li>「Play ポイント」を選択します。</li></ol><hr><p>※ステータスに応じて、基本還元率は自動で入力されます。</p>`,\\n" +
#     "            'tooltip-target-status': `<strong>【各ステータスの達成条件】</strong><ul><li><strong>シルバー:</strong> 250 pt 以上</li><li><strong>ゴールド:</strong> 1,000 pt 以上</li><li><strong>プラチナ:</strong> 4,000 pt 以上</li><li><strong>ダイヤモンド:</strong> 15,000 pt 以上</li></ul><hr><p>※ポイントは毎年1月1日〜12月31日の1年間で累積され、目標ポイントに達した時点で即座にランクアップします（有効期限は翌年末まで）。</p>`,\\n" +
#     "            'tooltip-needed-points': `<strong>【必要ポイントの確認方法】</strong><ol><li>Google Play ストアの「Play Points」を開きます。</li><li>「次のステータスまで」に表示される不足ポイントを入力します。</li></ol><hr><p>月・週・日の金額は、今年12月31日までに同じペースで進める場合の目安です。到達したステータスは翌年末まで維持され、毎年初めに前年の獲得ポイントで再判定されます。</p>`,\\n" +
#     "            'tooltip-base-rate': `<strong>【獲得率を直接入力】</strong><p>最初は現在のステータスの基本獲得率が入ります。公式のオファー画面に「3ポイント/100円」のような獲得率が表示されている場合だけ、その数値へ置き換えてください。</p><hr><p>倍率で表示されるオファーは、隣の「キャンペーン倍率」を使います。計算機は対象可否や上限を確認できないため、購入前に公式画面をご確認ください。</p>`,\\n" +
#     "            'tooltip-multiplier': `<strong>【倍率で入力】</strong><p>公式のオファー画面に「3倍」のような倍率が表示されている場合に入力します。</p><p>例：ゴールド（1.5pt/100円）× <strong>3倍</strong> = 4.5pt/100円</p><hr><p>獲得率の直接入力とは別の入力方法です。両方が入力された場合は高い方を試算へ使いますが、実際の併用可否を意味しません。</p>`,\\n" +
#     "            'tooltip-amount-yen': `<strong>【獲得ポイントを計算】</strong><p>入力した金額で、どれくらいのポイントが獲得できるかをシミュレーションします。</p>`,\\n" +
#     "            'tooltip-reverse-status': `<strong>【ステータスごとの基本還元率】</strong><ul><li><strong>ブロンズ:</strong> 1.0 pt / 100円</li><li><strong>シルバー:</strong> 1.25 pt / 100円</li><li><strong>ゴールド:</strong> 1.5 pt / 100円</li><li><strong>プラチナ:</strong> 1.75 pt / 100円</li><li><strong>ダイヤモンド:</strong> 2.0 pt / 100円</li></ul>`\\n" +
#     '        },\\n' +
#     '        uiText: {\\n' +
#     '            title: "Google Play Points 計算機｜あといくらでランクアップ？必要課金額を逆算", mainTitle: "Google Play Points 計算機",\\n' +
#     '            closeAria: "閉じる", showHelpAria: "説明を表示", shareResultAria: "計算結果の共有", prevYearAria: "前の年へ", nextYearAria: "次の年へ",\\n' +
#     '            siteAlias: "通称: Playポイント計算機 / 非公式ツール",\\n' +
#     '            siteDescription: "Google Play ポイントのランクアップまでに、あといくら必要かを目安計算できます。<br>現在ステータス・目標ステータス・必要ポイントを入力すると、<br>必要な課金額やキャンペーン倍率込みの目安を確認できます。",\\n' +
#     '            tabMain: "通常計算", tabReverse: "逆算モード", tabDiary: "ほくほくリワード日記",\\n' +
#     '            firstStepTitle: "まずは3つだけ入力", firstStepCurrent: "現在のステータス", firstStepTarget: "目標ステータス", firstStepNeeded: "目標までの必要ポイント",\\n' +
#     '            sectionTitleStatus: "ステータス入力", labelCurrentStatus: "現在のステータス",\\n' +
#     '            labelTargetStatus: "目標ステータス", labelNeededPoints: "目標までの必要ポイント",\\n' +
#     '            neededPointsPlaceholder: "例：1728", sectionTitleRate: "還元設定",\\n' +
#     '            labelBaseRate: "100円あたりの獲得率（直接入力）", labelMultiplier: "キャンペーン倍率（もう一つの入力方法）", labelMultiplierReverse: "キャンペーン倍率（もう一つの入力方法）",\\n' +
#     '            warningRate: "「獲得率の直接入力」または「ステータス×倍率」の高い方を試算に使います。両方は別の入力方法です。実際の対象・上限・有効化はキャンペーン画面で確認してください。",\\n' +
#     '            calculateButton: "課金額を計算", copyButton: "コピーする", tweetButton: "結果をXでシェア",\\n' +
#     '            sectionTitleReverse: "逆算モード", labelAmountYen: "課金額（円）",\\n' +
#     '            amountYenPlaceholder: "例：5000", reverseCalculateButton: "ポイントを計算",\\n' +
#     '            nextTargetNone: "次の目標はありません", statusKeep: "維持", statusUp: "昇格", packAmountLabel: "1回あたりの平均課金パック額 (オプション)", packAmountPlaceholder: "例：9800", packUnit: "パック", resultLabelRequiredPacks: "必要購入パック数", resultLabelFreeClear: "課金不要", errorInput: "有効な数値を入力し、目標ステータスを選択してください",\\n' +
#     '            errorNeededPoints: "目標までの必要ポイントに有効な数値を入力してください",\\n' +
#     '            errorTargetStatus: "目標ステータスを選択してください",\\n' +
#     '            errorRate: "計算に使用する還元率が0以下です", errorMonth: "年内の残り期間の計算に失敗しました（現在12月、またはシステム時刻をご確認ください）",\\n' +
#     '            errorInputReverse: "有効な数値を入力してください", errorRateReverse: "計算に使用する還元率が0以下です",\\n' +
#     '            errorTargetConsistency: "入力した必要ポイントが、選択した目標ステータスに対して不正です。値を確認してください。",\\n' +
#     '            errorZeroPointPurchase: "入力した1回あたりの課金額では、1回の獲得ポイントが四捨五入後に0ポイントになります。課金額を大きくして再計算してください。",\\n' +
#     '            resultLabelNeededPoints: "目標までの必要ポイント", resultLabelTotalYen: "合計の必要課金額目安",\\n' +
#     '            resultLabelMonthlyYen: "月平均目安", resultLabelWeeklyYen: "週平均目安", resultLabelDailyYen: "1日あたり目安", resultLabelRemainingDays: "年末までの残り日数", resultLabelPaceSummary: "達成ペース目安", resultRelatedTitle: "関連記事", resultLabelMonths: "ヶ月",\\n' +
#     '            resultComparisonTitle: "通常時との比較", resultComparisonBase: "通常還元の場合", resultComparisonSelected: "現在の還元条件", resultComparisonSaved: "少なくなる目安", resultComparisonSamePack: "この購入単位では必要パック数が同じため、差額はありません。",\\n' +
#     '            resultLabelRate: "適用獲得率",\\n' +
#     '            roundingNoteWithoutPack: "購入金額の内訳が不明なため、購入ごとのポイント四捨五入を含めない概算です。1回あたりの平均課金額を入力すると、より実際に近い試算になります。",\\n' +
#     '            roundingNoteWithPack: "入力した1回あたりの課金額ごとにポイントを四捨五入し、必要な購入回数を計算しています。",\\n' +
#     '            roundingNoteReverse: "入力した金額を1回の購入として四捨五入しています。複数回の購入合計を入力した場合、実際のポイントと異なることがあります。",\\n' +
#     '            resultLabelEarnedPoints: "獲得ポイント予測", resultRateSourceDirect: "直接入力の獲得率を使用", resultRateSourceMultiplier: "ステータス×倍率を使用", resultRateSourceSame: "どちらも同じ獲得率",\\n' +
#     '            perMonth: "/月", perWeek: "/週", perDay: "/日", daysUnit: "日",\\n' +
#     '            approxLabel: "約",\\n' +
#     '            descriptionSectionTitle: "Play Points 計算機でできること",\\n' +
#     '            articleDrawerTitle: "よくある悩みから記事を探す",\\n' +
#     '            articleDrawerSubtitle: "悩み別の記事を開く",\\n' +
#     '            articleCount: "{count}記事",\\n' +
#     '            faqSectionTitle: "❓ よくある質問 (FAQ)",\\n' +
#     '            tweetHashtags: "\#Playポイント計算してみた\\\\n\#GooglePlayポイント",\\n' +
#     '            calculationNote: "※今年12月31日までの残り <b>{months}ヶ月</b> で均等に進める場合の目安です。実際の獲得率・対象購入・反映時期はGoogle Playの公式画面をご確認ください。",\\n' +
#     '            yearSuffix: "年", monthNames: ["１月", "２月", "３月", "４月", "５月", "６月", "７月", "８月", "９月", "１０月", "１１月", "１２月"],\\n' +
#     '            weekLabel: "第", weekSuffix: "週", pointsPlaceholder: "ポイント", prizeLabel: "受け取った景品", saveButton: "保存",\\n' +
#     '            monthlySummaryTitle: "月間集計", yearlySummaryTitle: "年間集計",\\n' +
#     '            yearlyChartTitle: "年間の記録グラフ", yearlyChartDescription: "月ごとの記録ポイントを、この端末内だけで比較します。",\\n' +
#     '            totalLabel: "合計:", averageLabel: "平均:", pointsUnit: "pt", perWeekUnit: "pt/週",\\n' +
#     '            guestNotice: "【！】日記はこのブラウザのローカルストレージにだけ保存されます。サイトデータの削除、プライベートブラウズ、別の端末・ブラウザへの移動では引き継がれません。必要に応じて書き出しデータを保管してください。",\\n' +
#     '            prizeOptions: ["（景品なし）", "マウス", "イヤホン", "その他"],\\n' +
#     '            noWeeksMessage: "この月には対象となる週がありません。",\\n' +
#     '            backupTitle: "データのバックアップ・復元",\\n' +
#     '            exportBtn: "データを書き出す (コピー)",\\n' +
#     '            importBtn: "データを読み込む (復元)",\\n' +
#     '            confirmImportBtn: "復元を実行",\\n' +
#     '            backupPlaceholder: "ここに書き出したデータを貼り付けてください",\\n' +
#     '            exportSuccess: "日記データをクリップボードにコピーしました！安全な場所に保存してください。",\\n' +
#     '            importSuccess: "日記データを復元しました！",\\n' +
#     '            importError: "データのインポートに失敗しました。正しいデータ形式か確認してください。",\\n' +
#     '            reminderTitle: "金曜リワード通知（カレンダー登録）",\\n' +
#     '            reminderDesc: "通常のウィークリーリワードが表示される対象アカウント向けに、毎週金曜日の確認リマインダーを登録できます。",\\n' +
#     '            btnGoogleCal: "Google カレンダーに登録",\\n' +
#     '            btnICal: "カレンダーアプリ（iCal）登録",\\n' +
#     '            linkLatest: { text: "🆕 最新情報", href: "latest/" },\\n' +
#     '            linkArticles: { text: "📝 記事一覧", href: "blog/" },\\n' +
#     '            linkKatakata: { text: "🧪 KatakataLab", href: "https://katakatalab.com/" },\\n' +
#     '            linkPrivacy: { text: "プライバシーポリシー", href: "privacy.html" },\\n' +
#     '            linkTerms: { text: "利用規約", href: "terms.html" },\\n' +
#     '            linkQA: { text: "Q&A・あとがき", href: "info.html" },\\n' +
#     '            linkFeedback: { text: "ご意見・ご感想", href: "https://docs.google.com/forms/d/e/1FAIpQLSe0HDPLt-jfNXuiGmJ3gxlxUtgeGJ5-AM16Bz2yNw5bk3irNw/viewform?usp=dialog" },\\n' +
#     '            linkAbout: { text: "Playポイントとは？", href: "about-playpoints.html" },\\n' +
#     '            linkWidget: { text: "無料ウィジェット", href: "embed.html" },\\n' +
#     '            linkDiscount: { text: "💡 お得に課金する", href: "articles/2026-06-20-discount-gift-cards.html" },\\n' +
#     '            linkAuthor: { text: "運営者・検証方針", href: "author/katakata.html" },\\n' +
#     '            linkAttention: { text: "⚠️ For users outside Japan", href: "attention.html" },\\n' +
#     '            toastCopySuccess: "クリップボードにコピーしました！",\\n' +
#     '            toastCopyError: "コピーに失敗しました。",\\n' +
#     '            copyResultTemplate: "▼Playポイント計算結果▼\\\\n目標ステータス： {status}\\\\n必要な課金額の目安： 約{yen}{symbol}\\\\n\\\\n計算元：Playポイント計'... 31436 more characters,
#   expected: /web_vital:\\s*\\['metric_name', 'metric_rating', 'metric_value_bucket', 'page_group', 'release_version'\\]/,
#   operator: 'match',
#   diff: 'simple'
# }
# Node.js v22.23.1
# Subtest: tests/growth-priority.test.cjs
not ok 14 - tests/growth-priority.test.cjs
  ---
  duration_ms: 48.378845
  type: 'test'
  location: '/home/runner/work/PlayPoint/PlayPoint/tests/growth-priority.test.cjs:1:1'
  failureType: 'testCodeFailure'
  exitCode: 1
  signal: ~
  error: 'test failed'
  code: 'ERR_TEST_FAILURE'
  ...
# Subtest: mapWithConcurrencyは指定した同時実行数を超えず入力順を保持する
ok 71 - mapWithConcurrencyは指定した同時実行数を超えず入力順を保持する
  ---
  duration_ms: 17.480224
  type: 'test'
  ...
# Subtest: mapWithConcurrencyは一件の失敗後も残りを検査する
ok 72 - mapWithConcurrencyは一件の失敗後も残りを検査する
  ---
  duration_ms: 0.540733
  type: 'test'
  ...
# Subtest: retryは失敗対象だけを指定回数まで再試行する
ok 73 - retryは失敗対象だけを指定回数まで再試行する
  ---
  duration_ms: 3.910353
  type: 'test'
  ...
# Subtest: 機種変更記事は独立した検索意図と症状別の確認導線を持つ
ok 74 - 機種変更記事は独立した検索意図と症状別の確認導線を持つ
  ---
  duration_ms: 1.610644
  type: 'test'
  ...
# Subtest: 既存記事が履歴・週次特典・交換先の主担当として必要情報を持つ
ok 75 - 既存記事が履歴・週次特典・交換先の主担当として必要情報を持つ
  ---
  duration_ms: 2.262082
  type: 'test'
  ...
# Subtest: 機種変更記事のFAQ本文とFAQPage構造化データは一致する
ok 76 - 機種変更記事のFAQ本文とFAQPage構造化データは一致する
  ---
  duration_ms: 2.45492
  type: 'test'
  ...
# Subtest: 記事台帳のid・file・titleは重複せず、登録先ファイルが存在する
ok 77 - 記事台帳のid・file・titleは重複せず、登録先ファイルが存在する
  ---
  duration_ms: 1.385018
  type: 'test'
  ...
# Subtest: 国・地域別の実用記事を3言語で十分な本文として公開する
ok 78 - 国・地域別の実用記事を3言語で十分な本文として公開する
  ---
  duration_ms: 12.461905
  type: 'test'
  ...
# Subtest: 言語別記事一覧と専用サイトマップから対象ページを発見できる
ok 79 - 言語別記事一覧と専用サイトマップから対象ページを発見できる
  ---
  duration_ms: 0.904865
  type: 'test'
  ...
# Subtest: 国際記事内のローカルリンク先が存在する
ok 80 - 国際記事内のローカルリンク先が存在する
  ---
  duration_ms: 10.083909
  type: 'test'
  ...
# Subtest: 日本語では重複する残高併用記事を追加しない
ok 81 - 日本語では重複する残高併用記事を追加しない
  ---
  duration_ms: 0.501365
  type: 'test'
  ...
# Subtest: クーポン・Playクレジット問題解決記事は4言語でSEO公開要件を満たす
ok 82 - クーポン・Playクレジット問題解決記事は4言語でSEO公開要件を満たす
  ---
  duration_ms: 4.70872
  type: 'test'
  ...
# Subtest: 専用サイトマップは8記事と完全なhreflangを持ちrobots.txtから発見できる
ok 83 - 専用サイトマップは8記事と完全なhreflangを持ちrobots.txtから発見できる
  ---
  duration_ms: 0.419163
  type: 'test'
  ...
# Subtest: 言語別一覧・人向けサイトマップ・日本語ブログから記事を発見できる
ok 84 - 言語別一覧・人向けサイトマップ・日本語ブログから記事を発見できる
  ---
  duration_ms: 0.640883
  type: 'test'
  ...
# Subtest: 新規記事のサイト内リンク先はすべて存在する
ok 85 - 新規記事のサイト内リンク先はすべて存在する
  ---
  duration_ms: 3.117955
  type: 'test'
  ...
# Subtest: 海外向け維持計算は地域別の公式門檻・積点率・通貨を分ける
ok 86 - 海外向け維持計算は地域別の公式門檻・積点率・通貨を分ける
  ---
  duration_ms: 5.761645
  type: 'test'
  ...
# Subtest: 地域外の維持門檻や通貨を流用していない
ok 87 - 地域外の維持門檻や通貨を流用していない
  ---
  duration_ms: 1.012085
  type: 'test'
  ...
# Subtest: 維持計算ロジックは不足点・通常時・倍率・年末ペースを計算する
ok 88 - 維持計算ロジックは不足点・通常時・倍率・年末ペースを計算する
  ---
  duration_ms: 0.34269
  type: 'test'
  ...
# Subtest: 日本語既存ページと海外6ページは完全なhreflangで相互接続する
ok 89 - 日本語既存ページと海外6ページは完全なhreflangで相互接続する
  ---
  duration_ms: 1.894466
  type: 'test'
  ...
# Subtest: 専用サイトマップ・robots・一覧から地域別維持計算を発見できる
ok 90 - 専用サイトマップ・robots・一覧から地域別維持計算を発見できる
  ---
  duration_ms: 0.8813
  type: 'test'
  ...
# Subtest: 生成設定は手書き維持計算を上書きせずサイトマップ対象に保つ
ok 91 - 生成設定は手書き維持計算を上書きせずサイトマップ対象に保つ
  ---
  duration_ms: 10.605605
  type: 'test'
  ...
# Subtest: 維持解説・比較記事から同一地域の計算ページへ進める
ok 92 - 維持解説・比較記事から同一地域の計算ページへ進める
  ---
  duration_ms: 1.147275
  type: 'test'
  ...
# Subtest: manual multilingual guide links survive regeneration exactly once
ok 93 - manual multilingual guide links survive regeneration exactly once
  ---
  duration_ms: 6.92249
  type: 'test'
  ...
# Subtest: プラチナ・ダイヤモンド比較は地域別公式数値と計算条件を明示する
ok 94 - プラチナ・ダイヤモンド比較は地域別公式数値と計算条件を明示する
  ---
  duration_ms: 3.069402
  type: 'test'
  ...
# Subtest: 地域の通貨とランク条件を他地域から流用していない
ok 95 - 地域の通貨とランク条件を他地域から流用していない
  ---
  duration_ms: 2.047954
  type: 'test'
  ...
# Subtest: 専用サイトマップと記事一覧から4言語ページを発見できる
ok 96 - 専用サイトマップと記事一覧から4言語ページを発見できる
  ---
  duration_ms: 0.843423
  type: 'test'
  ...
# Subtest: 日本語記事データと配信ファイルの更新日・説明が一致する
ok 97 - 日本語記事データと配信ファイルの更新日・説明が一致する
  ---
  duration_ms: 0.952586
  type: 'test'
  ...
# Subtest: 独立管理の記事は生成処理で上書きされずサイトマップ対象に残る
ok 98 - 独立管理の記事は生成処理で上書きされずサイトマップ対象に残る
  ---
  duration_ms: 2.078109
  type: 'test'
  ...
# Subtest: ランク維持記事は4言語で相互接続され公式条件とSEO要件を満たす
ok 99 - ランク維持記事は4言語で相互接続され公式条件とSEO要件を満たす
  ---
  duration_ms: 1.797843
  type: 'test'
  ...
# Subtest: 日本語の既存記事と記事データは同じ更新日を持つ
ok 100 - 日本語の既存記事と記事データは同じ更新日を持つ
  ---
  duration_ms: 1.360252
  type: 'test'
  ...
# Subtest: 専用サイトマップは4言語URLと完全なhreflangを持ちrobots.txtから発見できる
ok 101 - 専用サイトマップは4言語URLと完全なhreflangを持ちrobots.txtから発見できる
  ---
  duration_ms: 0.276501
  type: 'test'
  ...
# Subtest: 言語別一覧と人向けサイトマップから新しい記事へ移動できる
ok 102 - 言語別一覧と人向けサイトマップから新しい記事へ移動できる
  ---
  duration_ms: 0.447976
  type: 'test'
  ...
# Subtest: 新しい多言語記事のサイト内リンク先は存在する
ok 103 - 新しい多言語記事のサイト内リンク先は存在する
  ---
  duration_ms: 1.617264
  type: 'test'
  ...
# Subtest: 海外向け記事から日本円固定ページへ誘導しない
ok 104 - 海外向け記事から日本円固定ページへ誘導しない
  ---
  duration_ms: 13.73737
  type: 'test'
  ...
# Subtest: ギフトカード購入・登録と対象コンテンツ購入を分離して説明する
ok 105 - ギフトカード購入・登録と対象コンテンツ購入を分離して説明する
  ---
  duration_ms: 0.546583
  type: 'test'
  ...
# Subtest: 영문 구독 가이드는 적격 Google Play 구독의 적립 가능성을 직접 답한다
ok 106 - 영문 구독 가이드는 적격 Google Play 구독의 적립 가능성을 직접 답한다
  ---
  duration_ms: 0.214949
  type: 'test'
  ...
# Subtest: Super Weekly Prize와 Super Ticket의 공식 명칭과 계정 한정을 유지한다
ok 107 - Super Weekly Prize와 Super Ticket의 공식 명칭과 계정 한정을 유지한다
  ---
  duration_ms: 0.567153
  type: 'test'
  ...
# Subtest: 영문 수치 기사는 미국 기준임을 명시한다
ok 108 - 영문 수치 기사는 미국 기준임을 명시한다
  ---
  duration_ms: 0.588435
  type: 'test'
  ...
# Subtest: regional guide set exists in all three locales
ok 109 - regional guide set exists in all three locales
  ---
  duration_ms: 1.48659
  type: 'test'
  ...
# Subtest: every regional article has reciprocal hreflang links
ok 110 - every regional article has reciprocal hreflang links
  ---
  duration_ms: 2.991838
  type: 'test'
  ...
# Subtest: regional level thresholds and earning units are not mixed
ok 111 - regional level thresholds and earning units are not mixed
  ---
  duration_ms: 0.711318
  type: 'test'
  ...
# Subtest: Silver strategy uses regional thresholds and positive value framing
ok 112 - Silver strategy uses regional thresholds and positive value framing
  ---
  duration_ms: 0.794421
  type: 'test'
  ...
# Subtest: promotion articles state no stacking, highest rate, pre-tax and rounding
ok 113 - promotion articles state no stacking, highest rate, pre-tax and rounding
  ---
  duration_ms: 0.689255
  type: 'test'
  ...
# Subtest: country-change guides warn that points and level do not transfer
ok 114 - country-change guides warn that points and level do not transfer
  ---
  duration_ms: 1.039345
  type: 'test'
  ...
# Subtest: localized Silver landing pages use the correct threshold and article route
ok 115 - localized Silver landing pages use the correct threshold and article route
  ---
  duration_ms: 0.388898
  type: 'test'
  ...
# Subtest: manual article source list preserves all regional guides
ok 116 - manual article source list preserves all regional guides
  ---
  duration_ms: 0.334387
  type: 'test'
  ...
# Subtest: reward and quest topics have complete Japanese, English, Korean and Taiwan clusters
ok 117 - reward and quest topics have complete Japanese, English, Korean and Taiwan clusters
  ---
  duration_ms: 3.877364
  type: 'test'
  ...
# Subtest: new international guides are substantial, sourced and usable instead of thin translations
ok 118 - new international guides are substantial, sourced and usable instead of thin translations
  ---
  duration_ms: 4.539137
  type: 'test'
  ...
# Subtest: Super Weekly Reward articles explain stock and the Super Ticket trade-off without promising premium prizes
ok 119 - Super Weekly Reward articles explain stock and the Super Ticket trade-off without promising premium prizes
  ---
  duration_ms: 1.845533
  type: 'test'
  ...
# Subtest: quest articles cover account-specific conditions, qualifying purchases, sign-in and refunds
ok 120 - quest articles cover account-specific conditions, qualifying purchases, sign-in and refunds
  ---
  duration_ms: 1.206243
  type: 'test'
  ...
# Subtest: locale indexes and the dedicated sitemap expose all six new international guides
ok 121 - locale indexes and the dedicated sitemap expose all six new international guides
  ---
  duration_ms: 0.516308
  type: 'test'
  ...
# Subtest: ポイント利用・参加条件記事は3言語でSEO公開要件を満たす
ok 122 - ポイント利用・参加条件記事は3言語でSEO公開要件を満たす
  ---
  duration_ms: 2.963285
  type: 'test'
  ...
# Subtest: 専用サイトマップは6記事を公開しrobots.txtから発見できる
ok 123 - 専用サイトマップは6記事を公開しrobots.txtから発見できる
  ---
  duration_ms: 1.653779
  type: 'test'
  ...
# Subtest: 新規記事のサイト内リンク先は存在する
ok 124 - 新規記事のサイト内リンク先は存在する
  ---
  duration_ms: 3.282209
  type: 'test'
  ...
# Subtest: 週次特典と複数アカウント記事は3言語で公開要件を満たす
ok 125 - 週次特典と複数アカウント記事は3言語で公開要件を満たす
  ---
  duration_ms: 2.69765
  type: 'test'
  ...
# Subtest: 新規記事は同一言語内で相互に接続される
ok 126 - 新規記事は同一言語内で相互に接続される
  ---
  duration_ms: 1.024894
  type: 'test'
  ...
# Subtest: 国際ガイド専用サイトマップをrobots.txtから発見できる
ok 127 - 国際ガイド専用サイトマップをrobots.txtから発見できる
  ---
  duration_ms: 0.534795
  type: 'test'
  ...
# Subtest: 新規国際記事のローカルリンク先はすべて存在する
ok 128 - 新規国際記事のローカルリンク先はすべて存在する
  ---
  duration_ms: 2.417644
  type: 'test'
  ...
# Subtest: 日本語のランク総合記事が5段階と判定値の違いを説明する
ok 129 - 日本語のランク総合記事が5段階と判定値の違いを説明する
  ---
  duration_ms: 1.223879
  type: 'test'
  ...
# Subtest: 登録できない記事が参加条件を順番に切り分ける
ok 130 - 登録できない記事が参加条件を順番に切り分ける
  ---
  duration_ms: 0.280838
  type: 'test'
  ...
# Subtest: 国変更記事がポイント・残高・変更条件を混同しない
ok 131 - 国変更記事がポイント・残高・変更条件を混同しない
  ---
  duration_ms: 0.394356
  type: 'test'
  ...
# Subtest: 倍率記事が直接レートと倍率入力を足し合わせない
ok 132 - 倍率記事が直接レートと倍率入力を足し合わせない
  ---
  duration_ms: 1.077942
  type: 'test'
  ...
# Subtest: シルバー記事が購入予定と高い獲得率を組み合わせる
ok 133 - シルバー記事が購入予定と高い獲得率を組み合わせる
  ---
  duration_ms: 0.366435
  type: 'test'
  ...
# Subtest: ウィークリー記事が通常リワードとPlay Pass週次特典を分離する
ok 134 - ウィークリー記事が通常リワードとPlay Pass週次特典を分離する
  ---
  duration_ms: 0.36371
  type: 'test'
  ...
# Subtest: ランク記事からシルバーのお得記事へ重複なく移動できる
ok 135 - ランク記事からシルバーのお得記事へ重複なく移動できる
  ---
  duration_ms: 0.364552
  type: 'test'
  ...
# Subtest: シルバー計算入口の上部からお得記事へ移動できる
ok 136 - シルバー計算入口の上部からお得記事へ移動できる
  ---
  duration_ms: 0.28961
  type: 'test'
  ...
# Subtest: 倍率キャンペーン入口からシルバーのお得記事へ移動できる
ok 137 - 倍率キャンペーン入口からシルバーのお得記事へ移動できる
  ---
  duration_ms: 0.615055
  type: 'test'
  ...
# Subtest: 記事一覧へ新規5本が重複なく登録される
ok 138 - 記事一覧へ新規5本が重複なく登録される
  ---
  duration_ms: 0.736695
  type: 'test'
  ...
# Subtest: 最新情報ハブは確認範囲・公式参照・確認日を明示する
ok 139 - 最新情報ハブは確認範囲・公式参照・確認日を明示する
  ---
  duration_ms: 1.739846
  type: 'test'
  ...
# Subtest: 最新情報ハブは週次3制度とクエストを別項目として扱う
ok 140 - 最新情報ハブは週次3制度とクエストを別項目として扱う
  ---
  duration_ms: 0.429528
  type: 'test'
  ...
# Subtest: 生成処理は確認していない日に最新情報ハブの日付を進めない
ok 141 - 生成処理は確認していない日に最新情報ハブの日付を進めない
  ---
  duration_ms: 0.172115
  type: 'test'
  ...
# Subtest: 鮮度検査は14日を超えた確認日を検出する
ok 142 - 鮮度検査は14日を超えた確認日を検出する
  ---
  duration_ms: 2.179109
  type: 'test'
  ...
# Subtest: 運用手順は日付だけの更新と個別オファーの一般化を禁止する
ok 143 - 運用手順は日付だけの更新と個別オファーの一般化を禁止する
  ---
  duration_ms: 0.317061
  type: 'test'
  ...
# Subtest: 通常計算は自動入力される獲得率と倍率を主画面に残し、平均パック額を表示しない
ok 144 - 通常計算は自動入力される獲得率と倍率を主画面に残し、平均パック額を表示しない
  ---
  duration_ms: 1.236198
  type: 'test'
  ...
# Subtest: 4言語に自動入力の獲得率と通常倍率の文言が用意されている
ok 145 - 4言語に自動入力の獲得率と通常倍率の文言が用意されている
  ---
  duration_ms: 0.367766
  type: 'test'
  ...
# Subtest: 初期化前にDOMを組み替え、地域更新時に文言も更新する
ok 146 - 初期化前にDOMを組み替え、地域更新時に文言も更新する
  ---
  duration_ms: 0.331914
  type: 'test'
  ...
# Subtest: 既存の主要入力IDと共有URL仕様を維持する
ok 147 - 既存の主要入力IDと共有URL仕様を維持する
  ---
  duration_ms: 2.924938
  type: 'test'
  ...
# Subtest: UIモジュールを圧縮・版管理・Service Workerの対象に含める
ok 148 - UIモジュールを圧縮・版管理・Service Workerの対象に含める
  ---
  duration_ms: 0.323371
  type: 'test'
  ...
# Subtest: main.jsは初期化と画面調停に集中し独立責務を各モジュールへ委譲する
ok 149 - main.jsは初期化と画面調停に集中し独立責務を各モジュールへ委譲する
  ---
  duration_ms: 1.616533
  type: 'test'
  ...
# Subtest: 分離した責務の実装と既存イベント名は専用モジュールに保持する
ok 150 - 分離した責務の実装と既存イベント名は専用モジュールに保持する
  ---
  duration_ms: 0.708824
  type: 'test'
  ...
# Subtest: 新しい実行時モジュールは圧縮・キャッシュ更新・オフライン先読みに含める
ok 151 - 新しい実行時モジュールは圧縮・キャッシュ更新・オフライン先読みに含める
  ---
  duration_ms: 0.495877
  type: 'test'
  ...
# [manual-intl] restored canonical article content: 40
# Subtest: 地域別に手動確認した記事の正本一覧を固定する
ok 152 - 地域別に手動確認した記事の正本一覧を固定する
  ---
  duration_ms: 2.982599
  type: 'test'
  ...
# Subtest: 手動正本の公開日・更新日・last-modifiedを一致させる
ok 153 - 手動正本の公開日・更新日・last-modifiedを一致させる
  ---
  duration_ms: 4.351529
  type: 'test'
  ...
# Subtest: 国際記事台帳は手動正本の日付を自動採用する
ok 154 - 国際記事台帳は手動正本の日付を自動採用する
  ---
  duration_ms: 2.44173
  type: 'test'
  ...
# Subtest: ビルドは国際記事生成の直前に退避し直後に復元する
ok 155 - ビルドは国際記事生成の直前に退避し直後に復元する
  ---
  duration_ms: 0.194309
  type: 'test'
  ...
# Subtest: 生成処理で上書きされても手動記事を完全に復元できる
ok 156 - 生成処理で上書きされても手動記事を完全に復元できる
  ---
  duration_ms: 11.357212
  type: 'test'
  ...
# Subtest: JPEG実体の既存OGP URLをimage/jpegとして配信する
ok 157 - JPEG実体の既存OGP URLをimage/jpegとして配信する
  ---
  duration_ms: 1.06241
  type: 'test'
  ...
# Subtest: デプロイ後のSEO検査は実際のOGP Content-Typeを確認する
ok 158 - デプロイ後のSEO検査は実際のOGP Content-Typeを確認する
  ---
  duration_ms: 0.198576
  type: 'test'
  ...
# Subtest: 記事CSSは外部化され、AdSense以外のinline styleを残さない
ok 159 - 記事CSSは外部化され、AdSense以外のinline styleを残さない
  ---
  duration_ms: 27.954404
  type: 'test'
  ...
# Subtest: 記事のローカルCSSは内容ハッシュ付きURLで参照する
ok 160 - 記事のローカルCSSは内容ハッシュ付きURLで参照する
  ---
  duration_ms: 21.081718
  type: 'test'
  ...
# Subtest: 記事のローカルJavaScriptも内容ハッシュ付きURLで参照する
ok 161 - 記事のローカルJavaScriptも内容ハッシュ付きURLで参照する
  ---
  duration_ms: 18.82947
  type: 'test'
  ...
# Subtest: 公開HTMLのローカルCSS・JavaScriptは実ファイルと一致する内容ハッシュを使う
ok 162 - 公開HTMLのローカルCSS・JavaScriptは実ファイルと一致する内容ハッシュを使う
  ---
  duration_ms: 94.055844
  type: 'test'
  ...
# Subtest: 画面外描画の最適化は長文下部だけに限定し、印刷時に解除する
ok 163 - 画面外描画の最適化は長文下部だけに限定し、印刷時に解除する
  ---
  duration_ms: 0.545701
  type: 'test'
  ...
# Subtest: バージョン付き資産だけを1年間immutableでキャッシュする
ok 164 - バージョン付き資産だけを1年間immutableでキャッシュする
  ---
  duration_ms: 0.28962
  type: 'test'
  ...
# Subtest: 低性能Android相当の定期Lighthouse検査を固定バージョンで実行する
ok 165 - 低性能Android相当の定期Lighthouse検査を固定バージョンで実行する
  ---
  duration_ms: 0.353085
  type: 'test'
  ...
# Subtest: 未参照だった旧共通CSSを公開物に残さない
ok 166 - 未参照だった旧共通CSSを公開物に残さない
  ---
  duration_ms: 0.166127
  type: 'test'
  ...
# Subtest: PRでは秘密情報を使わず一つのジョブで全事前検証を実行する
ok 167 - PRでは秘密情報を使わず一つのジョブで全事前検証を実行する
  ---
  duration_ms: 1.728669
  type: 'test'
  ...
# Subtest: 事前検証は全テストを自動収集し失敗工程を最後にまとめる
ok 168 - 事前検証は全テストを自動収集し失敗工程を最後にまとめる
  ---
  duration_ms: 0.319555
  type: 'test'
  ...
# Subtest: 事前検証は多言語の公開必須ファイル欠損を検出する
ok 169 - 事前検証は多言語の公開必須ファイル欠損を検出する
  ---
  duration_ms: 0.309821
  type: 'test'
  ...
# Subtest: Service Workerの全先読み対象をデプロイ前に検証する
ok 170 - Service Workerの全先読み対象をデプロイ前に検証する
  ---
  duration_ms: 0.280817
  type: 'test'
  ...
# Subtest: 通常の事前検証は生成・圧縮対象を元に戻しデプロイ時だけ保持する
ok 171 - 通常の事前検証は生成・圧縮対象を元に戻しデプロイ時だけ保持する
  ---
  duration_ms: 0.310581
  type: 'test'
  ...
# Subtest: ルートService Workerは画面遷移をネットワーク優先で更新する
ok 172 - ルートService Workerは画面遷移をネットワーク優先で更新する
  ---
  duration_ms: 0.265745
  type: 'test'
  ...
# Subtest: ルートキャッシュ世代は全共有アセット版から自動生成する
ok 173 - ルートキャッシュ世代は全共有アセット版から自動生成する
  ---
  duration_ms: 0.312405
  type: 'test'
  ...
# Subtest: アプリモジュールのキャッシュ世代は改行コードが違っても一致する
ok 174 - アプリモジュールのキャッシュ世代は改行コードが違っても一致する
  ---
  duration_ms: 9.782972
  type: 'test'
  ...
# Subtest: 本番確認はコミット状態と公開JSONの両方で完全一致を検証する
ok 175 - 本番確認はコミット状態と公開JSONの両方で完全一致を検証する
  ---
  duration_ms: 0.926307
  type: 'test'
  ...
# Subtest: 公開デプロイ状態は検証完了前と完了後を区別する
ok 176 - 公開デプロイ状態は検証完了前と完了後を区別する
  ---
  duration_ms: 2.005781
  type: 'test'
  ...
# Subtest: 本番デプロイは実行中ジョブを中断せず待機中の最新版だけを残す
ok 177 - 本番デプロイは実行中ジョブを中断せず待機中の最新版だけを残す
  ---
  duration_ms: 0.272094
  type: 'test'
  ...
# Subtest: HTTP検査は同時接続数を制限し失敗対象だけを再試行する
ok 178 - HTTP検査は同時接続数を制限し失敗対象だけを再試行する
  ---
  duration_ms: 0.30928
  type: 'test'
  ...
# Subtest: 外部Actionは固定SHAで実行しDependabotで月次更新する
ok 179 - 外部Actionは固定SHAで実行しDependabotで月次更新する
  ---
  duration_ms: 0.425322
  type: 'test'
  ...
# Subtest: 新規記事は記事台帳へ一意に登録される
ok 180 - 新規記事は記事台帳へ一意に登録される
  ---
  duration_ms: 1.329156
  type: 'test'
  ...
# Subtest: スーパーウィークリー記事は一般条件と個別条件を分離する
ok 181 - スーパーウィークリー記事は一般条件と個別条件を分離する
  ---
  duration_ms: 1.965401
  type: 'test'
  ...
# Subtest: クエスト記事は対象・購入・ログイン・返金条件を案内する
ok 182 - クエスト記事は対象・購入・ログイン・返金条件を案内する
  ---
  duration_ms: 0.31618
  type: 'test'
  ...
# Subtest: 週次親記事は3制度を比較し日記を主要導線にする
ok 183 - 週次親記事は3制度を比較し日記を主要導線にする
  ---
  duration_ms: 0.333496
  type: 'test'
  ...
# Subtest: 無料獲得記事は無料・追加購入なし・有料条件を混同しない
ok 184 - 無料獲得記事は無料・追加購入なし・有料条件を混同しない
  ---
  duration_ms: 0.37009
  type: 'test'
  ...
# Subtest: 買い切り購入と継続課金の記事は役割を相互案内する
ok 185 - 買い切り購入と継続課金の記事は役割を相互案内する
  ---
  duration_ms: 0.36375
  type: 'test'
  ...
# Subtest: 今回のPlay Points公式記事群へ第三者決済キャンペーンを混入させない
ok 186 - 今回のPlay Points公式記事群へ第三者決済キャンペーンを混入させない
  ---
  duration_ms: 0.809914
  type: 'test'
  ...
# Subtest: 公式例のシルバー500円は6ポイントへ丸める
ok 187 - 公式例のシルバー500円は6ポイントへ丸める
  ---
  duration_ms: 1.44659
  type: 'test'
  ...
# Subtest: 購入ごとの丸めと総額への一度だけの丸めを分ける
ok 188 - 購入ごとの丸めと総額への一度だけの丸めを分ける
  ---
  duration_ms: 0.27558
  type: 'test'
  ...
# Subtest: 丸め関数は非負のポイントを最も近い整数へ丸める
ok 189 - 丸め関数は非負のポイントを最も近い整数へ丸める
  ---
  duration_ms: 0.546423
  type: 'test'
  ...
# Subtest: 不正な購入回数と獲得率を拒否する
ok 190 - 不正な購入回数と獲得率を拒否する
  ---
  duration_ms: 0.2893
  type: 'test'
  ...
# Subtest: 記事は税抜・四捨五入・機能の限界を明示する
ok 191 - 記事は税抜・四捨五入・機能の限界を明示する
  ---
  duration_ms: 1.928387
  type: 'test'
  ...
# Subtest: 記事冒頭は通常獲得率と交換価値を分けて即答する
ok 192 - 記事冒頭は通常獲得率と交換価値を分けて即答する
  ---
  duration_ms: 0.515566
  type: 'test'
  ...
# Subtest: 記事固有の導線だけを1つずつ表示し、自動導線の重複を防ぐ
ok 193 - 記事固有の導線だけを1つずつ表示し、自動導線の重複を防ぐ
  ---
  duration_ms: 0.457721
  type: 'test'
  ...
# Subtest: スマホでは比較表をカード表示し、主要操作を画面幅いっぱいにする
ok 194 - スマホでは比較表をカード表示し、主要操作を画面幅いっぱいにする
  ---
  duration_ms: 0.654634
  type: 'test'
  ...
# Subtest: FAQと補助導線は主要目次へ混入しない構造にする
ok 195 - FAQと補助導線は主要目次へ混入しない構造にする
  ---
  duration_ms: 0.714262
  type: 'test'
  ...
# Subtest: シミュレーターは差が見える初期例と利用限界を明示する
ok 196 - シミュレーターは差が見える初期例と利用限界を明示する
  ---
  duration_ms: 0.970703
  type: 'test'
  ...
# Subtest: 記事別の検証カード文言は生成元でも保持する
ok 197 - 記事別の検証カード文言は生成元でも保持する
  ---
  duration_ms: 0.62546
  type: 'test'
  ...
# Subtest: 画面のFAQとFAQPage構造化データが一致する
ok 198 - 画面のFAQとFAQPage構造化データが一致する
  ---
  duration_ms: 1.654208
  type: 'test'
  ...
# Subtest: 記事台帳は既存記事の役割を維持して更新日と説明を同期する
ok 199 - 記事台帳は既存記事の役割を維持して更新日と説明を同期する
  ---
  duration_ms: 1.523144
  type: 'test'
  ...
# Subtest: 海外向け案内は英語を全世界共通レートとして案内しない
ok 200 - 海外向け案内は英語を全世界共通レートとして案内しない
  ---
  duration_ms: 1.243388
  type: 'test'
  ...
# Subtest: 多言語トップの実行時記事リンクは各言語の記事一覧を指す
not ok 201 - 多言語トップの実行時記事リンクは各言語の記事一覧を指す
  ---
  duration_ms: 2.481198
  type: 'test'
  location: '/home/runner/work/PlayPoint/PlayPoint/tests/playpoint-audit-fixes.test.cjs:29:1'
  failureType: 'testCodeFailure'
  error: 'Unexpected string'
  code: 'ERR_TEST_FAILURE'
  name: 'SyntaxError'
  stack: |-
    new Script (node:vm:117:7)
    createScript (node:vm:269:10)
    Object.runInContext (node:vm:300:10)
    loadConfigs (/home/runner/work/PlayPoint/PlayPoint/tests/playpoint-audit-fixes.test.cjs:16:6)
    TestContext.<anonymous> (/home/runner/work/PlayPoint/PlayPoint/tests/playpoint-audit-fixes.test.cjs:30:19)
    Test.runInAsyncScope (node:async_hooks:214:14)
    Test.run (node:internal/test_runner/test:1047:25)
    Test.processPendingSubtests (node:internal/test_runner/test:744:18)
    Test.postRun (node:internal/test_runner/test:1173:19)
    Test.run (node:internal/test_runner/test:1101:12)
  ...
# Subtest: 日本語の必要ポイント例はあとがきにつながる実例1728を保つ
not ok 202 - 日本語の必要ポイント例はあとがきにつながる実例1728を保つ
  ---
  duration_ms: 1.068788
  type: 'test'
  location: '/home/runner/work/PlayPoint/PlayPoint/tests/playpoint-audit-fixes.test.cjs:41:1'
  failureType: 'testCodeFailure'
  error: 'Unexpected string'
  code: 'ERR_TEST_FAILURE'
  name: 'SyntaxError'
  stack: |-
    new Script (node:vm:117:7)
    createScript (node:vm:269:10)
    Object.runInContext (node:vm:300:10)
    loadConfigs (/home/runner/work/PlayPoint/PlayPoint/tests/playpoint-audit-fixes.test.cjs:16:6)
    TestContext.<anonymous> (/home/runner/work/PlayPoint/PlayPoint/tests/playpoint-audit-fixes.test.cjs:42:19)
    Test.runInAsyncScope (node:async_hooks:214:14)
    Test.run (node:internal/test_runner/test:1047:25)
    Test.processPendingSubtests (node:internal/test_runner/test:744:18)
    Test.postRun (node:internal/test_runner/test:1173:19)
    Test.run (node:internal/test_runner/test:1101:12)
  ...
# Subtest: 結果カードの見出しだけをブロック化し、金額の内訳は分断しない
ok 203 - 結果カードの見出しだけをブロック化し、金額の内訳は分断しない
  ---
  duration_ms: 1.141687
  type: 'test'
  ...
# Subtest: CSPは計測と広告品質確認で実際に使う接続先を許可する
ok 204 - CSPは計測と広告品質確認で実際に使う接続先を許可する
  ---
  duration_ms: 0.492132
  type: 'test'
  ...
# Subtest: 日記の景品選択には全言語で読み上げ可能な名前がある
not ok 205 - 日記の景品選択には全言語で読み上げ可能な名前がある
  ---
  duration_ms: 1.047056
  type: 'test'
  location: '/home/runner/work/PlayPoint/PlayPoint/tests/playpoint-audit-fixes.test.cjs:75:1'
  failureType: 'testCodeFailure'
  error: 'Unexpected string'
  code: 'ERR_TEST_FAILURE'
  name: 'SyntaxError'
  stack: |-
    new Script (node:vm:117:7)
    createScript (node:vm:269:10)
    Object.runInContext (node:vm:300:10)
    loadConfigs (/home/runner/work/PlayPoint/PlayPoint/tests/playpoint-audit-fixes.test.cjs:16:6)
    TestContext.<anonymous> (/home/runner/work/PlayPoint/PlayPoint/tests/playpoint-audit-fixes.test.cjs:76:19)
    Test.runInAsyncScope (node:async_hooks:214:14)
    Test.run (node:internal/test_runner/test:1047:25)
    Test.processPendingSubtests (node:internal/test_runner/test:744:18)
    Test.postRun (node:internal/test_runner/test:1173:19)
    Test.run (node:internal/test_runner/test:1101:12)
  ...
# Subtest: トップページは大きな画像プレビューとOGP画像サイズを明示する
ok 206 - トップページは大きな画像プレビューとOGP画像サイズを明示する
  ---
  duration_ms: 0.650066
  type: 'test'
  ...
# Subtest: 初期操作に必要なアプリモジュールは依存解析前から取得を開始する
ok 207 - 初期操作に必要なアプリモジュールは依存解析前から取得を開始する
  ---
  duration_ms: 1.412299
  type: 'test'
  ...
# Subtest: 日記の重複通知を表示せず、カレンダー登録は残す
ok 208 - 日記の重複通知を表示せず、カレンダー登録は残す
  ---
  duration_ms: 1.209688
  type: 'test'
  ...
# Subtest: 地域差案内は日本語トップでも英語の注意導線として表示する
ok 209 - 地域差案内は日本語トップでも英語の注意導線として表示する
  ---
  duration_ms: 1.247975
  type: 'test'
  ...
# Subtest: 計算方法と検証方針を全言語で本文から確認できる
ok 210 - 計算方法と検証方針を全言語で本文から確認できる
  ---
  duration_ms: 0.840699
  type: 'test'
  ...
# Subtest: 広告と計測は初期表示後に低優先度で読み込む
ok 211 - 広告と計測は初期表示後に低優先度で読み込む
  ---
  duration_ms: 0.294377
  type: 'test'
  ...
# ok - 著者ページのOGP画像は実在する
# ok - 計算機は有限値とHTMLの上下限を検証する
# ok - ルートService WorkerはGETの許可対象だけを安定したキーでキャッシュする
# ok - GAとAdSenseは地域別Consent ModeとGoogle認定CMPに従う
# ok - ルートService Workerは自分のキャッシュだけを削除対象にする
# ok - ルートService Workerはprecache失敗時に壊れたまま有効化しない
# ok - デプロイ同期は公開不要な運用ファイルをルート限定で除外する
# ok - JSミニファイは文字列中のスラッシュコメント風テキストを壊さない
# ok - デプロイ時ミニファイはPlayPoint本体・ブログ・ウィジェットを対象にする
# ok - デプロイ前検証はミニファイ後JSの構文を確認する
# ok - CIデプロイはコミット済み成果物だけを公開する
# ok - デプロイ前JS構文検証はGitHub Actions用スクリプトも対象にする
# ok - 多言語トップはJS実行前の主要文言も翻訳済みにする
# ok - Xserver同期後に本番スモークテストを実行する
# ok - Xserver同期後に本番SEOヘルスチェックを実行する
# ok - デプロイ検証の変更でもワークフローを実行する
# ok - デプロイ前検証は全テストをミニファイ前後に実行する
# not ok - 計測イベントは同意済みラッパー経由だけで送信する
# 同意済み状態だけを明示的に許可していません
# not ok - 同意済み計測はGA本体ロード前のイベントを短期キューへ保持する
# GAロード前イベントのキューがありません
# ok - 本番スモークテストの期待文字列は配信元ファイルに存在する
# ok - 本番スモークテストは主要PlayPointページと言語トップを確認する
# 2件の修正が未実装です。
# Subtest: tests/playpoint-nine-fixes.test.cjs
not ok 39 - tests/playpoint-nine-fixes.test.cjs
  ---
  duration_ms: 60.996501
  type: 'test'
  location: '/home/runner/work/PlayPoint/PlayPoint/tests/playpoint-nine-fixes.test.cjs:1:1'
  failureType: 'testCodeFailure'
  exitCode: 1
  signal: ~
  error: 'test failed'
  code: 'ERR_TEST_FAILURE'
  ...
# not ok - ステータス選択の初期値はブロンズになる
# calculator-bundle.js:3
# { ANALYTICS } from './analytics.js';
#                    ^^^^^^^^^^^^^^^^
# SyntaxError: Unexpected string
#     at new Script (node:vm:117:7)
#     at createScript (node:vm:269:10)
#     at Object.runInContext (node:vm:300:10)
#     at loadCalculatorContext (/home/runner/work/PlayPoint/PlayPoint/tests/playpoint-regression.test.cjs:122:6)
#     at /home/runner/work/PlayPoint/PlayPoint/tests/playpoint-regression.test.cjs:137:47
#     at test (/home/runner/work/PlayPoint/PlayPoint/tests/playpoint-regression.test.cjs:128:5)
#     at Object.<anonymous> (/home/runner/work/PlayPoint/PlayPoint/tests/playpoint-regression.test.cjs:136:1)
#     at Module._compile (node:internal/modules/cjs/loader:1781:14)
#     at Object..js (node:internal/modules/cjs/loader:1913:10)
#     at Module.load (node:internal/modules/cjs/loader:1505:32)
# Node.js v22.23.1
# Subtest: tests/playpoint-regression.test.cjs
not ok 40 - tests/playpoint-regression.test.cjs
  ---
  duration_ms: 47.584845
  type: 'test'
  location: '/home/runner/work/PlayPoint/PlayPoint/tests/playpoint-regression.test.cjs:1:1'
  failureType: 'testCodeFailure'
  exitCode: 1
  signal: ~
  error: 'test failed'
  code: 'ERR_TEST_FAILURE'
  ...
# node:fs:440
#     return binding.readFileUtf8(path, stringToFlags(options.flag));
#                    ^
# Error: ENOENT: no such file or directory, open '/home/runner/work/PlayPoint/PlayPoint/.github/workflows/apply-growth-flow-foundation.yml'
#     at Object.readFileSync (node:fs:440:20)
#     at /home/runner/work/PlayPoint/PlayPoint/tests/repository-integrity-audit.test.cjs:71:8
#     at Array.map (<anonymous>)
#     at Object.<anonymous> (/home/runner/work/PlayPoint/PlayPoint/tests/repository-integrity-audit.test.cjs:69:24)
#     at Module._compile (node:internal/modules/cjs/loader:1781:14)
#     at Object..js (node:internal/modules/cjs/loader:1913:10)
#     at Module.load (node:internal/modules/cjs/loader:1505:32)
#     at Function._load (node:internal/modules/cjs/loader:1309:12)
#     at wrapModuleLoad (node:internal/modules/cjs/loader:254:19)
#     at Function.executeUserEntryPoint [as runMain] (node:internal/modules/run_main:171:5) {
#   errno: -2,
#   code: 'ENOENT',
#   syscall: 'open',
#   path: '/home/runner/work/PlayPoint/PlayPoint/.github/workflows/apply-growth-flow-foundation.yml'
# }
# Node.js v22.23.1
# Subtest: tests/repository-integrity-audit.test.cjs
not ok 41 - tests/repository-integrity-audit.test.cjs
  ---
  duration_ms: 55.488723
  type: 'test'
  location: '/home/runner/work/PlayPoint/PlayPoint/tests/repository-integrity-audit.test.cjs:1:1'
  failureType: 'testCodeFailure'
  exitCode: 1
  signal: ~
  error: 'test failed'
  code: 'ERR_TEST_FAILURE'
  ...
# Subtest: 送信するXMLサイトマップ間でURLを重複させない
ok 215 - 送信するXMLサイトマップ間でURLを重複させない
  ---
  duration_ms: 4.408984
  type: 'test'
  ...
# Subtest: ルートサイトマップはPlay Pointsの公開導線だけを扱う
ok 216 - ルートサイトマップはPlay Pointsの公開導線だけを扱う
  ---
  duration_ms: 0.678939
  type: 'test'
  ...
# Subtest: 専用XMLサイトマップへ移したURLをルートへ重ねない
ok 217 - 専用XMLサイトマップへ移したURLをルートへ重ねない
  ---
  duration_ms: 1.180805
  type: 'test'
  ...
# Subtest: Play Pointsブログとフィードに家計記事を混在させない
ok 218 - Play Pointsブログとフィードに家計記事を混在させない
  ---
  duration_ms: 2.635328
  type: 'test'
  ...
# Subtest: 人向けサイトマップはPlay Pointsの案内に集中する
ok 219 - 人向けサイトマップはPlay Pointsの案内に集中する
  ---
  duration_ms: 0.519292
  type: 'test'
  ...
# Subtest: 韓国語トップは為替計算をうたわず実際の入力条件を説明する
ok 220 - 韓国語トップは為替計算をうたわず実際の入力条件を説明する
  ---
  duration_ms: 0.364992
  type: 'test'
  ...
# Subtest: Q&Aは現在のランク判定と計算機の責任範囲を明示する
ok 221 - Q&Aは現在のランク判定と計算機の責任範囲を明示する
  ---
  duration_ms: 0.440105
  type: 'test'
  ...
# Subtest: 旧HTMLを5項目の静的レイアウトへ安全に変換できる
ok 222 - 旧HTMLを5項目の静的レイアウトへ安全に変換できる
  ---
  duration_ms: 4.811032
  type: 'test'
  ...
# Subtest: 4言語の公開HTMLはJavaScript実行前から5項目と専用ラベルを持つ
ok 223 - 4言語の公開HTMLはJavaScript実行前から5項目と専用ラベルを持つ
  ---
  duration_ms: 2.991887
  type: 'test'
  ...
# Subtest: 多言語生成処理は通常計算専用ラベルを一般翻訳と分離する
ok 224 - 多言語生成処理は通常計算専用ラベルを一般翻訳と分離する
  ---
  duration_ms: 0.372855
  type: 'test'
  ...
# Subtest: UIモジュールの旧HTML向けフォールバックと静的HTML向け早期終了を維持する
ok 225 - UIモジュールの旧HTML向けフォールバックと静的HTML向け早期終了を維持する
  ---
  duration_ms: 0.336531
  type: 'test'
  ...
# Subtest: UIモジュールは内容ハッシュ付きで読み込み、Service Workerも即時更新確認する
ok 226 - UIモジュールは内容ハッシュ付きで読み込み、Service Workerも即時更新確認する
  ---
  duration_ms: 0.746259
  type: 'test'
  ...
# Subtest: 未バージョンJavaScriptだけを短期再検証し、v付き資産はimmutableにする
ok 227 - 未バージョンJavaScriptだけを短期再検証し、v付き資産はimmutableにする
  ---
  duration_ms: 0.291633
  type: 'test'
  ...
# Subtest: 静的生成辞書は多言語フッターの全リンク文言を持つ
ok 228 - 静的生成辞書は多言語フッターの全リンク文言を持つ
  ---
  duration_ms: 1.472499
  type: 'test'
  ...
# Subtest: 3言語トップはJavaScript実行前からウィジェット名が翻訳されている
ok 229 - 3言語トップはJavaScript実行前からウィジェット名が翻訳されている
  ---
  duration_ms: 8.545413
  type: 'test'
  ...
# Subtest: フィード名と年次グラフの読み上げ文言を各言語で静的生成する
ok 230 - フィード名と年次グラフの読み上げ文言を各言語で静的生成する
  ---
  duration_ms: 4.013406
  type: 'test'
  ...
# Subtest: 多言語トップの利用者向け静的文言へ別言語の文字が混入しない
ok 231 - 多言語トップの利用者向け静的文言へ別言語の文字が混入しない
  ---
  duration_ms: 2.253159
  type: 'test'
  ...
1..231
# tests 231
# suites 0
# pass 221
# fail 10
# cancelled 0
# skipped 0
# todo 0
# duration_ms 1199.299543

=== ads.txt検証 ===
ads.txt is present and matches the AdSense publisher record.

=== 公開アセット圧縮 ===
Minified CSS: style.css (40803 -> 37071 bytes)
Minified CSS: article-gift-card.css (3758 -> 2501 bytes)
Minified CSS: article-legacy.css (1970 -> 1247 bytes)
Minified CSS: article-modern.css (6066 -> 4306 bytes)
Minified CSS: article-shared.css (12124 -> 10362 bytes)
Minified CSS: source-notice.css (751 -> 655 bytes)
Minified CSS: style.css (42356 -> 31804 bytes)
Minified CSS: index.css (4708 -> 4159 bytes)
Minified CSS: intl-article.css (4688 -> 4211 bytes)
Minified CSS: 2025-12-25-best-use.css (6344 -> 4134 bytes)
Minified CSS: 2025-12-25-campaign.css (6233 -> 3999 bytes)
Minified CSS: 2025-12-25-diamond-vip.css (5888 -> 3786 bytes)
Minified CSS: 2025-12-25-diamond-worth-it.css (6069 -> 3965 bytes)
Minified CSS: 2025-12-25-expiration.css (5132 -> 3303 bytes)
Minified CSS: 2025-12-25-family-sharing.css (5242 -> 3385 bytes)
Minified CSS: 2025-12-25-getting-started.css (6183 -> 3961 bytes)
Minified CSS: 2025-12-25-gift-card.css (5369 -> 3430 bytes)
Minified CSS: 2025-12-25-multiple-accounts.css (4714 -> 3020 bytes)
Minified CSS: 2025-12-25-new-year-campaign.css (6266 -> 4020 bytes)
Minified CSS: 2025-12-25-playpoints-rank-maintenance.css (5825 -> 3704 bytes)
Minified CSS: 2025-12-25-promo-code.css (5045 -> 3237 bytes)
Minified CSS: 2025-12-25-refund.css (4732 -> 3038 bytes)
Minified CSS: 2026-03-10-play-points-reflection-timing.css (3915 -> 2594 bytes)
Minified CSS: 2026-06-20-discount-gift-cards.css (4422 -> 2913 bytes)
Minified CSS: 2026-07-24-play-points-1-value.css (3950 -> 3535 bytes)
Minified JS: sw.js (4588 -> 4587 bytes)
Minified JS: main.js (8631 -> 8614 bytes)
Minified JS: analytics.js (8001 -> 8000 bytes)
Minified JS: region-navigation.js (2493 -> 2492 bytes)
Minified JS: language-suggestion.js (2741 -> 2740 bytes)
Minified JS: calendar-reminder.js (1870 -> 1869 bytes)
Minified JS: pwa-install.js (2371 -> 2370 bytes)
Minified JS: widget-referral.js (621 -> 620 bytes)
Minified JS: service-worker-registration.js (1044 -> 1043 bytes)
Minified JS: main-calculator-ui.js (2911 -> 2910 bytes)
Minified JS: calculator.js (40463 -> 40354 bytes)
Minified JS: ui.js (8828 -> 8806 bytes)
Minified JS: diary.js (15045 -> 14767 bytes)
Minified JS: share.js (4923 -> 4902 bytes)
Minified JS: config.js (41436 -> 41435 bytes)
Minified JS: consent.js (3803 -> 3802 bytes)
Minified JS: intent-tracking.js (1884 -> 1883 bytes)
Minified JS: third-party.js (4930 -> 4929 bytes)
Minified JS: article.js (22965 -> 22963 bytes)
Minified JS: components.js (13845 -> 13842 bytes)
Minified JS: script.js (35034 -> 35031 bytes)
Minified JS: utils.js (2466 -> 2462 bytes)
Minified JS: playpoint-widget.js (29958 -> 29853 bytes)
[article-assets] synchronized source-notice.css: v=3c2ec22615
[blog-data] synchronized articles.json: v=c902bc6f8b, files=0
Successfully synchronized consent.js version in third-party.js to v=dc975a5e38
Successfully synchronized sw.js cache. CACHE_NAME=playpoint-calc-v20260807_1038-13a06b2f
[public-assets] synchronized content hashes: 197 files

=== 圧縮後JavaScript構文検証 ===
JS syntax check passed (63 files).

=== 圧縮後の全回帰テスト ===
TAP version 13
# Subtest: the complete published article corpus keeps structural quality signals
ok 1 - the complete published article corpus keeps structural quality signals
  ---
  duration_ms: 53.649756
  type: 'test'
  ...
# Subtest: article hreflang links are reciprocal and use the Taiwan locale code
ok 2 - article hreflang links are reciprocal and use the Taiwan locale code
  ---
  duration_ms: 33.566161
  type: 'test'
  ...
# Subtest: rewritten gift-card guides contain verifiable checks, not permanent discount claims
ok 3 - rewritten gift-card guides contain verifiable checks, not permanent discount claims
  ---
  duration_ms: 0.708914
  type: 'test'
  ...
# Subtest: known overstatements do not return to published copy
ok 4 - known overstatements do not return to published copy
  ---
  duration_ms: 14.977539
  type: 'test'
  ...
# Subtest: missing mapped related section is inserted before article end
ok 5 - missing mapped related section is inserted before article end
  ---
  duration_ms: 1.968557
  type: 'test'
  ...
# Subtest: existing related section is preserved without duplication
ok 6 - existing related section is preserved without duplication
  ---
  duration_ms: 0.381557
  type: 'test'
  ...
# Subtest: mapped section containing only non-article links is replaced with curated article guides
ok 7 - mapped section containing only non-article links is replaced with curated article guides
  ---
  duration_ms: 0.56492
  type: 'test'
  ...
# Subtest: scope note is inserted after the lead answer and links to the paired page
ok 8 - scope note is inserted after the lead answer and links to the paired page
  ---
  duration_ms: 0.754822
  type: 'test'
  ...
# Subtest: check mode detects required changes and does not write
ok 9 - check mode detects required changes and does not write
  ---
  duration_ms: 3.410539
  type: 'test'
  ...
# Subtest: normalization is idempotent and validates related targets
ok 10 - normalization is idempotent and validates related targets
  ---
  duration_ms: 2.449762
  type: 'test'
  ...
# Subtest: validator rejects self links in a non-curated related section
ok 11 - validator rejects self links in a non-curated related section
  ---
  duration_ms: 0.833369
  type: 'test'
  ...
# Subtest: 通常のウィークリーリワードとPlay Pass週次特典を区別して案内する
ok 12 - 通常のウィークリーリワードとPlay Pass週次特典を区別して案内する
  ---
  duration_ms: 1.671205
  type: 'test'
  ...
# Subtest: 入門記事の獲得対象は現在の日本向け公式案内に合わせる
ok 13 - 入門記事の獲得対象は現在の日本向け公式案内に合わせる
  ---
  duration_ms: 0.359314
  type: 'test'
  ...
# Subtest: 週次特典を使う補足記事にもシルバー以上の条件を明記する
ok 14 - 週次特典を使う補足記事にもシルバー以上の条件を明記する
  ---
  duration_ms: 0.407666
  type: 'test'
  ...
# Subtest: ゲーム以外の記事は終了・未確認サービスを獲得対象と断定しない
ok 15 - ゲーム以外の記事は終了・未確認サービスを獲得対象と断定しない
  ---
  duration_ms: 1.141717
  type: 'test'
  ...
# Subtest: サブスク記事は現行の公式確認項目だけを例示する
ok 16 - サブスク記事は現行の公式確認項目だけを例示する
  ---
  duration_ms: 0.409649
  type: 'test'
  ...
# Subtest: ダイヤモンド記事は未公表の週次上限を事実扱いしない
ok 17 - ダイヤモンド記事は未公表の週次上限を事実扱いしない
  ---
  duration_ms: 0.248359
  type: 'test'
  ...
# Subtest: 反映時間は公式案内にない時間幅を断定しない
ok 18 - 反映時間は公式案内にない時間幅を断定しない
  ---
  duration_ms: 0.270041
  type: 'test'
  ...
# Subtest: 終了済みの2025年末から2026年正月予測には履歴記事の明示がある
ok 19 - 終了済みの2025年末から2026年正月予測には履歴記事の明示がある
  ---
  duration_ms: 0.368878
  type: 'test'
  ...
# Subtest: all quality-audit P1 article files exist
ok 20 - all quality-audit P1 article files exist
  ---
  duration_ms: 1.848427
  type: 'test'
  ...
# Subtest: all international P1 articles are protected as canonical manual content
ok 21 - all international P1 articles are protected as canonical manual content
  ---
  duration_ms: 0.301669
  type: 'test'
  ...
# Subtest: international P1 articles share a validated audit update date
ok 22 - international P1 articles share a validated audit update date
  ---
  duration_ms: 4.234615
  type: 'test'
  ...
# Subtest: Super Weekly Prize pages retain the verified ticket and eligibility boundaries
ok 23 - Super Weekly Prize pages retain the verified ticket and eligibility boundaries
  ---
  duration_ms: 1.444868
  type: 'test'
  ...
# Subtest: gift-card discount guides use authorized regional rules instead of a permanent seller ranking
ok 24 - gift-card discount guides use authorized regional rules instead of a permanent seller ranking
  ---
  duration_ms: 2.596209
  type: 'test'
  ...
# Subtest: free-benefit guides separate no-new-purchase benefits from planned purchases
ok 25 - free-benefit guides separate no-new-purchase benefits from planned purchases
  ---
  duration_ms: 1.189078
  type: 'test'
  ...
# Subtest: regional Platinum and Diamond pages expose official thresholds in the title and first screen
ok 26 - regional Platinum and Diamond pages expose official thresholds in the title and first screen
  ---
  duration_ms: 0.64627
  type: 'test'
  ...
# Subtest: country-difference pages are hubs for local level and country-change guides
ok 27 - country-difference pages are hubs for local level and country-change guides
  ---
  duration_ms: 0.539252
  type: 'test'
  ...
# Subtest: Japanese seasonal and Diamond guides preserve the new editorial framing
ok 28 - Japanese seasonal and Diamond guides preserve the new editorial framing
  ---
  duration_ms: 0.817605
  type: 'test'
  ...
# Subtest: 可視本文と一致するFAQPageは保持する
ok 29 - 可視本文と一致するFAQPageは保持する
  ---
  duration_ms: 5.071719
  type: 'test'
  ...
# Subtest: 本文と文言がずれたFAQPageは可視FAQへ同期する
ok 30 - 本文と文言がずれたFAQPageは可視FAQへ同期する
  ---
  duration_ms: 1.35223
  type: 'test'
  ...
# Subtest: 可視FAQが無いFAQPageだけを除去しArticleは残す
ok 31 - 可視FAQが無いFAQPageだけを除去しArticleは残す
  ---
  duration_ms: 0.30915
  type: 'test'
  ...
# Subtest: 既存robots指示を保ったままmax-image-previewをlargeへ統一する
ok 32 - 既存robots指示を保ったままmax-image-previewをlargeへ統一する
  ---
  duration_ms: 0.990082
  type: 'test'
  ...
# Subtest: robots metaが無い場合もhead内へ安全に追加する
ok 33 - robots metaが無い場合もhead内へ安全に追加する
  ---
  duration_ms: 0.333706
  type: 'test'
  ...
# Subtest: 4言語の記事ディレクトリだけを処理し、checkモードでは書き換えない
ok 34 - 4言語の記事ディレクトリだけを処理し、checkモードでは書き換えない
  ---
  duration_ms: 3.742243
  type: 'test'
  ...
# Subtest: 注意ページは既存モードをそのまま使える国を正確に分類する
ok 35 - 注意ページは既存モードをそのまま使える国を正確に分類する
  ---
  duration_ms: 1.101317
  type: 'test'
  ...
# Subtest: 似ているだけの国を完全一致として案内しない
ok 36 - 似ているだけの国を完全一致として案内しない
  ---
  duration_ms: 0.303021
  type: 'test'
  ...
# Subtest: 国をブラウザ言語だけで推測せず公式確認導線を残す
ok 37 - 国をブラウザ言語だけで推測せず公式確認導線を残す
  ---
  duration_ms: 0.293816
  type: 'test'
  ...
# Subtest: 注意ページの確認日をサイト全体の更新日で巻き戻さない
ok 38 - 注意ページの確認日をサイト全体の更新日で巻き戻さない
  ---
  duration_ms: 0.267718
  type: 'test'
  ...
# Subtest: static blog article links follow article registry titles and remain idempotent
ok 39 - static blog article links follow article registry titles and remain idempotent
  ---
  duration_ms: 3.937123
  type: 'test'
  ...
# Subtest: skeleton loading never references filtered results
ok 40 - skeleton loading never references filtered results
  ---
  duration_ms: 1.457737
  type: 'test'
  ...
# Subtest: result count is calculated inside render after filtering
ok 41 - result count is calculated inside render after filtering
  ---
  duration_ms: 0.370561
  type: 'test'
  ...
# Subtest: pagination, reset and category controls synchronize URL and active state
ok 42 - pagination, reset and category controls synchronize URL and active state
  ---
  duration_ms: 0.473614
  type: 'test'
  ...
# Subtest: sidebar ARIA state is synchronized in markup and runtime
ok 43 - sidebar ARIA state is synchronized in markup and runtime
  ---
  duration_ms: 0.260388
  type: 'test'
  ...
# Subtest: browser smoke covers the blog runtime flow
ok 44 - browser smoke covers the blog runtime flow
  ---
  duration_ms: 0.344843
  type: 'test'
  ...
# Subtest: production revision verification retries IPv4 network errors
ok 45 - production revision verification retries IPv4 network errors
  ---
  duration_ms: 0.225505
  type: 'test'
  ...
# Subtest: 地域別の公式レート・年間しきい値・通貨単位を固定する
not ok 46 - 地域別の公式レート・年間しきい値・通貨単位を固定する
  ---
  duration_ms: 3.069322
  type: 'test'
  location: '/home/runner/work/PlayPoint/PlayPoint/tests/common-pages-fact-ux.test.cjs:22:1'
  failureType: 'testCodeFailure'
  error: 'Unexpected string'
  code: 'ERR_TEST_FAILURE'
  name: 'SyntaxError'
  stack: |-
    new Script (node:vm:117:7)
    createScript (node:vm:269:10)
    Object.runInContext (node:vm:300:10)
    loadConfigs (/home/runner/work/PlayPoint/PlayPoint/tests/common-pages-fact-ux.test.cjs:18:6)
    TestContext.<anonymous> (/home/runner/work/PlayPoint/PlayPoint/tests/common-pages-fact-ux.test.cjs:23:19)
    Test.runInAsyncScope (node:async_hooks:214:14)
    Test.run (node:internal/test_runner/test:1047:25)
    Test.start (node:internal/test_runner/test:944:17)
    startSubtestAfterBootstrap (node:internal/test_runner/harness:296:17)
  ...
# Subtest: 共通説明は年初再判定・残高と年間進捗の違いを公式URL付きで示す
ok 47 - 共通説明は年初再判定・残高と年間進捗の違いを公式URL付きで示す
  ---
  duration_ms: 0.711298
  type: 'test'
  ...
# Subtest: トップは倍率と直接レートを代替入力として説明し、入力境界をHTMLでも制約する
ok 48 - トップは倍率と直接レートを代替入力として説明し、入力境界をHTMLでも制約する
  ---
  duration_ms: 0.925606
  type: 'test'
  ...
# Subtest: 4言語トップは対象条件・保存範囲・aria-labelを初期表示から翻訳する
ok 49 - 4言語トップは対象条件・保存範囲・aria-labelを初期表示から翻訳する
  ---
  duration_ms: 3.270241
  type: 'test'
  ...
# Subtest: 海外の既存ギフトカード割引記事を記事ハブと人向けサイトマップから発見できる
ok 50 - 海外の既存ギフトカード割引記事を記事ハブと人向けサイトマップから発見できる
  ---
  duration_ms: 0.690876
  type: 'test'
  ...
# Subtest: アプリモジュール変更がService Worker用の指紋を必ず変える
ok 51 - アプリモジュール変更がService Worker用の指紋を必ず変える
  ---
  duration_ms: 1.776601
  type: 'test'
  ...
# Subtest: 記事一覧は4つの検索意図カテゴリだけを使う
ok 52 - 記事一覧は4つの検索意図カテゴリだけを使う
  ---
  duration_ms: 2.240631
  type: 'test'
  ...
# Subtest: 反映トラブルの重複記事は新しい包括記事へ恒久統合する
ok 53 - 反映トラブルの重複記事は新しい包括記事へ恒久統合する
  ---
  duration_ms: 1.892874
  type: 'test'
  ...
# Subtest: 主要検索記事は即答と判明・不明の境界を静的HTMLで示す
ok 54 - 主要検索記事は即答と判明・不明の境界を静的HTMLで示す
  ---
  duration_ms: 1.982136
  type: 'test'
  ...
# Subtest: 既存CTAの有無にかかわらず記事冒頭近くへ計算導線を置く
ok 55 - 既存CTAの有無にかかわらず記事冒頭近くへ計算導線を置く
  ---
  duration_ms: 0.382198
  type: 'test'
  ...
# Subtest: 引用用比較表は恒久URL・固定アンカー・一次情報を持つ
ok 56 - 引用用比較表は恒久URL・固定アンカー・一次情報を持つ
  ---
  duration_ms: 2.312047
  type: 'test'
  ...
# Subtest: 公開記事はトップから3クリック以内で到達できる
ok 57 - 公開記事はトップから3クリック以内で到達できる
  ---
  duration_ms: 66.708722
  type: 'test'
  ...
# Subtest: 深いURLでも同意管理スクリプトをサイトルートから読み込む
ok 58 - 深いURLでも同意管理スクリプトをサイトルートから読み込む
  ---
  duration_ms: 0.223132
  type: 'test'
  ...
# Subtest: デプロイは公開物だけを厳密にミラーし、除外物も本番から削除する
ok 59 - デプロイは公開物だけを厳密にミラーし、除外物も本番から削除する
  ---
  duration_ms: 1.058764
  type: 'test'
  ...
# Subtest: 移設済み・非公開・統合済みの旧パスをXserver上の実体で検査する
ok 60 - 移設済み・非公開・統合済みの旧パスをXserver上の実体で検査する
  ---
  duration_ms: 0.213638
  type: 'test'
  ...
# Subtest: 旧calculatorファイルを持たず301転送だけを維持する
ok 61 - 旧calculatorファイルを持たず301転送だけを維持する
  ---
  duration_ms: 0.245685
  type: 'test'
  ...
# Subtest: 全階層のindex.htmlを階層を保った正規URLへ301転送する
ok 62 - 全階層のindex.htmlを階層を保った正規URLへ301転送する
  ---
  duration_ms: 0.139217
  type: 'test'
  ...
# Subtest: デプロイスクリプトのBash構文が有効である
ok 63 - デプロイスクリプトのBash構文が有効である
  ---
  duration_ms: 4.863199
  type: 'test'
  ...
# /home/runner/work/PlayPoint/PlayPoint/tests/growth-flow-foundation.test.cjs:42
#   assert.match(config, /export { ANALYTICS } from './analytics.js'/);
#                        ^
# SyntaxError: Invalid regular expression flags
#     at wrapSafe (node:internal/modules/cjs/loader:1713:18)
#     at Module._compile (node:internal/modules/cjs/loader:1755:20)
#     at Object..js (node:internal/modules/cjs/loader:1913:10)
#     at Module.load (node:internal/modules/cjs/loader:1505:32)
#     at Function._load (node:internal/modules/cjs/loader:1309:12)
#     at wrapModuleLoad (node:internal/modules/cjs/loader:254:19)
#     at Function.executeUserEntryPoint [as runMain] (node:internal/modules/run_main:171:5)
#     at node:internal/main/run_main_module:36:49
# Node.js v22.23.1
# Subtest: tests/growth-flow-foundation.test.cjs
not ok 12 - tests/growth-flow-foundation.test.cjs
  ---
  duration_ms: 52.799671
  type: 'test'
  location: '/home/runner/work/PlayPoint/PlayPoint/tests/growth-flow-foundation.test.cjs:1:1'
  failureType: 'testCodeFailure'
  exitCode: 1
  signal: ~
  error: 'test failed'
  code: 'ERR_TEST_FAILURE'
  ...
# Subtest: PlayPointと無関係なツールはKatakataLabへ移設し旧URLを恒久転送する
ok 65 - PlayPointと無関係なツールはKatakataLabへ移設し旧URLを恒久転送する
  ---
  duration_ms: 1.40662
  type: 'test'
  ...
# Subtest: 公開HTMLと生成元にサイト内遷移用UTMを残さない
ok 66 - 公開HTMLと生成元にサイト内遷移用UTMを残さない
  ---
  duration_ms: 41.448658
  type: 'test'
  ...
# Subtest: プライバシー文書はWeb版と認定CMPの運用に一致する
ok 67 - プライバシー文書はWeb版と認定CMPの運用に一致する
  ---
  duration_ms: 0.774421
  type: 'test'
  ...
# Subtest: 再訪と配布の主要イベントだけを許可する
not ok 68 - 再訪と配布の主要イベントだけを許可する
  ---
  duration_ms: 1.35277
  type: 'test'
  location: '/home/runner/work/PlayPoint/PlayPoint/tests/growth-migration.test.cjs:69:1'
  failureType: 'testCodeFailure'
  error: 'calendar_reminder_added が許可イベントにありません'
  code: 'ERR_ASSERTION'
  name: 'AssertionError'
  expected: true
  actual: false
  operator: '=='
  stack: |-
    TestContext.<anonymous> (/home/runner/work/PlayPoint/PlayPoint/tests/growth-migration.test.cjs:81:12)
    Test.runInAsyncScope (node:async_hooks:214:14)
    Test.run (node:internal/test_runner/test:1047:25)
    Test.processPendingSubtests (node:internal/test_runner/test:744:18)
    Test.postRun (node:internal/test_runner/test:1173:19)
    Test.run (node:internal/test_runner/test:1101:12)
    async Test.processPendingSubtests (node:internal/test_runner/test:744:7)
  ...
# Subtest: ウィジェット作成ページは狭い画面でグリッド内容をはみ出させない
ok 69 - ウィジェット作成ページは狭い画面でグリッド内容をはみ出させない
  ---
  duration_ms: 0.529076
  type: 'test'
  ...
# not ok - 実ユーザー速度は同意後に匿名区分だけを計測する
# /home/runner/work/PlayPoint/PlayPoint/tests/growth-priority.test.cjs:16
#     throw error;
#     ^
# AssertionError [ERR_ASSERTION]: The input did not match the regular expression /web_vital:\\s*\\['metric_name', 'metric_rating', 'metric_value_bucket', 'page_group', 'release_version'\\]/. Input:
# "'use strict';\\n" +
#   '\\n' +
#   "export { ANALYTICS } from './analytics.js';\\n" +
#   '\\n' +
#   'export const CONSTANTS = {\\n' +
#   "    MODE_MAIN: 'main',\\n" +
#   "    MODE_REVERSE: 'reverse',\\n" +
#   "    MODE_DIARY: 'diary',\\n" +
#   "    CLASS_VISIBLE: 'visible',\\n" +
#   "    CLASS_HAS_RESULT: 'has-result',\\n" +
#   "    CLASS_ACTIVE: 'active',\\n" +
#   "    CLASS_HIDDEN: 'hidden',\\n" +
#   "    SELECTOR_INFO_BTN: '.info-btn',\\n" +
#   "    SELECTOR_TOOLTIP_BOX: '.tooltip-box',\\n" +
#   "    DIARY_DATA_KEY: 'hokuhokuDiaryData',\\n" +
#   '    SAVE_CONFIRMATION_DURATION: 1500,\\n' +
#   "    STORAGE_REGION_KEY: 'playpointPreferredRegion'\\n" +
#   '};\\n' +
#   '\\n' +
#   'function formatCalendarTimestamp(date) {\\n' +
#   '    const year = date.getUTCFullYear();\\n' +
#   "    const month = String(date.getUTCMonth() + 1).padStart(2, '0');\\n" +
#   "    const day = String(date.getUTCDate()).padStart(2, '0');\\n" +
#   "    const hour = String(date.getUTCHours()).padStart(2, '0');\\n" +
#   '    return `${year}${month}${day}T${hour}0000Z`;\\n' +
#   '}\\n' +
#   '\\n' +
#   'export function getNextFridayCalendarWindow(isGlobalTime, baseDate = new Date()) {\\n' +
#   '    const startHourUtc = isGlobalTime ? 14 : 1;\\n' +
#   '    const daysUntilFriday = (5 - baseDate.getUTCDay() + 7) % 7;\\n' +
#   '    const nextStart = new Date(Date.UTC(\\n' +
#   '        baseDate.getUTCFullYear(),\\n' +
#   '        baseDate.getUTCMonth(),\\n' +
#   '        baseDate.getUTCDate() + daysUntilFriday,\\n' +
#   '        startHourUtc\\n' +
#   '    ));\\n' +
#   '\\n' +
#   '    // 金曜の開始時刻を過ぎている場合は、同日ではなく翌週を登録する。\\n' +
#   '    if (nextStart.getTime() <= baseDate.getTime()) {\\n' +
#   '        nextStart.setUTCDate(nextStart.getUTCDate() + 7);\\n' +
#   '    }\\n' +
#   '\\n' +
#   '    const nextEnd = new Date(nextStart.getTime() + 60 * 60 * 1000);\\n' +
#   '    return {\\n' +
#   '        start: formatCalendarTimestamp(nextStart),\\n' +
#   '        end: formatCalendarTimestamp(nextEnd)\\n' +
#   '    };\\n' +
#   '}\\n' +
#   '\\n' +
#   'export const CONFIGS = {\\n' +
#   "    'JP': {\\n" +
#   '        lang: "ja",\\n' +
#   '        statuses: { "ブロンズ": 1.0, "シルバー": 1.25, "ゴールド": 1.5, "プラチナ": 1.75, "ダイヤモンド": 2.0 },\\n' +
#   '        statusRates: { 1.0: 1.0, 1.25: 1.25, 1.5: 1.5, 1.75: 1.75, 2.0: 2.0 },\\n' +
#   '        thresholds: { "シルバー": 250, "ゴールド": 1000, "プラチナ": 4000, "ダイヤモンド": 15000 },\\n' +
#   '        statusPointsMapping: { 1.0: ["シルバー", "ゴールド", "プラチナ", "ダイヤモンド"], 1.25: ["ゴールド", "プラチナ", "ダイヤモンド"], 1.5: ["プラチナ", "ダイヤモンド"], 1.75: ["ダイヤモンド"], 2.0: [] },\\n' +
#   '        currencySymbol: "円",\\n' +
#   '        rateUnit: "100円",\\n' +
#   '        spendUnit: 100,\\n' +
#   '        tooltips: {\\n' +
#   "            'tooltip-current-status': `<strong>【現在のステータスの確認方法】</strong><ol><li>Google Play ストアを開きます。</li><li>右上のプロフィールアイコンをタップします。</li><li>「Play ポイント」を選択します。</li></ol><hr><p>※ステータスに応じて、基本還元率は自動で入力されます。</p>`,\\n" +
#   "            'tooltip-target-status': `<strong>【各ステータスの達成条件】</strong><ul><li><strong>シルバー:</strong> 250 pt 以上</li><li><strong>ゴールド:</strong> 1,000 pt 以上</li><li><strong>プラチナ:</strong> 4,000 pt 以上</li><li><strong>ダイヤモンド:</strong> 15,000 pt 以上</li></ul><hr><p>※ポイントは毎年1月1日〜12月31日の1年間で累積され、目標ポイントに達した時点で即座にランクアップします（有効期限は翌年末まで）。</p>`,\\n" +
#   "            'tooltip-needed-points': `<strong>【必要ポイントの確認方法】</strong><ol><li>Google Play ストアの「Play Points」を開きます。</li><li>「次のステータスまで」に表示される不足ポイントを入力します。</li></ol><hr><p>月・週・日の金額は、今年12月31日までに同じペースで進める場合の目安です。到達したステータスは翌年末まで維持され、毎年初めに前年の獲得ポイントで再判定されます。</p>`,\\n" +
#   "            'tooltip-base-rate': `<strong>【獲得率を直接入力】</strong><p>最初は現在のステータスの基本獲得率が入ります。公式のオファー画面に「3ポイント/100円」のような獲得率が表示されている場合だけ、その数値へ置き換えてください。</p><hr><p>倍率で表示されるオファーは、隣の「キャンペーン倍率」を使います。計算機は対象可否や上限を確認できないため、購入前に公式画面をご確認ください。</p>`,\\n" +
#   "            'tooltip-multiplier': `<strong>【倍率で入力】</strong><p>公式のオファー画面に「3倍」のような倍率が表示されている場合に入力します。</p><p>例：ゴールド（1.5pt/100円）× <strong>3倍</strong> = 4.5pt/100円</p><hr><p>獲得率の直接入力とは別の入力方法です。両方が入力された場合は高い方を試算へ使いますが、実際の併用可否を意味しません。</p>`,\\n" +
#   "            'tooltip-amount-yen': `<strong>【獲得ポイントを計算】</strong><p>入力した金額で、どれくらいのポイントが獲得できるかをシミュレーションします。</p>`,\\n" +
#   "            'tooltip-reverse-status': `<strong>【ステータスごとの基本還元率】</strong><ul><li><strong>ブロンズ:</strong> 1.0 pt / 100円</li><li><strong>シルバー:</strong> 1.25 pt / 100円</li><li><strong>ゴールド:</strong> 1.5 pt / 100円</li><li><strong>プラチナ:</strong> 1.75 pt / 100円</li><li><strong>ダイヤモンド:</strong> 2.0 pt / 100円</li></ul>`\\n" +
#   '        },\\n' +
#   '        uiText: {\\n' +
#   '            title: "Google Play Points 計算機｜あといくらでランクアップ？必要課金額を逆算", mainTitle: "Google Play Points 計算機",\\n' +
#   '            closeAria: "閉じる", showHelpAria: "説明を表示", shareResultAria: "計算結果の共有", prevYearAria: "前の年へ", nextYearAria: "次の年へ",\\n' +
#   '            siteAlias: "通称: Playポイント計算機 / 非公式ツール",\\n' +
#   '            siteDescription: "Google Play ポイントのランクアップまでに、あといくら必要かを目安計算できます。<br>現在ステータス・目標ステータス・必要ポイントを入力すると、<br>必要な課金額やキャンペーン倍率込みの目安を確認できます。",\\n' +
#   '            tabMain: "通常計算", tabReverse: "逆算モード", tabDiary: "ほくほくリワード日記",\\n' +
#   '            firstStepTitle: "まずは3つだけ入力", firstStepCurrent: "現在のステータス", firstStepTarget: "目標ステータス", firstStepNeeded: "目標までの必要ポイント",\\n' +
#   '            sectionTitleStatus: "ステータス入力", labelCurrentStatus: "現在のステータス",\\n' +
#   '            labelTargetStatus: "目標ステータス", labelNeededPoints: "目標までの必要ポイント",\\n' +
#   '            neededPointsPlaceholder: "例：1728", sectionTitleRate: "還元設定",\\n' +
#   '            labelBaseRate: "100円あたりの獲得率（直接入力）", labelMultiplier: "キャンペーン倍率（もう一つの入力方法）", labelMultiplierReverse: "キャンペーン倍率（もう一つの入力方法）",\\n' +
#   '            warningRate: "「獲得率の直接入力」または「ステータス×倍率」の高い方を試算に使います。両方は別の入力方法です。実際の対象・上限・有効化はキャンペーン画面で確認してください。",\\n' +
#   '            calculateButton: "課金額を計算", copyButton: "コピーする", tweetButton: "結果をXでシェア",\\n' +
#   '            sectionTitleReverse: "逆算モード", labelAmountYen: "課金額（円）",\\n' +
#   '            amountYenPlaceholder: "例：5000", reverseCalculateButton: "ポイントを計算",\\n' +
#   '            nextTargetNone: "次の目標はありません", statusKeep: "維持", statusUp: "昇格", packAmountLabel: "1回あたりの平均課金パック額 (オプション)", packAmountPlaceholder: "例：9800", packUnit: "パック", resultLabelRequiredPacks: "必要購入パック数", resultLabelFreeClear: "課金不要", errorInput: "有効な数値を入力し、目標ステータスを選択してください",\\n' +
#   '            errorNeededPoints: "目標までの必要ポイントに有効な数値を入力してください",\\n' +
#   '            errorTargetStatus: "目標ステータスを選択してください",\\n' +
#   '            errorRate: "計算に使用する還元率が0以下です", errorMonth: "年内の残り期間の計算に失敗しました（現在12月、またはシステム時刻をご確認ください）",\\n' +
#   '            errorInputReverse: "有効な数値を入力してください", errorRateReverse: "計算に使用する還元率が0以下です",\\n' +
#   '            errorTargetConsistency: "入力した必要ポイントが、選択した目標ステータスに対して不正です。値を確認してください。",\\n' +
#   '            errorZeroPointPurchase: "入力した1回あたりの課金額では、1回の獲得ポイントが四捨五入後に0ポイントになります。課金額を大きくして再計算してください。",\\n' +
#   '            resultLabelNeededPoints: "目標までの必要ポイント", resultLabelTotalYen: "合計の必要課金額目安",\\n' +
#   '            resultLabelMonthlyYen: "月平均目安", resultLabelWeeklyYen: "週平均目安", resultLabelDailyYen: "1日あたり目安", resultLabelRemainingDays: "年末までの残り日数", resultLabelPaceSummary: "達成ペース目安", resultRelatedTitle: "関連記事", resultLabelMonths: "ヶ月",\\n' +
#   '            resultComparisonTitle: "通常時との比較", resultComparisonBase: "通常還元の場合", resultComparisonSelected: "現在の還元条件", resultComparisonSaved: "少なくなる目安", resultComparisonSamePack: "この購入単位では必要パック数が同じため、差額はありません。",\\n' +
#   '            resultLabelRate: "適用獲得率",\\n' +
#   '            roundingNoteWithoutPack: "購入金額の内訳が不明なため、購入ごとのポイント四捨五入を含めない概算です。1回あたりの平均課金額を入力すると、より実際に近い試算になります。",\\n' +
#   '            roundingNoteWithPack: "入力した1回あたりの課金額ごとにポイントを四捨五入し、必要な購入回数を計算しています。",\\n' +
#   '            roundingNoteReverse: "入力した金額を1回の購入として四捨五入しています。複数回の購入合計を入力した場合、実際のポイントと異なることがあります。",\\n' +
#   '            resultLabelEarnedPoints: "獲得ポイント予測", resultRateSourceDirect: "直接入力の獲得率を使用", resultRateSourceMultiplier: "ステータス×倍率を使用", resultRateSourceSame: "どちらも同じ獲得率",\\n' +
#   '            perMonth: "/月", perWeek: "/週", perDay: "/日", daysUnit: "日",\\n' +
#   '            approxLabel: "約",\\n' +
#   '            descriptionSectionTitle: "Play Points 計算機でできること",\\n' +
#   '            articleDrawerTitle: "よくある悩みから記事を探す",\\n' +
#   '            articleDrawerSubtitle: "悩み別の記事を開く",\\n' +
#   '            articleCount: "{count}記事",\\n' +
#   '            faqSectionTitle: "❓ よくある質問 (FAQ)",\\n' +
#   '            tweetHashtags: "\#Playポイント計算してみた\\\\n\#GooglePlayポイント",\\n' +
#   '            calculationNote: "※今年12月31日までの残り <b>{months}ヶ月</b> で均等に進める場合の目安です。実際の獲得率・対象購入・反映時期はGoogle Playの公式画面をご確認ください。",\\n' +
#   '            yearSuffix: "年", monthNames: ["１月", "２月", "３月", "４月", "５月", "６月", "７月", "８月", "９月", "１０月", "１１月", "１２月"],\\n' +
#   '            weekLabel: "第", weekSuffix: "週", pointsPlaceholder: "ポイント", prizeLabel: "受け取った景品", saveButton: "保存",\\n' +
#   '            monthlySummaryTitle: "月間集計", yearlySummaryTitle: "年間集計",\\n' +
#   '            yearlyChartTitle: "年間の記録グラフ", yearlyChartDescription: "月ごとの記録ポイントを、この端末内だけで比較します。",\\n' +
#   '            totalLabel: "合計:", averageLabel: "平均:", pointsUnit: "pt", perWeekUnit: "pt/週",\\n' +
#   '            guestNotice: "【！】日記はこのブラウザのローカルストレージにだけ保存されます。サイトデータの削除、プライベートブラウズ、別の端末・ブラウザへの移動では引き継がれません。必要に応じて書き出しデータを保管してください。",\\n' +
#   '            prizeOptions: ["（景品なし）", "マウス", "イヤホン", "その他"],\\n' +
#   '            noWeeksMessage: "この月には対象となる週がありません。",\\n' +
#   '            backupTitle: "データのバックアップ・復元",\\n' +
#   '            exportBtn: "データを書き出す (コピー)",\\n' +
#   '            importBtn: "データを読み込む (復元)",\\n' +
#   '            confirmImportBtn: "復元を実行",\\n' +
#   '            backupPlaceholder: "ここに書き出したデータを貼り付けてください",\\n' +
#   '            exportSuccess: "日記データをクリップボードにコピーしました！安全な場所に保存してください。",\\n' +
#   '            importSuccess: "日記データを復元しました！",\\n' +
#   '            importError: "データのインポートに失敗しました。正しいデータ形式か確認してください。",\\n' +
#   '            reminderTitle: "金曜リワード通知（カレンダー登録）",\\n' +
#   '            reminderDesc: "通常のウィークリーリワードが表示される対象アカウント向けに、毎週金曜日の確認リマインダーを登録できます。",\\n' +
#   '            btnGoogleCal: "Google カレンダーに登録",\\n' +
#   '            btnICal: "カレンダーアプリ（iCal）登録",\\n' +
#   '            linkLatest: { text: "🆕 最新情報", href: "latest/" },\\n' +
#   '            linkArticles: { text: "📝 記事一覧", href: "blog/" },\\n' +
#   '            linkKatakata: { text: "🧪 KatakataLab", href: "https://katakatalab.com/" },\\n' +
#   '            linkPrivacy: { text: "プライバシーポリシー", href: "privacy.html" },\\n' +
#   '            linkTerms: { text: "利用規約", href: "terms.html" },\\n' +
#   '            linkQA: { text: "Q&A・あとがき", href: "info.html" },\\n' +
#   '            linkFeedback: { text: "ご意見・ご感想", href: "https://docs.google.com/forms/d/e/1FAIpQLSe0HDPLt-jfNXuiGmJ3gxlxUtgeGJ5-AM16Bz2yNw5bk3irNw/viewform?usp=dialog" },\\n' +
#   '            linkAbout: { text: "Playポイントとは？", href: "about-playpoints.html" },\\n' +
#   '            linkWidget: { text: "無料ウィジェット", href: "embed.html" },\\n' +
#   '            linkDiscount: { text: "💡 お得に課金する", href: "articles/2026-06-20-discount-gift-cards.html" },\\n' +
#   '            linkAuthor: { text: "運営者・検証方針", href: "author/katakata.html" },\\n' +
#   '            linkAttention: { text: "⚠️ For users outside Japan", href: "attention.html" },\\n' +
#   '            toastCopySuccess: "クリップボードにコピーしました！",\\n' +
#   '            toastCopyError: "コピーに失敗しました。",\\n' +
#   '            copyResultTemplate: "▼Playポイント計算結果▼\\\\n目標ステータス： {status}\\\\n必要な課金額の目安： 約{yen}{symbol}\\\\n\\\\n計算元：Playポイント計'... 31435 more characters
#     at /home/runner/work/PlayPoint/PlayPoint/tests/growth-priority.test.cjs:26:10
#     at test (/home/runner/work/PlayPoint/PlayPoint/tests/growth-priority.test.cjs:12:5)
#     at Object.<anonymous> (/home/runner/work/PlayPoint/PlayPoint/tests/growth-priority.test.cjs:20:1)
#     at Module._compile (node:internal/modules/cjs/loader:1781:14)
#     at Object..js (node:internal/modules/cjs/loader:1913:10)
#     at Module.load (node:internal/modules/cjs/loader:1505:32)
#     at Function._load (node:internal/modules/cjs/loader:1309:12)
#     at wrapModuleLoad (node:internal/modules/cjs/loader:254:19)
#     at Function.executeUserEntryPoint [as runMain] (node:internal/modules/run_main:171:5)
#     at node:internal/main/run_main_module:36:49 {
#   generatedMessage: true,
#   code: 'ERR_ASSERTION',
#   actual: "'use strict';\\n" +
#     '\\n' +
#     "export { ANALYTICS } from './analytics.js';\\n" +
#     '\\n' +
#     'export const CONSTANTS = {\\n' +
#     "    MODE_MAIN: 'main',\\n" +
#     "    MODE_REVERSE: 'reverse',\\n" +
#     "    MODE_DIARY: 'diary',\\n" +
#     "    CLASS_VISIBLE: 'visible',\\n" +
#     "    CLASS_HAS_RESULT: 'has-result',\\n" +
#     "    CLASS_ACTIVE: 'active',\\n" +
#     "    CLASS_HIDDEN: 'hidden',\\n" +
#     "    SELECTOR_INFO_BTN: '.info-btn',\\n" +
#     "    SELECTOR_TOOLTIP_BOX: '.tooltip-box',\\n" +
#     "    DIARY_DATA_KEY: 'hokuhokuDiaryData',\\n" +
#     '    SAVE_CONFIRMATION_DURATION: 1500,\\n' +
#     "    STORAGE_REGION_KEY: 'playpointPreferredRegion'\\n" +
#     '};\\n' +
#     '\\n' +
#     'function formatCalendarTimestamp(date) {\\n' +
#     '    const year = date.getUTCFullYear();\\n' +
#     "    const month = String(date.getUTCMonth() + 1).padStart(2, '0');\\n" +
#     "    const day = String(date.getUTCDate()).padStart(2, '0');\\n" +
#     "    const hour = String(date.getUTCHours()).padStart(2, '0');\\n" +
#     '    return `${year}${month}${day}T${hour}0000Z`;\\n' +
#     '}\\n' +
#     '\\n' +
#     'export function getNextFridayCalendarWindow(isGlobalTime, baseDate = new Date()) {\\n' +
#     '    const startHourUtc = isGlobalTime ? 14 : 1;\\n' +
#     '    const daysUntilFriday = (5 - baseDate.getUTCDay() + 7) % 7;\\n' +
#     '    const nextStart = new Date(Date.UTC(\\n' +
#     '        baseDate.getUTCFullYear(),\\n' +
#     '        baseDate.getUTCMonth(),\\n' +
#     '        baseDate.getUTCDate() + daysUntilFriday,\\n' +
#     '        startHourUtc\\n' +
#     '    ));\\n' +
#     '\\n' +
#     '    // 金曜の開始時刻を過ぎている場合は、同日ではなく翌週を登録する。\\n' +
#     '    if (nextStart.getTime() <= baseDate.getTime()) {\\n' +
#     '        nextStart.setUTCDate(nextStart.getUTCDate() + 7);\\n' +
#     '    }\\n' +
#     '\\n' +
#     '    const nextEnd = new Date(nextStart.getTime() + 60 * 60 * 1000);\\n' +
#     '    return {\\n' +
#     '        start: formatCalendarTimestamp(nextStart),\\n' +
#     '        end: formatCalendarTimestamp(nextEnd)\\n' +
#     '    };\\n' +
#     '}\\n' +
#     '\\n' +
#     'export const CONFIGS = {\\n' +
#     "    'JP': {\\n" +
#     '        lang: "ja",\\n' +
#     '        statuses: { "ブロンズ": 1.0, "シルバー": 1.25, "ゴールド": 1.5, "プラチナ": 1.75, "ダイヤモンド": 2.0 },\\n' +
#     '        statusRates: { 1.0: 1.0, 1.25: 1.25, 1.5: 1.5, 1.75: 1.75, 2.0: 2.0 },\\n' +
#     '        thresholds: { "シルバー": 250, "ゴールド": 1000, "プラチナ": 4000, "ダイヤモンド": 15000 },\\n' +
#     '        statusPointsMapping: { 1.0: ["シルバー", "ゴールド", "プラチナ", "ダイヤモンド"], 1.25: ["ゴールド", "プラチナ", "ダイヤモンド"], 1.5: ["プラチナ", "ダイヤモンド"], 1.75: ["ダイヤモンド"], 2.0: [] },\\n' +
#     '        currencySymbol: "円",\\n' +
#     '        rateUnit: "100円",\\n' +
#     '        spendUnit: 100,\\n' +
#     '        tooltips: {\\n' +
#     "            'tooltip-current-status': `<strong>【現在のステータスの確認方法】</strong><ol><li>Google Play ストアを開きます。</li><li>右上のプロフィールアイコンをタップします。</li><li>「Play ポイント」を選択します。</li></ol><hr><p>※ステータスに応じて、基本還元率は自動で入力されます。</p>`,\\n" +
#     "            'tooltip-target-status': `<strong>【各ステータスの達成条件】</strong><ul><li><strong>シルバー:</strong> 250 pt 以上</li><li><strong>ゴールド:</strong> 1,000 pt 以上</li><li><strong>プラチナ:</strong> 4,000 pt 以上</li><li><strong>ダイヤモンド:</strong> 15,000 pt 以上</li></ul><hr><p>※ポイントは毎年1月1日〜12月31日の1年間で累積され、目標ポイントに達した時点で即座にランクアップします（有効期限は翌年末まで）。</p>`,\\n" +
#     "            'tooltip-needed-points': `<strong>【必要ポイントの確認方法】</strong><ol><li>Google Play ストアの「Play Points」を開きます。</li><li>「次のステータスまで」に表示される不足ポイントを入力します。</li></ol><hr><p>月・週・日の金額は、今年12月31日までに同じペースで進める場合の目安です。到達したステータスは翌年末まで維持され、毎年初めに前年の獲得ポイントで再判定されます。</p>`,\\n" +
#     "            'tooltip-base-rate': `<strong>【獲得率を直接入力】</strong><p>最初は現在のステータスの基本獲得率が入ります。公式のオファー画面に「3ポイント/100円」のような獲得率が表示されている場合だけ、その数値へ置き換えてください。</p><hr><p>倍率で表示されるオファーは、隣の「キャンペーン倍率」を使います。計算機は対象可否や上限を確認できないため、購入前に公式画面をご確認ください。</p>`,\\n" +
#     "            'tooltip-multiplier': `<strong>【倍率で入力】</strong><p>公式のオファー画面に「3倍」のような倍率が表示されている場合に入力します。</p><p>例：ゴールド（1.5pt/100円）× <strong>3倍</strong> = 4.5pt/100円</p><hr><p>獲得率の直接入力とは別の入力方法です。両方が入力された場合は高い方を試算へ使いますが、実際の併用可否を意味しません。</p>`,\\n" +
#     "            'tooltip-amount-yen': `<strong>【獲得ポイントを計算】</strong><p>入力した金額で、どれくらいのポイントが獲得できるかをシミュレーションします。</p>`,\\n" +
#     "            'tooltip-reverse-status': `<strong>【ステータスごとの基本還元率】</strong><ul><li><strong>ブロンズ:</strong> 1.0 pt / 100円</li><li><strong>シルバー:</strong> 1.25 pt / 100円</li><li><strong>ゴールド:</strong> 1.5 pt / 100円</li><li><strong>プラチナ:</strong> 1.75 pt / 100円</li><li><strong>ダイヤモンド:</strong> 2.0 pt / 100円</li></ul>`\\n" +
#     '        },\\n' +
#     '        uiText: {\\n' +
#     '            title: "Google Play Points 計算機｜あといくらでランクアップ？必要課金額を逆算", mainTitle: "Google Play Points 計算機",\\n' +
#     '            closeAria: "閉じる", showHelpAria: "説明を表示", shareResultAria: "計算結果の共有", prevYearAria: "前の年へ", nextYearAria: "次の年へ",\\n' +
#     '            siteAlias: "通称: Playポイント計算機 / 非公式ツール",\\n' +
#     '            siteDescription: "Google Play ポイントのランクアップまでに、あといくら必要かを目安計算できます。<br>現在ステータス・目標ステータス・必要ポイントを入力すると、<br>必要な課金額やキャンペーン倍率込みの目安を確認できます。",\\n' +
#     '            tabMain: "通常計算", tabReverse: "逆算モード", tabDiary: "ほくほくリワード日記",\\n' +
#     '            firstStepTitle: "まずは3つだけ入力", firstStepCurrent: "現在のステータス", firstStepTarget: "目標ステータス", firstStepNeeded: "目標までの必要ポイント",\\n' +
#     '            sectionTitleStatus: "ステータス入力", labelCurrentStatus: "現在のステータス",\\n' +
#     '            labelTargetStatus: "目標ステータス", labelNeededPoints: "目標までの必要ポイント",\\n' +
#     '            neededPointsPlaceholder: "例：1728", sectionTitleRate: "還元設定",\\n' +
#     '            labelBaseRate: "100円あたりの獲得率（直接入力）", labelMultiplier: "キャンペーン倍率（もう一つの入力方法）", labelMultiplierReverse: "キャンペーン倍率（もう一つの入力方法）",\\n' +
#     '            warningRate: "「獲得率の直接入力」または「ステータス×倍率」の高い方を試算に使います。両方は別の入力方法です。実際の対象・上限・有効化はキャンペーン画面で確認してください。",\\n' +
#     '            calculateButton: "課金額を計算", copyButton: "コピーする", tweetButton: "結果をXでシェア",\\n' +
#     '            sectionTitleReverse: "逆算モード", labelAmountYen: "課金額（円）",\\n' +
#     '            amountYenPlaceholder: "例：5000", reverseCalculateButton: "ポイントを計算",\\n' +
#     '            nextTargetNone: "次の目標はありません", statusKeep: "維持", statusUp: "昇格", packAmountLabel: "1回あたりの平均課金パック額 (オプション)", packAmountPlaceholder: "例：9800", packUnit: "パック", resultLabelRequiredPacks: "必要購入パック数", resultLabelFreeClear: "課金不要", errorInput: "有効な数値を入力し、目標ステータスを選択してください",\\n' +
#     '            errorNeededPoints: "目標までの必要ポイントに有効な数値を入力してください",\\n' +
#     '            errorTargetStatus: "目標ステータスを選択してください",\\n' +
#     '            errorRate: "計算に使用する還元率が0以下です", errorMonth: "年内の残り期間の計算に失敗しました（現在12月、またはシステム時刻をご確認ください）",\\n' +
#     '            errorInputReverse: "有効な数値を入力してください", errorRateReverse: "計算に使用する還元率が0以下です",\\n' +
#     '            errorTargetConsistency: "入力した必要ポイントが、選択した目標ステータスに対して不正です。値を確認してください。",\\n' +
#     '            errorZeroPointPurchase: "入力した1回あたりの課金額では、1回の獲得ポイントが四捨五入後に0ポイントになります。課金額を大きくして再計算してください。",\\n' +
#     '            resultLabelNeededPoints: "目標までの必要ポイント", resultLabelTotalYen: "合計の必要課金額目安",\\n' +
#     '            resultLabelMonthlyYen: "月平均目安", resultLabelWeeklyYen: "週平均目安", resultLabelDailyYen: "1日あたり目安", resultLabelRemainingDays: "年末までの残り日数", resultLabelPaceSummary: "達成ペース目安", resultRelatedTitle: "関連記事", resultLabelMonths: "ヶ月",\\n' +
#     '            resultComparisonTitle: "通常時との比較", resultComparisonBase: "通常還元の場合", resultComparisonSelected: "現在の還元条件", resultComparisonSaved: "少なくなる目安", resultComparisonSamePack: "この購入単位では必要パック数が同じため、差額はありません。",\\n' +
#     '            resultLabelRate: "適用獲得率",\\n' +
#     '            roundingNoteWithoutPack: "購入金額の内訳が不明なため、購入ごとのポイント四捨五入を含めない概算です。1回あたりの平均課金額を入力すると、より実際に近い試算になります。",\\n' +
#     '            roundingNoteWithPack: "入力した1回あたりの課金額ごとにポイントを四捨五入し、必要な購入回数を計算しています。",\\n' +
#     '            roundingNoteReverse: "入力した金額を1回の購入として四捨五入しています。複数回の購入合計を入力した場合、実際のポイントと異なることがあります。",\\n' +
#     '            resultLabelEarnedPoints: "獲得ポイント予測", resultRateSourceDirect: "直接入力の獲得率を使用", resultRateSourceMultiplier: "ステータス×倍率を使用", resultRateSourceSame: "どちらも同じ獲得率",\\n' +
#     '            perMonth: "/月", perWeek: "/週", perDay: "/日", daysUnit: "日",\\n' +
#     '            approxLabel: "約",\\n' +
#     '            descriptionSectionTitle: "Play Points 計算機でできること",\\n' +
#     '            articleDrawerTitle: "よくある悩みから記事を探す",\\n' +
#     '            articleDrawerSubtitle: "悩み別の記事を開く",\\n' +
#     '            articleCount: "{count}記事",\\n' +
#     '            faqSectionTitle: "❓ よくある質問 (FAQ)",\\n' +
#     '            tweetHashtags: "\#Playポイント計算してみた\\\\n\#GooglePlayポイント",\\n' +
#     '            calculationNote: "※今年12月31日までの残り <b>{months}ヶ月</b> で均等に進める場合の目安です。実際の獲得率・対象購入・反映時期はGoogle Playの公式画面をご確認ください。",\\n' +
#     '            yearSuffix: "年", monthNames: ["１月", "２月", "３月", "４月", "５月", "６月", "７月", "８月", "９月", "１０月", "１１月", "１２月"],\\n' +
#     '            weekLabel: "第", weekSuffix: "週", pointsPlaceholder: "ポイント", prizeLabel: "受け取った景品", saveButton: "保存",\\n' +
#     '            monthlySummaryTitle: "月間集計", yearlySummaryTitle: "年間集計",\\n' +
#     '            yearlyChartTitle: "年間の記録グラフ", yearlyChartDescription: "月ごとの記録ポイントを、この端末内だけで比較します。",\\n' +
#     '            totalLabel: "合計:", averageLabel: "平均:", pointsUnit: "pt", perWeekUnit: "pt/週",\\n' +
#     '            guestNotice: "【！】日記はこのブラウザのローカルストレージにだけ保存されます。サイトデータの削除、プライベートブラウズ、別の端末・ブラウザへの移動では引き継がれません。必要に応じて書き出しデータを保管してください。",\\n' +
#     '            prizeOptions: ["（景品なし）", "マウス", "イヤホン", "その他"],\\n' +
#     '            noWeeksMessage: "この月には対象となる週がありません。",\\n' +
#     '            backupTitle: "データのバックアップ・復元",\\n' +
#     '            exportBtn: "データを書き出す (コピー)",\\n' +
#     '            importBtn: "データを読み込む (復元)",\\n' +
#     '            confirmImportBtn: "復元を実行",\\n' +
#     '            backupPlaceholder: "ここに書き出したデータを貼り付けてください",\\n' +
#     '            exportSuccess: "日記データをクリップボードにコピーしました！安全な場所に保存してください。",\\n' +
#     '            importSuccess: "日記データを復元しました！",\\n' +
#     '            importError: "データのインポートに失敗しました。正しいデータ形式か確認してください。",\\n' +
#     '            reminderTitle: "金曜リワード通知（カレンダー登録）",\\n' +
#     '            reminderDesc: "通常のウィークリーリワードが表示される対象アカウント向けに、毎週金曜日の確認リマインダーを登録できます。",\\n' +
#     '            btnGoogleCal: "Google カレンダーに登録",\\n' +
#     '            btnICal: "カレンダーアプリ（iCal）登録",\\n' +
#     '            linkLatest: { text: "🆕 最新情報", href: "latest/" },\\n' +
#     '            linkArticles: { text: "📝 記事一覧", href: "blog/" },\\n' +
#     '            linkKatakata: { text: "🧪 KatakataLab", href: "https://katakatalab.com/" },\\n' +
#     '            linkPrivacy: { text: "プライバシーポリシー", href: "privacy.html" },\\n' +
#     '            linkTerms: { text: "利用規約", href: "terms.html" },\\n' +
#     '            linkQA: { text: "Q&A・あとがき", href: "info.html" },\\n' +
#     '            linkFeedback: { text: "ご意見・ご感想", href: "https://docs.google.com/forms/d/e/1FAIpQLSe0HDPLt-jfNXuiGmJ3gxlxUtgeGJ5-AM16Bz2yNw5bk3irNw/viewform?usp=dialog" },\\n' +
#     '            linkAbout: { text: "Playポイントとは？", href: "about-playpoints.html" },\\n' +
#     '            linkWidget: { text: "無料ウィジェット", href: "embed.html" },\\n' +
#     '            linkDiscount: { text: "💡 お得に課金する", href: "articles/2026-06-20-discount-gift-cards.html" },\\n' +
#     '            linkAuthor: { text: "運営者・検証方針", href: "author/katakata.html" },\\n' +
#     '            linkAttention: { text: "⚠️ For users outside Japan", href: "attention.html" },\\n' +
#     '            toastCopySuccess: "クリップボードにコピーしました！",\\n' +
#     '            toastCopyError: "コピーに失敗しました。",\\n' +
#     '            copyResultTemplate: "▼Playポイント計算結果▼\\\\n目標ステータス： {status}\\\\n必要な課金額の目安： 約{yen}{symbol}\\\\n\\\\n計算元：Playポイント計'... 31435 more characters,
#   expected: /web_vital:\\s*\\['metric_name', 'metric_rating', 'metric_value_bucket', 'page_group', 'release_version'\\]/,
#   operator: 'match',
#   diff: 'simple'
# }
# Node.js v22.23.1
# Subtest: tests/growth-priority.test.cjs
not ok 14 - tests/growth-priority.test.cjs
  ---
  duration_ms: 47.761643
  type: 'test'
  location: '/home/runner/work/PlayPoint/PlayPoint/tests/growth-priority.test.cjs:1:1'
  failureType: 'testCodeFailure'
  exitCode: 1
  signal: ~
  error: 'test failed'
  code: 'ERR_TEST_FAILURE'
  ...
# Subtest: mapWithConcurrencyは指定した同時実行数を超えず入力順を保持する
ok 71 - mapWithConcurrencyは指定した同時実行数を超えず入力順を保持する
  ---
  duration_ms: 19.521423
  type: 'test'
  ...
# Subtest: mapWithConcurrencyは一件の失敗後も残りを検査する
ok 72 - mapWithConcurrencyは一件の失敗後も残りを検査する
  ---
  duration_ms: 6.639169
  type: 'test'
  ...
# Subtest: retryは失敗対象だけを指定回数まで再試行する
ok 73 - retryは失敗対象だけを指定回数まで再試行する
  ---
  duration_ms: 6.843239
  type: 'test'
  ...
# Subtest: 機種変更記事は独立した検索意図と症状別の確認導線を持つ
ok 74 - 機種変更記事は独立した検索意図と症状別の確認導線を持つ
  ---
  duration_ms: 2.597481
  type: 'test'
  ...
# Subtest: 既存記事が履歴・週次特典・交換先の主担当として必要情報を持つ
ok 75 - 既存記事が履歴・週次特典・交換先の主担当として必要情報を持つ
  ---
  duration_ms: 2.548317
  type: 'test'
  ...
# Subtest: 機種変更記事のFAQ本文とFAQPage構造化データは一致する
ok 76 - 機種変更記事のFAQ本文とFAQPage構造化データは一致する
  ---
  duration_ms: 2.599063
  type: 'test'
  ...
# Subtest: 記事台帳のid・file・titleは重複せず、登録先ファイルが存在する
ok 77 - 記事台帳のid・file・titleは重複せず、登録先ファイルが存在する
  ---
  duration_ms: 1.46615
  type: 'test'
  ...
# Subtest: 国・地域別の実用記事を3言語で十分な本文として公開する
ok 78 - 国・地域別の実用記事を3言語で十分な本文として公開する
  ---
  duration_ms: 8.684851
  type: 'test'
  ...
# Subtest: 言語別記事一覧と専用サイトマップから対象ページを発見できる
ok 79 - 言語別記事一覧と専用サイトマップから対象ページを発見できる
  ---
  duration_ms: 0.617863
  type: 'test'
  ...
# Subtest: 国際記事内のローカルリンク先が存在する
ok 80 - 国際記事内のローカルリンク先が存在する
  ---
  duration_ms: 2.864069
  type: 'test'
  ...
# Subtest: 日本語では重複する残高併用記事を追加しない
ok 81 - 日本語では重複する残高併用記事を追加しない
  ---
  duration_ms: 0.305416
  type: 'test'
  ...
# Subtest: クーポン・Playクレジット問題解決記事は4言語でSEO公開要件を満たす
ok 82 - クーポン・Playクレジット問題解決記事は4言語でSEO公開要件を満たす
  ---
  duration_ms: 5.136485
  type: 'test'
  ...
# Subtest: 専用サイトマップは8記事と完全なhreflangを持ちrobots.txtから発見できる
ok 83 - 専用サイトマップは8記事と完全なhreflangを持ちrobots.txtから発見できる
  ---
  duration_ms: 0.435901
  type: 'test'
  ...
# Subtest: 言語別一覧・人向けサイトマップ・日本語ブログから記事を発見できる
ok 84 - 言語別一覧・人向けサイトマップ・日本語ブログから記事を発見できる
  ---
  duration_ms: 0.912253
  type: 'test'
  ...
# Subtest: 新規記事のサイト内リンク先はすべて存在する
ok 85 - 新規記事のサイト内リンク先はすべて存在する
  ---
  duration_ms: 6.607643
  type: 'test'
  ...
# Subtest: 海外向け維持計算は地域別の公式門檻・積点率・通貨を分ける
ok 86 - 海外向け維持計算は地域別の公式門檻・積点率・通貨を分ける
  ---
  duration_ms: 8.641901
  type: 'test'
  ...
# Subtest: 地域外の維持門檻や通貨を流用していない
ok 87 - 地域外の維持門檻や通貨を流用していない
  ---
  duration_ms: 1.007305
  type: 'test'
  ...
# Subtest: 維持計算ロジックは不足点・通常時・倍率・年末ペースを計算する
ok 88 - 維持計算ロジックは不足点・通常時・倍率・年末ペースを計算する
  ---
  duration_ms: 0.379077
  type: 'test'
  ...
# Subtest: 日本語既存ページと海外6ページは完全なhreflangで相互接続する
ok 89 - 日本語既存ページと海外6ページは完全なhreflangで相互接続する
  ---
  duration_ms: 2.341158
  type: 'test'
  ...
# Subtest: 専用サイトマップ・robots・一覧から地域別維持計算を発見できる
ok 90 - 専用サイトマップ・robots・一覧から地域別維持計算を発見できる
  ---
  duration_ms: 0.883099
  type: 'test'
  ...
# Subtest: 生成設定は手書き維持計算を上書きせずサイトマップ対象に保つ
ok 91 - 生成設定は手書き維持計算を上書きせずサイトマップ対象に保つ
  ---
  duration_ms: 11.1171
  type: 'test'
  ...
# Subtest: 維持解説・比較記事から同一地域の計算ページへ進める
ok 92 - 維持解説・比較記事から同一地域の計算ページへ進める
  ---
  duration_ms: 1.259071
  type: 'test'
  ...
# Subtest: manual multilingual guide links survive regeneration exactly once
ok 93 - manual multilingual guide links survive regeneration exactly once
  ---
  duration_ms: 8.123567
  type: 'test'
  ...
# Subtest: プラチナ・ダイヤモンド比較は地域別公式数値と計算条件を明示する
ok 94 - プラチナ・ダイヤモンド比較は地域別公式数値と計算条件を明示する
  ---
  duration_ms: 1.95453
  type: 'test'
  ...
# Subtest: 地域の通貨とランク条件を他地域から流用していない
ok 95 - 地域の通貨とランク条件を他地域から流用していない
  ---
  duration_ms: 1.590576
  type: 'test'
  ...
# Subtest: 専用サイトマップと記事一覧から4言語ページを発見できる
ok 96 - 専用サイトマップと記事一覧から4言語ページを発見できる
  ---
  duration_ms: 0.578585
  type: 'test'
  ...
# Subtest: 日本語記事データと配信ファイルの更新日・説明が一致する
ok 97 - 日本語記事データと配信ファイルの更新日・説明が一致する
  ---
  duration_ms: 0.651483
  type: 'test'
  ...
# Subtest: 独立管理の記事は生成処理で上書きされずサイトマップ対象に残る
ok 98 - 独立管理の記事は生成処理で上書きされずサイトマップ対象に残る
  ---
  duration_ms: 1.4388
  type: 'test'
  ...
# Subtest: ランク維持記事は4言語で相互接続され公式条件とSEO要件を満たす
ok 99 - ランク維持記事は4言語で相互接続され公式条件とSEO要件を満たす
  ---
  duration_ms: 2.606785
  type: 'test'
  ...
# Subtest: 日本語の既存記事と記事データは同じ更新日を持つ
ok 100 - 日本語の既存記事と記事データは同じ更新日を持つ
  ---
  duration_ms: 2.137964
  type: 'test'
  ...
# Subtest: 専用サイトマップは4言語URLと完全なhreflangを持ちrobots.txtから発見できる
ok 101 - 専用サイトマップは4言語URLと完全なhreflangを持ちrobots.txtから発見できる
  ---
  duration_ms: 0.399176
  type: 'test'
  ...
# Subtest: 言語別一覧と人向けサイトマップから新しい記事へ移動できる
ok 102 - 言語別一覧と人向けサイトマップから新しい記事へ移動できる
  ---
  duration_ms: 0.746605
  type: 'test'
  ...
# Subtest: 新しい多言語記事のサイト内リンク先は存在する
ok 103 - 新しい多言語記事のサイト内リンク先は存在する
  ---
  duration_ms: 2.543084
  type: 'test'
  ...
# Subtest: 海外向け記事から日本円固定ページへ誘導しない
ok 104 - 海外向け記事から日本円固定ページへ誘導しない
  ---
  duration_ms: 16.441005
  type: 'test'
  ...
# Subtest: ギフトカード購入・登録と対象コンテンツ購入を分離して説明する
ok 105 - ギフトカード購入・登録と対象コンテンツ購入を分離して説明する
  ---
  duration_ms: 0.536171
  type: 'test'
  ...
# Subtest: 영문 구독 가이드는 적격 Google Play 구독의 적립 가능성을 직접 답한다
ok 106 - 영문 구독 가이드는 적격 Google Play 구독의 적립 가능성을 직접 답한다
  ---
  duration_ms: 0.219437
  type: 'test'
  ...
# Subtest: Super Weekly Prize와 Super Ticket의 공식 명칭과 계정 한정을 유지한다
ok 107 - Super Weekly Prize와 Super Ticket의 공식 명칭과 계정 한정을 유지한다
  ---
  duration_ms: 0.561489
  type: 'test'
  ...
# Subtest: 영문 수치 기사는 미국 기준임을 명시한다
ok 108 - 영문 수치 기사는 미국 기준임을 명시한다
  ---
  duration_ms: 0.586696
  type: 'test'
  ...
# Subtest: regional guide set exists in all three locales
ok 109 - regional guide set exists in all three locales
  ---
  duration_ms: 1.322456
  type: 'test'
  ...
# Subtest: every regional article has reciprocal hreflang links
ok 110 - every regional article has reciprocal hreflang links
  ---
  duration_ms: 3.099501
  type: 'test'
  ...
# Subtest: regional level thresholds and earning units are not mixed
ok 111 - regional level thresholds and earning units are not mixed
  ---
  duration_ms: 0.712424
  type: 'test'
  ...
# Subtest: Silver strategy uses regional thresholds and positive value framing
ok 112 - Silver strategy uses regional thresholds and positive value framing
  ---
  duration_ms: 0.743571
  type: 'test'
  ...
# Subtest: promotion articles state no stacking, highest rate, pre-tax and rounding
ok 113 - promotion articles state no stacking, highest rate, pre-tax and rounding
  ---
  duration_ms: 0.679846
  type: 'test'
  ...
# Subtest: country-change guides warn that points and level do not transfer
ok 114 - country-change guides warn that points and level do not transfer
  ---
  duration_ms: 1.138571
  type: 'test'
  ...
# Subtest: localized Silver landing pages use the correct threshold and article route
ok 115 - localized Silver landing pages use the correct threshold and article route
  ---
  duration_ms: 0.432255
  type: 'test'
  ...
# Subtest: manual article source list preserves all regional guides
ok 116 - manual article source list preserves all regional guides
  ---
  duration_ms: 0.42841
  type: 'test'
  ...
# Subtest: reward and quest topics have complete Japanese, English, Korean and Taiwan clusters
ok 117 - reward and quest topics have complete Japanese, English, Korean and Taiwan clusters
  ---
  duration_ms: 3.729302
  type: 'test'
  ...
# Subtest: new international guides are substantial, sourced and usable instead of thin translations
ok 118 - new international guides are substantial, sourced and usable instead of thin translations
  ---
  duration_ms: 4.623938
  type: 'test'
  ...
# Subtest: Super Weekly Reward articles explain stock and the Super Ticket trade-off without promising premium prizes
ok 119 - Super Weekly Reward articles explain stock and the Super Ticket trade-off without promising premium prizes
  ---
  duration_ms: 1.815353
  type: 'test'
  ...
# Subtest: quest articles cover account-specific conditions, qualifying purchases, sign-in and refunds
ok 120 - quest articles cover account-specific conditions, qualifying purchases, sign-in and refunds
  ---
  duration_ms: 1.203137
  type: 'test'
  ...
# Subtest: locale indexes and the dedicated sitemap expose all six new international guides
ok 121 - locale indexes and the dedicated sitemap expose all six new international guides
  ---
  duration_ms: 0.564543
  type: 'test'
  ...
# Subtest: ポイント利用・参加条件記事は3言語でSEO公開要件を満たす
ok 122 - ポイント利用・参加条件記事は3言語でSEO公開要件を満たす
  ---
  duration_ms: 2.692763
  type: 'test'
  ...
# Subtest: 専用サイトマップは6記事を公開しrobots.txtから発見できる
ok 123 - 専用サイトマップは6記事を公開しrobots.txtから発見できる
  ---
  duration_ms: 1.103429
  type: 'test'
  ...
# Subtest: 新規記事のサイト内リンク先は存在する
ok 124 - 新規記事のサイト内リンク先は存在する
  ---
  duration_ms: 2.327718
  type: 'test'
  ...
# Subtest: 週次特典と複数アカウント記事は3言語で公開要件を満たす
ok 125 - 週次特典と複数アカウント記事は3言語で公開要件を満たす
  ---
  duration_ms: 3.239089
  type: 'test'
  ...
# Subtest: 新規記事は同一言語内で相互に接続される
ok 126 - 新規記事は同一言語内で相互に接続される
  ---
  duration_ms: 0.895608
  type: 'test'
  ...
# Subtest: 国際ガイド専用サイトマップをrobots.txtから発見できる
ok 127 - 国際ガイド専用サイトマップをrobots.txtから発見できる
  ---
  duration_ms: 0.534319
  type: 'test'
  ...
# Subtest: 新規国際記事のローカルリンク先はすべて存在する
ok 128 - 新規国際記事のローカルリンク先はすべて存在する
  ---
  duration_ms: 2.580695
  type: 'test'
  ...
# Subtest: 日本語のランク総合記事が5段階と判定値の違いを説明する
ok 129 - 日本語のランク総合記事が5段階と判定値の違いを説明する
  ---
  duration_ms: 1.70622
  type: 'test'
  ...
# Subtest: 登録できない記事が参加条件を順番に切り分ける
ok 130 - 登録できない記事が参加条件を順番に切り分ける
  ---
  duration_ms: 0.444495
  type: 'test'
  ...
# Subtest: 国変更記事がポイント・残高・変更条件を混同しない
ok 131 - 国変更記事がポイント・残高・変更条件を混同しない
  ---
  duration_ms: 0.472386
  type: 'test'
  ...
# Subtest: 倍率記事が直接レートと倍率入力を足し合わせない
ok 132 - 倍率記事が直接レートと倍率入力を足し合わせない
  ---
  duration_ms: 1.763014
  type: 'test'
  ...
# Subtest: シルバー記事が購入予定と高い獲得率を組み合わせる
ok 133 - シルバー記事が購入予定と高い獲得率を組み合わせる
  ---
  duration_ms: 0.550803
  type: 'test'
  ...
# Subtest: ウィークリー記事が通常リワードとPlay Pass週次特典を分離する
ok 134 - ウィークリー記事が通常リワードとPlay Pass週次特典を分離する
  ---
  duration_ms: 0.491785
  type: 'test'
  ...
# Subtest: ランク記事からシルバーのお得記事へ重複なく移動できる
ok 135 - ランク記事からシルバーのお得記事へ重複なく移動できる
  ---
  duration_ms: 0.50861
  type: 'test'
  ...
# Subtest: シルバー計算入口の上部からお得記事へ移動できる
ok 136 - シルバー計算入口の上部からお得記事へ移動できる
  ---
  duration_ms: 0.349933
  type: 'test'
  ...
# Subtest: 倍率キャンペーン入口からシルバーのお得記事へ移動できる
ok 137 - 倍率キャンペーン入口からシルバーのお得記事へ移動できる
  ---
  duration_ms: 0.867006
  type: 'test'
  ...
# Subtest: 記事一覧へ新規5本が重複なく登録される
ok 138 - 記事一覧へ新規5本が重複なく登録される
  ---
  duration_ms: 1.028026
  type: 'test'
  ...
# Subtest: 最新情報ハブは確認範囲・公式参照・確認日を明示する
ok 139 - 最新情報ハブは確認範囲・公式参照・確認日を明示する
  ---
  duration_ms: 1.888491
  type: 'test'
  ...
# Subtest: 最新情報ハブは週次3制度とクエストを別項目として扱う
ok 140 - 最新情報ハブは週次3制度とクエストを別項目として扱う
  ---
  duration_ms: 0.430193
  type: 'test'
  ...
# Subtest: 生成処理は確認していない日に最新情報ハブの日付を進めない
ok 141 - 生成処理は確認していない日に最新情報ハブの日付を進めない
  ---
  duration_ms: 0.191195
  type: 'test'
  ...
# Subtest: 鮮度検査は14日を超えた確認日を検出する
ok 142 - 鮮度検査は14日を超えた確認日を検出する
  ---
  duration_ms: 3.447922
  type: 'test'
  ...
# Subtest: 運用手順は日付だけの更新と個別オファーの一般化を禁止する
ok 143 - 運用手順は日付だけの更新と個別オファーの一般化を禁止する
  ---
  duration_ms: 0.342632
  type: 'test'
  ...
# Subtest: 通常計算は自動入力される獲得率と倍率を主画面に残し、平均パック額を表示しない
ok 144 - 通常計算は自動入力される獲得率と倍率を主画面に残し、平均パック額を表示しない
  ---
  duration_ms: 1.325621
  type: 'test'
  ...
# Subtest: 4言語に自動入力の獲得率と通常倍率の文言が用意されている
ok 145 - 4言語に自動入力の獲得率と通常倍率の文言が用意されている
  ---
  duration_ms: 0.385726
  type: 'test'
  ...
# Subtest: 初期化前にDOMを組み替え、地域更新時に文言も更新する
ok 146 - 初期化前にDOMを組み替え、地域更新時に文言も更新する
  ---
  duration_ms: 0.331035
  type: 'test'
  ...
# Subtest: 既存の主要入力IDと共有URL仕様を維持する
ok 147 - 既存の主要入力IDと共有URL仕様を維持する
  ---
  duration_ms: 2.97142
  type: 'test'
  ...
# Subtest: UIモジュールを圧縮・版管理・Service Workerの対象に含める
ok 148 - UIモジュールを圧縮・版管理・Service Workerの対象に含める
  ---
  duration_ms: 0.329562
  type: 'test'
  ...
# Subtest: main.jsは初期化と画面調停に集中し独立責務を各モジュールへ委譲する
ok 149 - main.jsは初期化と画面調停に集中し独立責務を各モジュールへ委譲する
  ---
  duration_ms: 1.805869
  type: 'test'
  ...
# Subtest: 分離した責務の実装と既存イベント名は専用モジュールに保持する
ok 150 - 分離した責務の実装と既存イベント名は専用モジュールに保持する
  ---
  duration_ms: 0.559486
  type: 'test'
  ...
# Subtest: 新しい実行時モジュールは圧縮・キャッシュ更新・オフライン先読みに含める
ok 151 - 新しい実行時モジュールは圧縮・キャッシュ更新・オフライン先読みに含める
  ---
  duration_ms: 0.478565
  type: 'test'
  ...
# [manual-intl] restored canonical article content: 40
# Subtest: 地域別に手動確認した記事の正本一覧を固定する
ok 152 - 地域別に手動確認した記事の正本一覧を固定する
  ---
  duration_ms: 2.882827
  type: 'test'
  ...
# Subtest: 手動正本の公開日・更新日・last-modifiedを一致させる
ok 153 - 手動正本の公開日・更新日・last-modifiedを一致させる
  ---
  duration_ms: 6.114836
  type: 'test'
  ...
# Subtest: 国際記事台帳は手動正本の日付を自動採用する
ok 154 - 国際記事台帳は手動正本の日付を自動採用する
  ---
  duration_ms: 2.639133
  type: 'test'
  ...
# Subtest: ビルドは国際記事生成の直前に退避し直後に復元する
ok 155 - ビルドは国際記事生成の直前に退避し直後に復元する
  ---
  duration_ms: 0.270525
  type: 'test'
  ...
# Subtest: 生成処理で上書きされても手動記事を完全に復元できる
ok 156 - 生成処理で上書きされても手動記事を完全に復元できる
  ---
  duration_ms: 14.44412
  type: 'test'
  ...
# Subtest: JPEG実体の既存OGP URLをimage/jpegとして配信する
ok 157 - JPEG実体の既存OGP URLをimage/jpegとして配信する
  ---
  duration_ms: 1.342326
  type: 'test'
  ...
# Subtest: デプロイ後のSEO検査は実際のOGP Content-Typeを確認する
ok 158 - デプロイ後のSEO検査は実際のOGP Content-Typeを確認する
  ---
  duration_ms: 0.234681
  type: 'test'
  ...
# Subtest: 記事CSSは外部化され、AdSense以外のinline styleを残さない
ok 159 - 記事CSSは外部化され、AdSense以外のinline styleを残さない
  ---
  duration_ms: 24.335339
  type: 'test'
  ...
# Subtest: 記事のローカルCSSは内容ハッシュ付きURLで参照する
ok 160 - 記事のローカルCSSは内容ハッシュ付きURLで参照する
  ---
  duration_ms: 18.431167
  type: 'test'
  ...
# Subtest: 記事のローカルJavaScriptも内容ハッシュ付きURLで参照する
ok 161 - 記事のローカルJavaScriptも内容ハッシュ付きURLで参照する
  ---
  duration_ms: 14.979651
  type: 'test'
  ...
# Subtest: 公開HTMLのローカルCSS・JavaScriptは実ファイルと一致する内容ハッシュを使う
ok 162 - 公開HTMLのローカルCSS・JavaScriptは実ファイルと一致する内容ハッシュを使う
  ---
  duration_ms: 80.881383
  type: 'test'
  ...
# Subtest: 画面外描画の最適化は長文下部だけに限定し、印刷時に解除する
ok 163 - 画面外描画の最適化は長文下部だけに限定し、印刷時に解除する
  ---
  duration_ms: 0.505726
  type: 'test'
  ...
# Subtest: バージョン付き資産だけを1年間immutableでキャッシュする
ok 164 - バージョン付き資産だけを1年間immutableでキャッシュする
  ---
  duration_ms: 0.326898
  type: 'test'
  ...
# Subtest: 低性能Android相当の定期Lighthouse検査を固定バージョンで実行する
ok 165 - 低性能Android相当の定期Lighthouse検査を固定バージョンで実行する
  ---
  duration_ms: 0.351886
  type: 'test'
  ...
# Subtest: 未参照だった旧共通CSSを公開物に残さない
ok 166 - 未参照だった旧共通CSSを公開物に残さない
  ---
  duration_ms: 0.198156
  type: 'test'
  ...
# Subtest: PRでは秘密情報を使わず一つのジョブで全事前検証を実行する
ok 167 - PRでは秘密情報を使わず一つのジョブで全事前検証を実行する
  ---
  duration_ms: 1.308675
  type: 'test'
  ...
# Subtest: 事前検証は全テストを自動収集し失敗工程を最後にまとめる
ok 168 - 事前検証は全テストを自動収集し失敗工程を最後にまとめる
  ---
  duration_ms: 0.252988
  type: 'test'
  ...
# Subtest: 事前検証は多言語の公開必須ファイル欠損を検出する
ok 169 - 事前検証は多言語の公開必須ファイル欠損を検出する
  ---
  duration_ms: 0.229863
  type: 'test'
  ...
# Subtest: Service Workerの全先読み対象をデプロイ前に検証する
ok 170 - Service Workerの全先読み対象をデプロイ前に検証する
  ---
  duration_ms: 0.195152
  type: 'test'
  ...
# Subtest: 通常の事前検証は生成・圧縮対象を元に戻しデプロイ時だけ保持する
ok 171 - 通常の事前検証は生成・圧縮対象を元に戻しデプロイ時だけ保持する
  ---
  duration_ms: 0.258005
  type: 'test'
  ...
# Subtest: ルートService Workerは画面遷移をネットワーク優先で更新する
ok 172 - ルートService Workerは画面遷移をネットワーク優先で更新する
  ---
  duration_ms: 0.193599
  type: 'test'
  ...
# Subtest: ルートキャッシュ世代は全共有アセット版から自動生成する
ok 173 - ルートキャッシュ世代は全共有アセット版から自動生成する
  ---
  duration_ms: 0.231746
  type: 'test'
  ...
# Subtest: アプリモジュールのキャッシュ世代は改行コードが違っても一致する
ok 174 - アプリモジュールのキャッシュ世代は改行コードが違っても一致する
  ---
  duration_ms: 4.043111
  type: 'test'
  ...
# Subtest: 本番確認はコミット状態と公開JSONの両方で完全一致を検証する
ok 175 - 本番確認はコミット状態と公開JSONの両方で完全一致を検証する
  ---
  duration_ms: 0.921187
  type: 'test'
  ...
# Subtest: 公開デプロイ状態は検証完了前と完了後を区別する
ok 176 - 公開デプロイ状態は検証完了前と完了後を区別する
  ---
  duration_ms: 2.122321
  type: 'test'
  ...
# Subtest: 本番デプロイは実行中ジョブを中断せず待機中の最新版だけを残す
ok 177 - 本番デプロイは実行中ジョブを中断せず待機中の最新版だけを残す
  ---
  duration_ms: 0.302562
  type: 'test'
  ...
# Subtest: HTTP検査は同時接続数を制限し失敗対象だけを再試行する
ok 178 - HTTP検査は同時接続数を制限し失敗対象だけを再試行する
  ---
  duration_ms: 0.289503
  type: 'test'
  ...
# Subtest: 外部Actionは固定SHAで実行しDependabotで月次更新する
ok 179 - 外部Actionは固定SHAで実行しDependabotで月次更新する
  ---
  duration_ms: 0.467198
  type: 'test'
  ...
# Subtest: 新規記事は記事台帳へ一意に登録される
ok 180 - 新規記事は記事台帳へ一意に登録される
  ---
  duration_ms: 1.775963
  type: 'test'
  ...
# Subtest: スーパーウィークリー記事は一般条件と個別条件を分離する
ok 181 - スーパーウィークリー記事は一般条件と個別条件を分離する
  ---
  duration_ms: 2.512804
  type: 'test'
  ...
# Subtest: クエスト記事は対象・購入・ログイン・返金条件を案内する
ok 182 - クエスト記事は対象・購入・ログイン・返金条件を案内する
  ---
  duration_ms: 0.436231
  type: 'test'
  ...
# Subtest: 週次親記事は3制度を比較し日記を主要導線にする
ok 183 - 週次親記事は3制度を比較し日記を主要導線にする
  ---
  duration_ms: 0.443292
  type: 'test'
  ...
# Subtest: 無料獲得記事は無料・追加購入なし・有料条件を混同しない
ok 184 - 無料獲得記事は無料・追加購入なし・有料条件を混同しない
  ---
  duration_ms: 0.65639
  type: 'test'
  ...
# Subtest: 買い切り購入と継続課金の記事は役割を相互案内する
ok 185 - 買い切り購入と継続課金の記事は役割を相互案内する
  ---
  duration_ms: 0.563042
  type: 'test'
  ...
# Subtest: 今回のPlay Points公式記事群へ第三者決済キャンペーンを混入させない
ok 186 - 今回のPlay Points公式記事群へ第三者決済キャンペーンを混入させない
  ---
  duration_ms: 1.339571
  type: 'test'
  ...
# Subtest: 公式例のシルバー500円は6ポイントへ丸める
ok 187 - 公式例のシルバー500円は6ポイントへ丸める
  ---
  duration_ms: 1.562464
  type: 'test'
  ...
# Subtest: 購入ごとの丸めと総額への一度だけの丸めを分ける
ok 188 - 購入ごとの丸めと総額への一度だけの丸めを分ける
  ---
  duration_ms: 0.288962
  type: 'test'
  ...
# Subtest: 丸め関数は非負のポイントを最も近い整数へ丸める
ok 189 - 丸め関数は非負のポイントを最も近い整数へ丸める
  ---
  duration_ms: 0.539296
  type: 'test'
  ...
# Subtest: 不正な購入回数と獲得率を拒否する
ok 190 - 不正な購入回数と獲得率を拒否する
  ---
  duration_ms: 0.327329
  type: 'test'
  ...
# Subtest: 記事は税抜・四捨五入・機能の限界を明示する
ok 191 - 記事は税抜・四捨五入・機能の限界を明示する
  ---
  duration_ms: 1.467823
  type: 'test'
  ...
# Subtest: 記事冒頭は通常獲得率と交換価値を分けて即答する
ok 192 - 記事冒頭は通常獲得率と交換価値を分けて即答する
  ---
  duration_ms: 0.523032
  type: 'test'
  ...
# Subtest: 記事固有の導線だけを1つずつ表示し、自動導線の重複を防ぐ
ok 193 - 記事固有の導線だけを1つずつ表示し、自動導線の重複を防ぐ
  ---
  duration_ms: 0.45535
  type: 'test'
  ...
# Subtest: スマホでは比較表をカード表示し、主要操作を画面幅いっぱいにする
ok 194 - スマホでは比較表をカード表示し、主要操作を画面幅いっぱいにする
  ---
  duration_ms: 0.675099
  type: 'test'
  ...
# Subtest: FAQと補助導線は主要目次へ混入しない構造にする
ok 195 - FAQと補助導線は主要目次へ混入しない構造にする
  ---
  duration_ms: 0.72264
  type: 'test'
  ...
# Subtest: シミュレーターは差が見える初期例と利用限界を明示する
ok 196 - シミュレーターは差が見える初期例と利用限界を明示する
  ---
  duration_ms: 0.965112
  type: 'test'
  ...
# Subtest: 記事別の検証カード文言は生成元でも保持する
ok 197 - 記事別の検証カード文言は生成元でも保持する
  ---
  duration_ms: 0.652735
  type: 'test'
  ...
# Subtest: 画面のFAQとFAQPage構造化データが一致する
ok 198 - 画面のFAQとFAQPage構造化データが一致する
  ---
  duration_ms: 1.701793
  type: 'test'
  ...
# Subtest: 記事台帳は既存記事の役割を維持して更新日と説明を同期する
ok 199 - 記事台帳は既存記事の役割を維持して更新日と説明を同期する
  ---
  duration_ms: 1.526301
  type: 'test'
  ...
# Subtest: 海外向け案内は英語を全世界共通レートとして案内しない
ok 200 - 海外向け案内は英語を全世界共通レートとして案内しない
  ---
  duration_ms: 1.282226
  type: 'test'
  ...
# Subtest: 多言語トップの実行時記事リンクは各言語の記事一覧を指す
not ok 201 - 多言語トップの実行時記事リンクは各言語の記事一覧を指す
  ---
  duration_ms: 2.425494
  type: 'test'
  location: '/home/runner/work/PlayPoint/PlayPoint/tests/playpoint-audit-fixes.test.cjs:29:1'
  failureType: 'testCodeFailure'
  error: 'Unexpected string'
  code: 'ERR_TEST_FAILURE'
  name: 'SyntaxError'
  stack: |-
    new Script (node:vm:117:7)
    createScript (node:vm:269:10)
    Object.runInContext (node:vm:300:10)
    loadConfigs (/home/runner/work/PlayPoint/PlayPoint/tests/playpoint-audit-fixes.test.cjs:16:6)
    TestContext.<anonymous> (/home/runner/work/PlayPoint/PlayPoint/tests/playpoint-audit-fixes.test.cjs:30:19)
    Test.runInAsyncScope (node:async_hooks:214:14)
    Test.run (node:internal/test_runner/test:1047:25)
    Test.processPendingSubtests (node:internal/test_runner/test:744:18)
    Test.postRun (node:internal/test_runner/test:1173:19)
    Test.run (node:internal/test_runner/test:1101:12)
  ...
# Subtest: 日本語の必要ポイント例はあとがきにつながる実例1728を保つ
not ok 202 - 日本語の必要ポイント例はあとがきにつながる実例1728を保つ
  ---
  duration_ms: 1.110429
  type: 'test'
  location: '/home/runner/work/PlayPoint/PlayPoint/tests/playpoint-audit-fixes.test.cjs:41:1'
  failureType: 'testCodeFailure'
  error: 'Unexpected string'
  code: 'ERR_TEST_FAILURE'
  name: 'SyntaxError'
  stack: |-
    new Script (node:vm:117:7)
    createScript (node:vm:269:10)
    Object.runInContext (node:vm:300:10)
    loadConfigs (/home/runner/work/PlayPoint/PlayPoint/tests/playpoint-audit-fixes.test.cjs:16:6)
    TestContext.<anonymous> (/home/runner/work/PlayPoint/PlayPoint/tests/playpoint-audit-fixes.test.cjs:42:19)
    Test.runInAsyncScope (node:async_hooks:214:14)
    Test.run (node:internal/test_runner/test:1047:25)
    Test.processPendingSubtests (node:internal/test_runner/test:744:18)
    Test.postRun (node:internal/test_runner/test:1173:19)
    Test.run (node:internal/test_runner/test:1101:12)
  ...
# Subtest: 結果カードの見出しだけをブロック化し、金額の内訳は分断しない
ok 203 - 結果カードの見出しだけをブロック化し、金額の内訳は分断しない
  ---
  duration_ms: 0.35449
  type: 'test'
  ...
# Subtest: CSPは計測と広告品質確認で実際に使う接続先を許可する
ok 204 - CSPは計測と広告品質確認で実際に使う接続先を許可する
  ---
  duration_ms: 1.222276
  type: 'test'
  ...
# Subtest: 日記の景品選択には全言語で読み上げ可能な名前がある
not ok 205 - 日記の景品選択には全言語で読み上げ可能な名前がある
  ---
  duration_ms: 1.055007
  type: 'test'
  location: '/home/runner/work/PlayPoint/PlayPoint/tests/playpoint-audit-fixes.test.cjs:75:1'
  failureType: 'testCodeFailure'
  error: 'Unexpected string'
  code: 'ERR_TEST_FAILURE'
  name: 'SyntaxError'
  stack: |-
    new Script (node:vm:117:7)
    createScript (node:vm:269:10)
    Object.runInContext (node:vm:300:10)
    loadConfigs (/home/runner/work/PlayPoint/PlayPoint/tests/playpoint-audit-fixes.test.cjs:16:6)
    TestContext.<anonymous> (/home/runner/work/PlayPoint/PlayPoint/tests/playpoint-audit-fixes.test.cjs:76:19)
    Test.runInAsyncScope (node:async_hooks:214:14)
    Test.run (node:internal/test_runner/test:1047:25)
    Test.processPendingSubtests (node:internal/test_runner/test:744:18)
    Test.postRun (node:internal/test_runner/test:1173:19)
    Test.run (node:internal/test_runner/test:1101:12)
  ...
# Subtest: トップページは大きな画像プレビューとOGP画像サイズを明示する
ok 206 - トップページは大きな画像プレビューとOGP画像サイズを明示する
  ---
  duration_ms: 0.685234
  type: 'test'
  ...
# Subtest: 初期操作に必要なアプリモジュールは依存解析前から取得を開始する
ok 207 - 初期操作に必要なアプリモジュールは依存解析前から取得を開始する
  ---
  duration_ms: 0.815769
  type: 'test'
  ...
# Subtest: 日記の重複通知を表示せず、カレンダー登録は残す
ok 208 - 日記の重複通知を表示せず、カレンダー登録は残す
  ---
  duration_ms: 1.516475
  type: 'test'
  ...
# Subtest: 地域差案内は日本語トップでも英語の注意導線として表示する
ok 209 - 地域差案内は日本語トップでも英語の注意導線として表示する
  ---
  duration_ms: 0.833636
  type: 'test'
  ...
# Subtest: 計算方法と検証方針を全言語で本文から確認できる
ok 210 - 計算方法と検証方針を全言語で本文から確認できる
  ---
  duration_ms: 0.692855
  type: 'test'
  ...
# Subtest: 広告と計測は初期表示後に低優先度で読み込む
ok 211 - 広告と計測は初期表示後に低優先度で読み込む
  ---
  duration_ms: 0.235512
  type: 'test'
  ...
# ok - 著者ページのOGP画像は実在する
# ok - 計算機は有限値とHTMLの上下限を検証する
# ok - ルートService WorkerはGETの許可対象だけを安定したキーでキャッシュする
# ok - GAとAdSenseは地域別Consent ModeとGoogle認定CMPに従う
# not ok - 計測イベントは同意済みラッパー経由だけで送信する
# 同意済み状態だけを明示的に許可していません
# ok - ルートService Workerは自分のキャッシュだけを削除対象にする
# ok - ルートService Workerはprecache失敗時に壊れたまま有効化しない
# ok - デプロイ同期は公開不要な運用ファイルをルート限定で除外する
# ok - JSミニファイは文字列中のスラッシュコメント風テキストを壊さない
# ok - デプロイ時ミニファイはPlayPoint本体・ブログ・ウィジェットを対象にする
# ok - デプロイ前検証はミニファイ後JSの構文を確認する
# ok - CIデプロイはコミット済み成果物だけを公開する
# ok - デプロイ前JS構文検証はGitHub Actions用スクリプトも対象にする
# ok - 多言語トップはJS実行前の主要文言も翻訳済みにする
# not ok - 同意済み計測はGA本体ロード前のイベントを短期キューへ保持する
# GAロード前イベントのキューがありません
# ok - Xserver同期後に本番スモークテストを実行する
# ok - Xserver同期後に本番SEOヘルスチェックを実行する
# ok - デプロイ検証の変更でもワークフローを実行する
# ok - デプロイ前検証は全テストをミニファイ前後に実行する
# ok - 本番スモークテストの期待文字列は配信元ファイルに存在する
# ok - 本番スモークテストは主要PlayPointページと言語トップを確認する
# 2件の修正が未実装です。
# Subtest: tests/playpoint-nine-fixes.test.cjs
not ok 39 - tests/playpoint-nine-fixes.test.cjs
  ---
  duration_ms: 58.316835
  type: 'test'
  location: '/home/runner/work/PlayPoint/PlayPoint/tests/playpoint-nine-fixes.test.cjs:1:1'
  failureType: 'testCodeFailure'
  exitCode: 1
  signal: ~
  error: 'test failed'
  code: 'ERR_TEST_FAILURE'
  ...
# not ok - ステータス選択の初期値はブロンズになる
# calculator-bundle.js:3
# { ANALYTICS } from './analytics.js';
#                    ^^^^^^^^^^^^^^^^
# SyntaxError: Unexpected string
#     at new Script (node:vm:117:7)
#     at createScript (node:vm:269:10)
#     at Object.runInContext (node:vm:300:10)
#     at loadCalculatorContext (/home/runner/work/PlayPoint/PlayPoint/tests/playpoint-regression.test.cjs:122:6)
#     at /home/runner/work/PlayPoint/PlayPoint/tests/playpoint-regression.test.cjs:137:47
#     at test (/home/runner/work/PlayPoint/PlayPoint/tests/playpoint-regression.test.cjs:128:5)
#     at Object.<anonymous> (/home/runner/work/PlayPoint/PlayPoint/tests/playpoint-regression.test.cjs:136:1)
#     at Module._compile (node:internal/modules/cjs/loader:1781:14)
#     at Object..js (node:internal/modules/cjs/loader:1913:10)
#     at Module.load (node:internal/modules/cjs/loader:1505:32)
# Node.js v22.23.1
# Subtest: tests/playpoint-regression.test.cjs
not ok 40 - tests/playpoint-regression.test.cjs
  ---
  duration_ms: 50.873864
  type: 'test'
  location: '/home/runner/work/PlayPoint/PlayPoint/tests/playpoint-regression.test.cjs:1:1'
  failureType: 'testCodeFailure'
  exitCode: 1
  signal: ~
  error: 'test failed'
  code: 'ERR_TEST_FAILURE'
  ...
# node:fs:440
#     return binding.readFileUtf8(path, stringToFlags(options.flag));
#                    ^
# Error: ENOENT: no such file or directory, open '/home/runner/work/PlayPoint/PlayPoint/.github/workflows/apply-growth-flow-foundation.yml'
#     at Object.readFileSync (node:fs:440:20)
#     at /home/runner/work/PlayPoint/PlayPoint/tests/repository-integrity-audit.test.cjs:71:8
#     at Array.map (<anonymous>)
#     at Object.<anonymous> (/home/runner/work/PlayPoint/PlayPoint/tests/repository-integrity-audit.test.cjs:69:24)
#     at Module._compile (node:internal/modules/cjs/loader:1781:14)
#     at Object..js (node:internal/modules/cjs/loader:1913:10)
#     at Module.load (node:internal/modules/cjs/loader:1505:32)
#     at Function._load (node:internal/modules/cjs/loader:1309:12)
#     at wrapModuleLoad (node:internal/modules/cjs/loader:254:19)
#     at Function.executeUserEntryPoint [as runMain] (node:internal/modules/run_main:171:5) {
#   errno: -2,
#   code: 'ENOENT',
#   syscall: 'open',
#   path: '/home/runner/work/PlayPoint/PlayPoint/.github/workflows/apply-growth-flow-foundation.yml'
# }
# Node.js v22.23.1
# Subtest: tests/repository-integrity-audit.test.cjs
not ok 41 - tests/repository-integrity-audit.test.cjs
  ---
  duration_ms: 58.634049
  type: 'test'
  location: '/home/runner/work/PlayPoint/PlayPoint/tests/repository-integrity-audit.test.cjs:1:1'
  failureType: 'testCodeFailure'
  exitCode: 1
  signal: ~
  error: 'test failed'
  code: 'ERR_TEST_FAILURE'
  ...
# Subtest: 送信するXMLサイトマップ間でURLを重複させない
ok 215 - 送信するXMLサイトマップ間でURLを重複させない
  ---
  duration_ms: 2.974123
  type: 'test'
  ...
# Subtest: ルートサイトマップはPlay Pointsの公開導線だけを扱う
ok 216 - ルートサイトマップはPlay Pointsの公開導線だけを扱う
  ---
  duration_ms: 0.530853
  type: 'test'
  ...
# Subtest: 専用XMLサイトマップへ移したURLをルートへ重ねない
ok 217 - 専用XMLサイトマップへ移したURLをルートへ重ねない
  ---
  duration_ms: 0.82976
  type: 'test'
  ...
# Subtest: Play Pointsブログとフィードに家計記事を混在させない
ok 218 - Play Pointsブログとフィードに家計記事を混在させない
  ---
  duration_ms: 1.489425
  type: 'test'
  ...
# Subtest: 人向けサイトマップはPlay Pointsの案内に集中する
ok 219 - 人向けサイトマップはPlay Pointsの案内に集中する
  ---
  duration_ms: 0.384975
  type: 'test'
  ...
# Subtest: 韓国語トップは為替計算をうたわず実際の入力条件を説明する
ok 220 - 韓国語トップは為替計算をうたわず実際の入力条件を説明する
  ---
  duration_ms: 0.241621
  type: 'test'
  ...
# Subtest: Q&Aは現在のランク判定と計算機の責任範囲を明示する
ok 221 - Q&Aは現在のランク判定と計算機の責任範囲を明示する
  ---
  duration_ms: 0.255481
  type: 'test'
  ...
# Subtest: 旧HTMLを5項目の静的レイアウトへ安全に変換できる
ok 222 - 旧HTMLを5項目の静的レイアウトへ安全に変換できる
  ---
  duration_ms: 4.6181
  type: 'test'
  ...
# Subtest: 4言語の公開HTMLはJavaScript実行前から5項目と専用ラベルを持つ
ok 223 - 4言語の公開HTMLはJavaScript実行前から5項目と専用ラベルを持つ
  ---
  duration_ms: 2.319045
  type: 'test'
  ...
# Subtest: 多言語生成処理は通常計算専用ラベルを一般翻訳と分離する
ok 224 - 多言語生成処理は通常計算専用ラベルを一般翻訳と分離する
  ---
  duration_ms: 0.379036
  type: 'test'
  ...
# Subtest: UIモジュールの旧HTML向けフォールバックと静的HTML向け早期終了を維持する
ok 225 - UIモジュールの旧HTML向けフォールバックと静的HTML向け早期終了を維持する
  ---
  duration_ms: 0.289693
  type: 'test'
  ...
# Subtest: UIモジュールは内容ハッシュ付きで読み込み、Service Workerも即時更新確認する
ok 226 - UIモジュールは内容ハッシュ付きで読み込み、Service Workerも即時更新確認する
  ---
  duration_ms: 0.692254
  type: 'test'
  ...
# Subtest: 未バージョンJavaScriptだけを短期再検証し、v付き資産はimmutableにする
ok 227 - 未バージョンJavaScriptだけを短期再検証し、v付き資産はimmutableにする
  ---
  duration_ms: 0.28083
  type: 'test'
  ...
# Subtest: 静的生成辞書は多言語フッターの全リンク文言を持つ
ok 228 - 静的生成辞書は多言語フッターの全リンク文言を持つ
  ---
  duration_ms: 2.534397
  type: 'test'
  ...
# Subtest: 3言語トップはJavaScript実行前からウィジェット名が翻訳されている
ok 229 - 3言語トップはJavaScript実行前からウィジェット名が翻訳されている
  ---
  duration_ms: 10.88962
  type: 'test'
  ...
# Subtest: フィード名と年次グラフの読み上げ文言を各言語で静的生成する
ok 230 - フィード名と年次グラフの読み上げ文言を各言語で静的生成する
  ---
  duration_ms: 4.043642
  type: 'test'
  ...
# Subtest: 多言語トップの利用者向け静的文言へ別言語の文字が混入しない
ok 231 - 多言語トップの利用者向け静的文言へ別言語の文字が混入しない
  ---
  duration_ms: 2.112677
  type: 'test'
  ...
1..231
# tests 231
# suites 0
# pass 221
# fail 10
# cancelled 0
# skipped 0
# todo 0
# duration_ms 1186.84808

=== 公開記事の検索意図・内部リンク正規化 ===
記事検索意図・内部リンク監査: 140件
変更: 15件 / 役割注記: 6件 / 関連記事追加: 9件
全記事の関連記事と競合境界が整合しています。

=== 公開記事の検索意図・内部リンク検証 ===
記事検索意図・内部リンク監査: 140件
変更: 0件 / 役割注記: 0件 / 関連記事追加: 0件
全記事の関連記事と競合境界が整合しています。

=== 公開記事SEO正規化 ===
記事SEO正規化: 140件確認、140件更新対象
- FAQPage本文同期: 17件
- 可視FAQなしのFAQPage除去: 101件
- max-image-preview:large更新: 140件

=== 公開記事SEO正規化後検証 ===
記事SEO正規化: 140件確認、0件更新対象
- FAQPage本文同期: 0件
- 可視FAQなしのFAQPage除去: 0件
- max-image-preview:large更新: 0件

事前検証で失敗した工程:
- 生成物の再現性検証
- 全回帰テスト
- 圧縮後の全回帰テスト
