
=== JavaScript構文検証 ===
JS syntax check passed (66 files).

=== 生成物の再現性検証 ===
Synchronized dates, asset versions, and calculator layout (v=20260807_1503a) in index.html
[build-html] synchronized editorial structure: 9
[article-static-usability] synchronized: 0
[build-html] synchronized static article usability: 0
Generated /home/runner/work/PlayPoint/PlayPoint/en/index.html successfully.
Generated /home/runner/work/PlayPoint/PlayPoint/ko/index.html successfully.
Generated /home/runner/work/PlayPoint/PlayPoint/tw/index.html successfully.
Successfully synchronized sw.js cache. CACHE_NAME=playpoint-calc-v20260807_1503-327fda82
Successfully synchronized consent.js version in third-party.js to v=55813d3bcb
Generated international SEO pages (57 files).
[manual-intl] restored canonical article content: 40
[intl-content-expansion] published 39 locale articles
Successfully synchronized asset versions and dates in about-playpoints.html
Successfully synchronized asset versions and dates in info.html
Successfully synchronized asset versions and dates in changelog.html
Successfully synchronized asset versions and dates in attention.html
Successfully synchronized asset versions and dates in privacy.html
Successfully synchronized asset versions and dates in terms.html
Successfully synchronized asset versions and dates in sitemap.html
Successfully synchronized asset versions and dates in embed.html
Successfully synchronized asset versions and dates in latest/index.html
Successfully synchronized asset versions and dates in status/diamond/index.html
Successfully synchronized asset versions and dates in status/platinum/index.html
Successfully synchronized asset versions and dates in status/gold/index.html
Successfully synchronized asset versions and dates in status/silver/index.html
Successfully synchronized asset versions and dates in maintenance/platinum/index.html
Successfully synchronized asset versions and dates in maintenance/diamond/index.html
Successfully synchronized asset versions and dates in campaign/2x/index.html
Successfully synchronized asset versions and dates in campaign/3x/index.html
Successfully synchronized asset versions and dates in campaign/wait/index.html
Successfully synchronized asset versions and dates in amount/10000/index.html
Successfully synchronized asset versions and dates in compare/earning-rates/index.html
Successfully synchronized asset versions and dates in en/articles/2026-06-20-discount-gift-cards.html
Successfully synchronized asset versions and dates in ko/articles/2026-06-20-discount-gift-cards.html
Successfully synchronized asset versions and dates in tw/articles/2026-06-20-discount-gift-cards.html
[public-assets] synchronized content hashes: 15 files
Updated sitemap.xml and blog/sitemap.xml with current article dates (35 articles).
Generated blog feeds (35 articles).
[blog-index] synchronized static article titles: 0
[build-html] stripped external Google Fonts: 0
[build-html] sanitized internal attribution links: 0
diff --git a/en/index.html b/en/index.html
index 04edd75..b66a1c6 100644
--- a/en/index.html
+++ b/en/index.html
@@ -36,10 +36,9 @@
     <meta name="twitter:description" content="Estimate Google Play Points level-up spending, reverse calculations, and campaign multiplier effects.">
     <meta name="twitter:image" content="https://playpoint-sim.com/ogp.png">
 
-    <link rel="modulepreload" href="../js/main.js?v=416109bf12">
+    <link rel="modulepreload" href="../js/main.js?v=3f90f264ce">
     <link rel="modulepreload" href="../js/config.js">
     <link rel="modulepreload" href="../js/ui.js">
-    <link rel="modulepreload" href="../js/diary.js">
     <link rel="modulepreload" href="../js/share.js">
     <link rel="modulepreload" href="../js/calculator.js">
     <link rel="stylesheet" href="../style.css?v=ed240917f2">
@@ -377,7 +376,7 @@
     <div id="toast" class="toast"></div>
 </main>
 
-<script type="module" src="../js/main.js?v=416109bf12"></script>
+<script type="module" src="../js/main.js?v=3f90f264ce"></script>
 <script src="../js/third-party.js?v=30f1e46c0b" defer></script>
 
 </body>
diff --git a/index.html b/index.html
index 767411d..f3dcc50 100644
--- a/index.html
+++ b/index.html
@@ -36,10 +36,9 @@
     <meta name="twitter:description" content="Google Play Points のランクアップまでにあといくら必要か、課金額やキャンペーン倍率込みの目安を逆算できます。">
     <meta name="twitter:image" content="https://playpoint-sim.com/ogp.png">
 
-    <link rel="modulepreload" href="js/main.js?v=416109bf12">
+    <link rel="modulepreload" href="js/main.js?v=3f90f264ce">
     <link rel="modulepreload" href="js/config.js">
     <link rel="modulepreload" href="js/ui.js">
-    <link rel="modulepreload" href="js/diary.js">
     <link rel="modulepreload" href="js/share.js">
     <link rel="modulepreload" href="js/calculator.js">
     <link rel="stylesheet" href="style.css?v=ed240917f2">
@@ -396,7 +395,7 @@
     <div id="toast" class="toast"></div>
 </main>
 
-<script type="module" src="js/main.js?v=416109bf12"></script>
+<script type="module" src="js/main.js?v=3f90f264ce"></script>
 <script src="js/third-party.js?v=30f1e46c0b" defer></script>
 
 </body>
diff --git a/ko/index.html b/ko/index.html
index babd346..7ed0f8a 100644
--- a/ko/index.html
+++ b/ko/index.html
@@ -36,10 +36,9 @@
     <meta name="twitter:description" content="구글 플레이 포인트 등급 달성 조건 및 획득 포인트를 무료로 시뮬레이션하는 계산기입니다.">
     <meta name="twitter:image" content="https://playpoint-sim.com/ogp.png">
 
-    <link rel="modulepreload" href="../js/main.js?v=416109bf12">
+    <link rel="modulepreload" href="../js/main.js?v=3f90f264ce">
     <link rel="modulepreload" href="../js/config.js">
     <link rel="modulepreload" href="../js/ui.js">
-    <link rel="modulepreload" href="../js/diary.js">
     <link rel="modulepreload" href="../js/share.js">
     <link rel="modulepreload" href="../js/calculator.js">
     <link rel="stylesheet" href="../style.css?v=ed240917f2">
@@ -377,7 +376,7 @@
     <div id="toast" class="toast"></div>
 </main>
 
-<script type="module" src="../js/main.js?v=416109bf12"></script>
+<script type="module" src="../js/main.js?v=3f90f264ce"></script>
 <script src="../js/third-party.js?v=30f1e46c0b" defer></script>
 
 </body>
diff --git a/sw.js b/sw.js
index 62f8d8b..7e1e6cf 100644
--- a/sw.js
+++ b/sw.js
@@ -1,53 +1,30 @@
 'use strict';
 
 const CACHE_PREFIX = 'playpoint-calc-v';
-const CACHE_NAME = 'playpoint-calc-v20260807_1402-74d5b009';
+const CACHE_NAME = 'playpoint-calc-v20260807_1503-327fda82';
 const ASSETS = [
   './',
   './style.css?v=ed240917f2',
   './favicon.svg',
-  './ogp.png',
   './manifest.json',
   './icon-192.png',
   './icon-512.png',
-  './about-playpoints.html',
-  './info.html',
-  './changelog.html',
-  './attention.html',
-  './privacy.html',
-  './terms.html',
-  './sitemap.html',
-  './embed.html',
-  './latest/',
-  './author/katakata.html',
   './js/config.js',
   './js/ui.js',
-  './js/diary.js',
   './js/calculator.js',
   './js/share.js',
   './js/main-calculator-ui.js?v=fe1ecf8545',
-  './js/main.js?v=416109bf12',
+  './js/main.js?v=3f90f264ce',
+  './js/web-vitals.js',
   './js/region-navigation.js',
   './js/language-suggestion.js',
   './js/calendar-reminder.js',
   './js/pwa-install.js',
   './js/widget-referral.js',
   './js/service-worker-registration.js',
-  './js/intent-tracking.js?v=5cdd51c178',
-  './js/consent.js?v=55813d3bcb',
-  './js/third-party.js?v=30f1e46c0b',
-  './blog/style.css?v=73cb119703',
-  './blog/components.js?v=784e955c93',
-  './blog/script.js?v=590f709115',
-  './blog/article.js?v=905d06a119',
-  './articles/article-shared.css?v=dd9ac711cd',
   './en/',
   './ko/',
-  './tw/',
-  './articles/2026-06-20-discount-gift-cards.html',
-  './en/articles/2026-06-20-discount-gift-cards.html',
-  './ko/articles/2026-06-20-discount-gift-cards.html',
-  './tw/articles/2026-06-20-discount-gift-cards.html'
+  './tw/'
 ];
 
 // インストール時に静的アセットをキャッシュ
diff --git a/tw/index.html b/tw/index.html
index 3d8457d..0472fb2 100644
--- a/tw/index.html
+++ b/tw/index.html
@@ -36,10 +36,9 @@
     <meta name="twitter:description" content="免費模擬 Google Play 點數升級需求、逆算模式與加倍活動的點數試算工具。">
     <meta name="twitter:image" content="https://playpoint-sim.com/ogp.png">
 
-    <link rel="modulepreload" href="../js/main.js?v=416109bf12">
+    <link rel="modulepreload" href="../js/main.js?v=3f90f264ce">
     <link rel="modulepreload" href="../js/config.js">
     <link rel="modulepreload" href="../js/ui.js">
-    <link rel="modulepreload" href="../js/diary.js">
     <link rel="modulepreload" href="../js/share.js">
     <link rel="modulepreload" href="../js/calculator.js">
     <link rel="stylesheet" href="../style.css?v=ed240917f2">
@@ -377,7 +376,7 @@
     <div id="toast" class="toast"></div>
 </main>
 
-<script type="module" src="../js/main.js?v=416109bf12"></script>
+<script type="module" src="../js/main.js?v=3f90f264ce"></script>
 <script src="../js/third-party.js?v=30f1e46c0b" defer></script>
 
 </body>
Generated files are out of sync. Run `node scripts/build-html.js`, review the diff, and commit the generated output.

=== 公開必須ファイル検証 ===
公開必須ファイルが揃っています。

=== Service Worker先読み対象検証 ===
Service Worker先読み対象が揃っています（22件）。

=== 公開記事の3クリック以内検証 ===
公開記事のクリック深度: 137件、最大3クリック

=== 全回帰テスト ===
TAP version 13
# Subtest: the complete published article corpus keeps structural quality signals
ok 1 - the complete published article corpus keeps structural quality signals
  ---
  duration_ms: 59.778947
  type: 'test'
  ...
# Subtest: article hreflang links are reciprocal and use the Taiwan locale code
ok 2 - article hreflang links are reciprocal and use the Taiwan locale code
  ---
  duration_ms: 38.303919
  type: 'test'
  ...
# Subtest: rewritten gift-card guides contain verifiable checks, not permanent discount claims
ok 3 - rewritten gift-card guides contain verifiable checks, not permanent discount claims
  ---
  duration_ms: 1.03124
  type: 'test'
  ...
# Subtest: known overstatements do not return to published copy
ok 4 - known overstatements do not return to published copy
  ---
  duration_ms: 15.142568
  type: 'test'
  ...
# Subtest: missing mapped related section is inserted before article end
ok 5 - missing mapped related section is inserted before article end
  ---
  duration_ms: 2.013346
  type: 'test'
  ...
# Subtest: existing related section is preserved without duplication
ok 6 - existing related section is preserved without duplication
  ---
  duration_ms: 0.387937
  type: 'test'
  ...
# Subtest: mapped section containing only non-article links is replaced with curated article guides
ok 7 - mapped section containing only non-article links is replaced with curated article guides
  ---
  duration_ms: 0.559206
  type: 'test'
  ...
# Subtest: scope note is inserted after the lead answer and links to the paired page
ok 8 - scope note is inserted after the lead answer and links to the paired page
  ---
  duration_ms: 0.762914
  type: 'test'
  ...
# Subtest: check mode detects required changes and does not write
ok 9 - check mode detects required changes and does not write
  ---
  duration_ms: 5.983327
  type: 'test'
  ...
# Subtest: normalization is idempotent and validates related targets
ok 10 - normalization is idempotent and validates related targets
  ---
  duration_ms: 1.951732
  type: 'test'
  ...
# Subtest: validator rejects self links in a non-curated related section
ok 11 - validator rejects self links in a non-curated related section
  ---
  duration_ms: 0.633849
  type: 'test'
  ...
# Subtest: 通常のウィークリーリワードとPlay Pass週次特典を区別して案内する
ok 12 - 通常のウィークリーリワードとPlay Pass週次特典を区別して案内する
  ---
  duration_ms: 1.686953
  type: 'test'
  ...
# Subtest: 入門記事の獲得対象は現在の日本向け公式案内に合わせる
ok 13 - 入門記事の獲得対象は現在の日本向け公式案内に合わせる
  ---
  duration_ms: 0.431633
  type: 'test'
  ...
# Subtest: 週次特典を使う補足記事にもシルバー以上の条件を明記する
ok 14 - 週次特典を使う補足記事にもシルバー以上の条件を明記する
  ---
  duration_ms: 0.582481
  type: 'test'
  ...
# Subtest: ゲーム以外の記事は終了・未確認サービスを獲得対象と断定しない
ok 15 - ゲーム以外の記事は終了・未確認サービスを獲得対象と断定しない
  ---
  duration_ms: 0.438914
  type: 'test'
  ...
# Subtest: サブスク記事は現行の公式確認項目だけを例示する
ok 16 - サブスク記事は現行の公式確認項目だけを例示する
  ---
  duration_ms: 0.561149
  type: 'test'
  ...
# Subtest: ダイヤモンド記事は未公表の週次上限を事実扱いしない
ok 17 - ダイヤモンド記事は未公表の週次上限を事実扱いしない
  ---
  duration_ms: 0.364732
  type: 'test'
  ...
# Subtest: 反映時間は公式案内にない時間幅を断定しない
ok 18 - 反映時間は公式案内にない時間幅を断定しない
  ---
  duration_ms: 0.405964
  type: 'test'
  ...
# Subtest: 終了済みの2025年末から2026年正月予測には履歴記事の明示がある
ok 19 - 終了済みの2025年末から2026年正月予測には履歴記事の明示がある
  ---
  duration_ms: 0.467708
  type: 'test'
  ...
# Subtest: all quality-audit P1 article files exist
ok 20 - all quality-audit P1 article files exist
  ---
  duration_ms: 1.353087
  type: 'test'
  ...
# Subtest: all international P1 articles are protected as canonical manual content
ok 21 - all international P1 articles are protected as canonical manual content
  ---
  duration_ms: 0.212351
  type: 'test'
  ...
# Subtest: international P1 articles share a validated audit update date
ok 22 - international P1 articles share a validated audit update date
  ---
  duration_ms: 3.199491
  type: 'test'
  ...
# Subtest: Super Weekly Prize pages retain the verified ticket and eligibility boundaries
ok 23 - Super Weekly Prize pages retain the verified ticket and eligibility boundaries
  ---
  duration_ms: 1.38178
  type: 'test'
  ...
# Subtest: gift-card discount guides use authorized regional rules instead of a permanent seller ranking
ok 24 - gift-card discount guides use authorized regional rules instead of a permanent seller ranking
  ---
  duration_ms: 2.217274
  type: 'test'
  ...
# Subtest: free-benefit guides separate no-new-purchase benefits from planned purchases
ok 25 - free-benefit guides separate no-new-purchase benefits from planned purchases
  ---
  duration_ms: 0.844037
  type: 'test'
  ...
# Subtest: regional Platinum and Diamond pages expose official thresholds in the title and first screen
ok 26 - regional Platinum and Diamond pages expose official thresholds in the title and first screen
  ---
  duration_ms: 0.455479
  type: 'test'
  ...
# Subtest: country-difference pages are hubs for local level and country-change guides
ok 27 - country-difference pages are hubs for local level and country-change guides
  ---
  duration_ms: 0.497788
  type: 'test'
  ...
# Subtest: Japanese seasonal and Diamond guides preserve the new editorial framing
ok 28 - Japanese seasonal and Diamond guides preserve the new editorial framing
  ---
  duration_ms: 0.54865
  type: 'test'
  ...
# Subtest: 可視本文と一致するFAQPageは保持する
ok 29 - 可視本文と一致するFAQPageは保持する
  ---
  duration_ms: 26.284174
  type: 'test'
  ...
# Subtest: 本文と文言がずれたFAQPageは可視FAQへ同期する
ok 30 - 本文と文言がずれたFAQPageは可視FAQへ同期する
  ---
  duration_ms: 1.305164
  type: 'test'
  ...
# Subtest: 可視FAQが無いFAQPageだけを除去しArticleは残す
ok 31 - 可視FAQが無いFAQPageだけを除去しArticleは残す
  ---
  duration_ms: 0.346654
  type: 'test'
  ...
# Subtest: 既存robots指示を保ったままmax-image-previewをlargeへ統一する
ok 32 - 既存robots指示を保ったままmax-image-previewをlargeへ統一する
  ---
  duration_ms: 0.962576
  type: 'test'
  ...
# Subtest: robots metaが無い場合もhead内へ安全に追加する
ok 33 - robots metaが無い場合もhead内へ安全に追加する
  ---
  duration_ms: 0.350821
  type: 'test'
  ...
# Subtest: 4言語の記事ディレクトリだけを処理し、checkモードでは書き換えない
ok 34 - 4言語の記事ディレクトリだけを処理し、checkモードでは書き換えない
  ---
  duration_ms: 3.385702
  type: 'test'
  ...
# Subtest: 注意ページは既存モードをそのまま使える国を正確に分類する
ok 35 - 注意ページは既存モードをそのまま使える国を正確に分類する
  ---
  duration_ms: 0.874763
  type: 'test'
  ...
# Subtest: 似ているだけの国を完全一致として案内しない
ok 36 - 似ているだけの国を完全一致として案内しない
  ---
  duration_ms: 0.303169
  type: 'test'
  ...
# Subtest: 国をブラウザ言語だけで推測せず公式確認導線を残す
ok 37 - 国をブラウザ言語だけで推測せず公式確認導線を残す
  ---
  duration_ms: 0.313875
  type: 'test'
  ...
# Subtest: 注意ページの確認日をサイト全体の更新日で巻き戻さない
ok 38 - 注意ページの確認日をサイト全体の更新日で巻き戻さない
  ---
  duration_ms: 0.268537
  type: 'test'
  ...
# Subtest: static blog article links follow article registry titles and remain idempotent
ok 39 - static blog article links follow article registry titles and remain idempotent
  ---
  duration_ms: 4.01866
  type: 'test'
  ...
# Subtest: skeleton loading never references filtered results
ok 40 - skeleton loading never references filtered results
  ---
  duration_ms: 1.327298
  type: 'test'
  ...
# Subtest: result count is calculated inside render after filtering
ok 41 - result count is calculated inside render after filtering
  ---
  duration_ms: 1.113985
  type: 'test'
  ...
# Subtest: pagination, reset and category controls synchronize URL and active state
ok 42 - pagination, reset and category controls synchronize URL and active state
  ---
  duration_ms: 0.443891
  type: 'test'
  ...
# Subtest: sidebar ARIA state is synchronized in markup and runtime
ok 43 - sidebar ARIA state is synchronized in markup and runtime
  ---
  duration_ms: 0.27122
  type: 'test'
  ...
# Subtest: browser smoke covers the blog runtime flow
ok 44 - browser smoke covers the blog runtime flow
  ---
  duration_ms: 0.310069
  type: 'test'
  ...
# Subtest: production revision verification retries IPv4 network errors
ok 45 - production revision verification retries IPv4 network errors
  ---
  duration_ms: 0.218321
  type: 'test'
  ...
# Subtest: 地域別の公式レート・年間しきい値・通貨単位を固定する
ok 46 - 地域別の公式レート・年間しきい値・通貨単位を固定する
  ---
  duration_ms: 5.490676
  type: 'test'
  ...
# Subtest: 共通説明は年初再判定・残高と年間進捗の違いを公式URL付きで示す
ok 47 - 共通説明は年初再判定・残高と年間進捗の違いを公式URL付きで示す
  ---
  duration_ms: 0.474928
  type: 'test'
  ...
# Subtest: トップは倍率と直接レートを代替入力として説明し、入力境界をHTMLでも制約する
ok 48 - トップは倍率と直接レートを代替入力として説明し、入力境界をHTMLでも制約する
  ---
  duration_ms: 0.56835
  type: 'test'
  ...
# Subtest: 4言語トップは対象条件・保存範囲・aria-labelを初期表示から翻訳する
ok 49 - 4言語トップは対象条件・保存範囲・aria-labelを初期表示から翻訳する
  ---
  duration_ms: 1.658329
  type: 'test'
  ...
# Subtest: 海外の既存ギフトカード割引記事を記事ハブと人向けサイトマップから発見できる
ok 50 - 海外の既存ギフトカード割引記事を記事ハブと人向けサイトマップから発見できる
  ---
  duration_ms: 0.58847
  type: 'test'
  ...
# Subtest: アプリモジュール変更がService Worker用の指紋を必ず変える
ok 51 - アプリモジュール変更がService Worker用の指紋を必ず変える
  ---
  duration_ms: 1.591818
  type: 'test'
  ...
# Subtest: 記事一覧は4つの検索意図カテゴリだけを使う
ok 52 - 記事一覧は4つの検索意図カテゴリだけを使う
  ---
  duration_ms: 2.185316
  type: 'test'
  ...
# Subtest: 反映トラブルの重複記事は新しい包括記事へ恒久統合する
ok 53 - 反映トラブルの重複記事は新しい包括記事へ恒久統合する
  ---
  duration_ms: 2.420312
  type: 'test'
  ...
# Subtest: 主要検索記事は即答と判明・不明の境界を静的HTMLで示す
ok 54 - 主要検索記事は即答と判明・不明の境界を静的HTMLで示す
  ---
  duration_ms: 1.911972
  type: 'test'
  ...
# Subtest: 既存CTAの有無にかかわらず記事冒頭近くへ計算導線を置く
ok 55 - 既存CTAの有無にかかわらず記事冒頭近くへ計算導線を置く
  ---
  duration_ms: 0.424873
  type: 'test'
  ...
# Subtest: 引用用比較表は恒久URL・固定アンカー・一次情報を持つ
ok 56 - 引用用比較表は恒久URL・固定アンカー・一次情報を持つ
  ---
  duration_ms: 1.009828
  type: 'test'
  ...
# Subtest: 公開記事はトップから3クリック以内で到達できる
ok 57 - 公開記事はトップから3クリック以内で到達できる
  ---
  duration_ms: 67.502613
  type: 'test'
  ...
# Subtest: 深いURLでも同意管理スクリプトをサイトルートから読み込む
ok 58 - 深いURLでも同意管理スクリプトをサイトルートから読み込む
  ---
  duration_ms: 0.254585
  type: 'test'
  ...
# Subtest: デプロイは公開物だけを厳密にミラーし、除外物も本番から削除する
ok 59 - デプロイは公開物だけを厳密にミラーし、除外物も本番から削除する
  ---
  duration_ms: 1.439057
  type: 'test'
  ...
# Subtest: 移設済み・非公開・統合済みの旧パスをXserver上の実体で検査する
ok 60 - 移設済み・非公開・統合済みの旧パスをXserver上の実体で検査する
  ---
  duration_ms: 0.278912
  type: 'test'
  ...
# Subtest: 旧calculatorファイルを持たず301転送だけを維持する
ok 61 - 旧calculatorファイルを持たず301転送だけを維持する
  ---
  duration_ms: 0.344612
  type: 'test'
  ...
# Subtest: 全階層のindex.htmlを階層を保った正規URLへ301転送する
ok 62 - 全階層のindex.htmlを階層を保った正規URLへ301転送する
  ---
  duration_ms: 0.249808
  type: 'test'
  ...
# Subtest: デプロイスクリプトのBash構文が有効である
ok 63 - デプロイスクリプトのBash構文が有効である
  ---
  duration_ms: 8.648765
  type: 'test'
  ...
# Subtest: PlayPointと無関係なツールはKatakataLabへ移設し旧URLを恒久転送する
ok 64 - PlayPointと無関係なツールはKatakataLabへ移設し旧URLを恒久転送する
  ---
  duration_ms: 1.593801
  type: 'test'
  ...
# Subtest: 公開HTMLと生成元にサイト内遷移用UTMを残さない
ok 65 - 公開HTMLと生成元にサイト内遷移用UTMを残さない
  ---
  duration_ms: 32.225508
  type: 'test'
  ...
# Subtest: プライバシー文書はWeb版と認定CMPの運用に一致する
ok 66 - プライバシー文書はWeb版と認定CMPの運用に一致する
  ---
  duration_ms: 0.677045
  type: 'test'
  ...
# Subtest: 再訪と配布の主要イベントだけを許可する
ok 67 - 再訪と配布の主要イベントだけを許可する
  ---
  duration_ms: 0.87913
  type: 'test'
  ...
# Subtest: ウィジェット作成ページは狭い画面でグリッド内容をはみ出させない
ok 68 - ウィジェット作成ページは狭い画面でグリッド内容をはみ出させない
  ---
  duration_ms: 0.381417
  type: 'test'
  ...
# ok - 実ユーザー速度は同意後に匿名区分だけを計測する
# ok - トップページに年間グラフと独自計算図がある
# ok - ビルド後HTMLは外部Google Fontsへ接続しない
# ok - Search ConsoleとGA4の運用手順が実行可能な粒度で残る
# ok - 運営者ページに検証工程と外部プロフィールの関係を明示する
# ok - 今回はWeb Share APIを追加しない
# Subtest: tests/growth-priority.test.cjs
ok 13 - tests/growth-priority.test.cjs
  ---
  duration_ms: 62.834645
  type: 'test'
  ...
# Subtest: mapWithConcurrencyは指定した同時実行数を超えず入力順を保持する
ok 70 - mapWithConcurrencyは指定した同時実行数を超えず入力順を保持する
  ---
  duration_ms: 17.520841
  type: 'test'
  ...
# Subtest: mapWithConcurrencyは一件の失敗後も残りを検査する
ok 71 - mapWithConcurrencyは一件の失敗後も残りを検査する
  ---
  duration_ms: 0.431853
  type: 'test'
  ...
# Subtest: retryは失敗対象だけを指定回数まで再試行する
ok 72 - retryは失敗対象だけを指定回数まで再試行する
  ---
  duration_ms: 3.295396
  type: 'test'
  ...
# Subtest: 機種変更記事は独立した検索意図と症状別の確認導線を持つ
ok 73 - 機種変更記事は独立した検索意図と症状別の確認導線を持つ
  ---
  duration_ms: 1.523465
  type: 'test'
  ...
# Subtest: 既存記事が履歴・週次特典・交換先の主担当として必要情報を持つ
ok 74 - 既存記事が履歴・週次特典・交換先の主担当として必要情報を持つ
  ---
  duration_ms: 2.202862
  type: 'test'
  ...
# Subtest: 機種変更記事のFAQ本文とFAQPage構造化データは一致する
ok 75 - 機種変更記事のFAQ本文とFAQPage構造化データは一致する
  ---
  duration_ms: 2.402845
  type: 'test'
  ...
# Subtest: 記事台帳のid・file・titleは重複せず、登録先ファイルが存在する
ok 76 - 記事台帳のid・file・titleは重複せず、登録先ファイルが存在する
  ---
  duration_ms: 1.357333
  type: 'test'
  ...
# Subtest: 国・地域別の実用記事を3言語で十分な本文として公開する
ok 77 - 国・地域別の実用記事を3言語で十分な本文として公開する
  ---
  duration_ms: 11.057919
  type: 'test'
  ...
# Subtest: 言語別記事一覧と専用サイトマップから対象ページを発見できる
ok 78 - 言語別記事一覧と専用サイトマップから対象ページを発見できる
  ---
  duration_ms: 0.636664
  type: 'test'
  ...
# Subtest: 国際記事内のローカルリンク先が存在する
ok 79 - 国際記事内のローカルリンク先が存在する
  ---
  duration_ms: 4.201982
  type: 'test'
  ...
# Subtest: 日本語では重複する残高併用記事を追加しない
ok 80 - 日本語では重複する残高併用記事を追加しない
  ---
  duration_ms: 0.364211
  type: 'test'
  ...
# Subtest: クーポン・Playクレジット問題解決記事は4言語でSEO公開要件を満たす
ok 81 - クーポン・Playクレジット問題解決記事は4言語でSEO公開要件を満たす
  ---
  duration_ms: 4.649153
  type: 'test'
  ...
# Subtest: 専用サイトマップは8記事と完全なhreflangを持ちrobots.txtから発見できる
ok 82 - 専用サイトマップは8記事と完全なhreflangを持ちrobots.txtから発見できる
  ---
  duration_ms: 0.426696
  type: 'test'
  ...
# Subtest: 言語別一覧・人向けサイトマップ・日本語ブログから記事を発見できる
ok 83 - 言語別一覧・人向けサイトマップ・日本語ブログから記事を発見できる
  ---
  duration_ms: 0.905791
  type: 'test'
  ...
# Subtest: 新規記事のサイト内リンク先はすべて存在する
ok 84 - 新規記事のサイト内リンク先はすべて存在する
  ---
  duration_ms: 3.788672
  type: 'test'
  ...
# Subtest: 海外向け維持計算は地域別の公式門檻・積点率・通貨を分ける
ok 85 - 海外向け維持計算は地域別の公式門檻・積点率・通貨を分ける
  ---
  duration_ms: 7.196478
  type: 'test'
  ...
# Subtest: 地域外の維持門檻や通貨を流用していない
ok 86 - 地域外の維持門檻や通貨を流用していない
  ---
  duration_ms: 1.006462
  type: 'test'
  ...
# Subtest: 維持計算ロジックは不足点・通常時・倍率・年末ペースを計算する
ok 87 - 維持計算ロジックは不足点・通常時・倍率・年末ペースを計算する
  ---
  duration_ms: 0.318712
  type: 'test'
  ...
# Subtest: 日本語既存ページと海外6ページは完全なhreflangで相互接続する
ok 88 - 日本語既存ページと海外6ページは完全なhreflangで相互接続する
  ---
  duration_ms: 2.320029
  type: 'test'
  ...
# Subtest: 専用サイトマップ・robots・一覧から地域別維持計算を発見できる
ok 89 - 専用サイトマップ・robots・一覧から地域別維持計算を発見できる
  ---
  duration_ms: 0.928024
  type: 'test'
  ...
# Subtest: 生成設定は手書き維持計算を上書きせずサイトマップ対象に保つ
ok 90 - 生成設定は手書き維持計算を上書きせずサイトマップ対象に保つ
  ---
  duration_ms: 10.324299
  type: 'test'
  ...
# Subtest: 維持解説・比較記事から同一地域の計算ページへ進める
ok 91 - 維持解説・比較記事から同一地域の計算ページへ進める
  ---
  duration_ms: 0.866391
  type: 'test'
  ...
# Subtest: manual multilingual guide links survive regeneration exactly once
ok 92 - manual multilingual guide links survive regeneration exactly once
  ---
  duration_ms: 8.218193
  type: 'test'
  ...
# Subtest: プラチナ・ダイヤモンド比較は地域別公式数値と計算条件を明示する
ok 93 - プラチナ・ダイヤモンド比較は地域別公式数値と計算条件を明示する
  ---
  duration_ms: 1.934376
  type: 'test'
  ...
# Subtest: 地域の通貨とランク条件を他地域から流用していない
ok 94 - 地域の通貨とランク条件を他地域から流用していない
  ---
  duration_ms: 1.544287
  type: 'test'
  ...
# Subtest: 専用サイトマップと記事一覧から4言語ページを発見できる
ok 95 - 専用サイトマップと記事一覧から4言語ページを発見できる
  ---
  duration_ms: 0.54912
  type: 'test'
  ...
# Subtest: 日本語記事データと配信ファイルの更新日・説明が一致する
ok 96 - 日本語記事データと配信ファイルの更新日・説明が一致する
  ---
  duration_ms: 0.653318
  type: 'test'
  ...
# Subtest: 独立管理の記事は生成処理で上書きされずサイトマップ対象に残る
ok 97 - 独立管理の記事は生成処理で上書きされずサイトマップ対象に残る
  ---
  duration_ms: 1.329531
  type: 'test'
  ...
# Subtest: ランク維持記事は4言語で相互接続され公式条件とSEO要件を満たす
ok 98 - ランク維持記事は4言語で相互接続され公式条件とSEO要件を満たす
  ---
  duration_ms: 2.61732
  type: 'test'
  ...
# Subtest: 日本語の既存記事と記事データは同じ更新日を持つ
ok 99 - 日本語の既存記事と記事データは同じ更新日を持つ
  ---
  duration_ms: 1.790409
  type: 'test'
  ...
# Subtest: 専用サイトマップは4言語URLと完全なhreflangを持ちrobots.txtから発見できる
ok 100 - 専用サイトマップは4言語URLと完全なhreflangを持ちrobots.txtから発見できる
  ---
  duration_ms: 0.371862
  type: 'test'
  ...
# Subtest: 言語別一覧と人向けサイトマップから新しい記事へ移動できる
ok 101 - 言語別一覧と人向けサイトマップから新しい記事へ移動できる
  ---
  duration_ms: 0.706078
  type: 'test'
  ...
# Subtest: 新しい多言語記事のサイト内リンク先は存在する
ok 102 - 新しい多言語記事のサイト内リンク先は存在する
  ---
  duration_ms: 2.08907
  type: 'test'
  ...
# Subtest: 海外向け記事から日本円固定ページへ誘導しない
ok 103 - 海外向け記事から日本円固定ページへ誘導しない
  ---
  duration_ms: 16.323996
  type: 'test'
  ...
# Subtest: ギフトカード購入・登録と対象コンテンツ購入を分離して説明する
ok 104 - ギフトカード購入・登録と対象コンテンツ購入を分離して説明する
  ---
  duration_ms: 0.512225
  type: 'test'
  ...
# Subtest: 영문 구독 가이드는 적격 Google Play 구독의 적립 가능성을 직접 답한다
ok 105 - 영문 구독 가이드는 적격 Google Play 구독의 적립 가능성을 직접 답한다
  ---
  duration_ms: 0.232753
  type: 'test'
  ...
# Subtest: Super Weekly Prize와 Super Ticket의 공식 명칭과 계정 한정을 유지한다
ok 106 - Super Weekly Prize와 Super Ticket의 공식 명칭과 계정 한정을 유지한다
  ---
  duration_ms: 0.526998
  type: 'test'
  ...
# Subtest: 영문 수치 기사는 미국 기준임을 명시한다
ok 107 - 영문 수치 기사는 미국 기준임을 명시한다
  ---
  duration_ms: 0.518214
  type: 'test'
  ...
# Subtest: regional guide set exists in all three locales
ok 108 - regional guide set exists in all three locales
  ---
  duration_ms: 1.593922
  type: 'test'
  ...
# Subtest: every regional article has reciprocal hreflang links
ok 109 - every regional article has reciprocal hreflang links
  ---
  duration_ms: 3.123725
  type: 'test'
  ...
# Subtest: regional level thresholds and earning units are not mixed
ok 110 - regional level thresholds and earning units are not mixed
  ---
  duration_ms: 0.683644
  type: 'test'
  ...
# Subtest: Silver strategy uses regional thresholds and positive value framing
ok 111 - Silver strategy uses regional thresholds and positive value framing
  ---
  duration_ms: 0.685407
  type: 'test'
  ...
# Subtest: promotion articles state no stacking, highest rate, pre-tax and rounding
ok 112 - promotion articles state no stacking, highest rate, pre-tax and rounding
  ---
  duration_ms: 0.644245
  type: 'test'
  ...
# Subtest: country-change guides warn that points and level do not transfer
ok 113 - country-change guides warn that points and level do not transfer
  ---
  duration_ms: 1.431656
  type: 'test'
  ...
# Subtest: localized Silver landing pages use the correct threshold and article route
ok 114 - localized Silver landing pages use the correct threshold and article route
  ---
  duration_ms: 0.481638
  type: 'test'
  ...
# Subtest: manual article source list preserves all regional guides
ok 115 - manual article source list preserves all regional guides
  ---
  duration_ms: 0.436861
  type: 'test'
  ...
# Subtest: reward and quest topics have complete Japanese, English, Korean and Taiwan clusters
ok 116 - reward and quest topics have complete Japanese, English, Korean and Taiwan clusters
  ---
  duration_ms: 3.759397
  type: 'test'
  ...
# Subtest: new international guides are substantial, sourced and usable instead of thin translations
ok 117 - new international guides are substantial, sourced and usable instead of thin translations
  ---
  duration_ms: 4.222749
  type: 'test'
  ...
# Subtest: Super Weekly Reward articles explain stock and the Super Ticket trade-off without promising premium prizes
ok 118 - Super Weekly Reward articles explain stock and the Super Ticket trade-off without promising premium prizes
  ---
  duration_ms: 1.77837
  type: 'test'
  ...
# Subtest: quest articles cover account-specific conditions, qualifying purchases, sign-in and refunds
ok 119 - quest articles cover account-specific conditions, qualifying purchases, sign-in and refunds
  ---
  duration_ms: 1.15001
  type: 'test'
  ...
# Subtest: locale indexes and the dedicated sitemap expose all six new international guides
ok 120 - locale indexes and the dedicated sitemap expose all six new international guides
  ---
  duration_ms: 2.740886
  type: 'test'
  ...
# Subtest: ポイント利用・参加条件記事は3言語でSEO公開要件を満たす
ok 121 - ポイント利用・参加条件記事は3言語でSEO公開要件を満たす
  ---
  duration_ms: 2.419821
  type: 'test'
  ...
# Subtest: 専用サイトマップは6記事を公開しrobots.txtから発見できる
ok 122 - 専用サイトマップは6記事を公開しrobots.txtから発見できる
  ---
  duration_ms: 1.03802
  type: 'test'
  ...
# Subtest: 新規記事のサイト内リンク先は存在する
ok 123 - 新規記事のサイト内リンク先は存在する
  ---
  duration_ms: 2.308312
  type: 'test'
  ...
# Subtest: 週次特典と複数アカウント記事は3言語で公開要件を満たす
ok 124 - 週次特典と複数アカウント記事は3言語で公開要件を満たす
  ---
  duration_ms: 2.893127
  type: 'test'
  ...
# Subtest: 新規記事は同一言語内で相互に接続される
ok 125 - 新規記事は同一言語内で相互に接続される
  ---
  duration_ms: 0.799299
  type: 'test'
  ...
# Subtest: 国際ガイド専用サイトマップをrobots.txtから発見できる
ok 126 - 国際ガイド専用サイトマップをrobots.txtから発見できる
  ---
  duration_ms: 0.484843
  type: 'test'
  ...
# Subtest: 新規国際記事のローカルリンク先はすべて存在する
ok 127 - 新規国際記事のローカルリンク先はすべて存在する
  ---
  duration_ms: 2.537659
  type: 'test'
  ...
# Subtest: 日本語のランク総合記事が5段階と判定値の違いを説明する
ok 128 - 日本語のランク総合記事が5段階と判定値の違いを説明する
  ---
  duration_ms: 1.505427
  type: 'test'
  ...
# Subtest: 登録できない記事が参加条件を順番に切り分ける
ok 129 - 登録できない記事が参加条件を順番に切り分ける
  ---
  duration_ms: 0.373645
  type: 'test'
  ...
# Subtest: 国変更記事がポイント・残高・変更条件を混同しない
ok 130 - 国変更記事がポイント・残高・変更条件を混同しない
  ---
  duration_ms: 0.491774
  type: 'test'
  ...
# Subtest: 倍率記事が直接レートと倍率入力を足し合わせない
ok 131 - 倍率記事が直接レートと倍率入力を足し合わせない
  ---
  duration_ms: 1.246586
  type: 'test'
  ...
# Subtest: シルバー記事が購入予定と高い獲得率を組み合わせる
ok 132 - シルバー記事が購入予定と高い獲得率を組み合わせる
  ---
  duration_ms: 0.537383
  type: 'test'
  ...
# Subtest: ウィークリー記事が通常リワードとPlay Pass週次特典を分離する
ok 133 - ウィークリー記事が通常リワードとPlay Pass週次特典を分離する
  ---
  duration_ms: 0.465704
  type: 'test'
  ...
# Subtest: ランク記事からシルバーのお得記事へ重複なく移動できる
ok 134 - ランク記事からシルバーのお得記事へ重複なく移動できる
  ---
  duration_ms: 0.537032
  type: 'test'
  ...
# Subtest: シルバー計算入口の上部からお得記事へ移動できる
ok 135 - シルバー計算入口の上部からお得記事へ移動できる
  ---
  duration_ms: 0.329278
  type: 'test'
  ...
# Subtest: 倍率キャンペーン入口からシルバーのお得記事へ移動できる
ok 136 - 倍率キャンペーン入口からシルバーのお得記事へ移動できる
  ---
  duration_ms: 0.851568
  type: 'test'
  ...
# Subtest: 記事一覧へ新規5本が重複なく登録される
ok 137 - 記事一覧へ新規5本が重複なく登録される
  ---
  duration_ms: 0.981354
  type: 'test'
  ...
# Subtest: 最新情報ハブは確認範囲・公式参照・確認日を明示する
ok 138 - 最新情報ハブは確認範囲・公式参照・確認日を明示する
  ---
  duration_ms: 1.401561
  type: 'test'
  ...
# Subtest: 最新情報ハブは週次3制度とクエストを別項目として扱う
ok 139 - 最新情報ハブは週次3制度とクエストを別項目として扱う
  ---
  duration_ms: 0.29083
  type: 'test'
  ...
# Subtest: 生成処理は確認していない日に最新情報ハブの日付を進めない
ok 140 - 生成処理は確認していない日に最新情報ハブの日付を進めない
  ---
  duration_ms: 0.117719
  type: 'test'
  ...
# Subtest: 鮮度検査は14日を超えた確認日を検出する
ok 141 - 鮮度検査は14日を超えた確認日を検出する
  ---
  duration_ms: 1.453519
  type: 'test'
  ...
# Subtest: 運用手順は日付だけの更新と個別オファーの一般化を禁止する
ok 142 - 運用手順は日付だけの更新と個別オファーの一般化を禁止する
  ---
  duration_ms: 0.282628
  type: 'test'
  ...
# Subtest: 通常計算は自動入力される獲得率と倍率を主画面に残し、平均パック額を表示しない
ok 143 - 通常計算は自動入力される獲得率と倍率を主画面に残し、平均パック額を表示しない
  ---
  duration_ms: 1.217883
  type: 'test'
  ...
# Subtest: 4言語に自動入力の獲得率と通常倍率の文言が用意されている
ok 144 - 4言語に自動入力の獲得率と通常倍率の文言が用意されている
  ---
  duration_ms: 0.361968
  type: 'test'
  ...
# Subtest: 初期化前にDOMを組み替え、地域更新時に文言も更新する
ok 145 - 初期化前にDOMを組み替え、地域更新時に文言も更新する
  ---
  duration_ms: 0.311631
  type: 'test'
  ...
# Subtest: 既存の主要入力IDと共有URL仕様を維持する
ok 146 - 既存の主要入力IDと共有URL仕様を維持する
  ---
  duration_ms: 2.234801
  type: 'test'
  ...
# Subtest: UIモジュールを圧縮・版管理・Service Workerの対象に含める
ok 147 - UIモジュールを圧縮・版管理・Service Workerの対象に含める
  ---
  duration_ms: 0.347176
  type: 'test'
  ...
# Subtest: main.jsは初期化と画面調停に集中し独立責務を各モジュールへ委譲する
ok 148 - main.jsは初期化と画面調停に集中し独立責務を各モジュールへ委譲する
  ---
  duration_ms: 1.246676
  type: 'test'
  ...
# Subtest: 分離した責務の実装と既存イベント名は専用モジュールに保持する
ok 149 - 分離した責務の実装と既存イベント名は専用モジュールに保持する
  ---
  duration_ms: 0.415249
  type: 'test'
  ...
# Subtest: 新しい実行時モジュールは圧縮・キャッシュ更新・オフライン先読みに含める
ok 150 - 新しい実行時モジュールは圧縮・キャッシュ更新・オフライン先読みに含める
  ---
  duration_ms: 0.421498
  type: 'test'
  ...
# [manual-intl] restored canonical article content: 40
# Subtest: 地域別に手動確認した記事の正本一覧を固定する
ok 151 - 地域別に手動確認した記事の正本一覧を固定する
  ---
  duration_ms: 2.996173
  type: 'test'
  ...
# Subtest: 手動正本の公開日・更新日・last-modifiedを一致させる
ok 152 - 手動正本の公開日・更新日・last-modifiedを一致させる
  ---
  duration_ms: 4.95076
  type: 'test'
  ...
# Subtest: 国際記事台帳は手動正本の日付を自動採用する
ok 153 - 国際記事台帳は手動正本の日付を自動採用する
  ---
  duration_ms: 2.023802
  type: 'test'
  ...
# Subtest: ビルドは国際記事生成の直前に退避し直後に復元する
ok 154 - ビルドは国際記事生成の直前に退避し直後に復元する
  ---
  duration_ms: 0.21136
  type: 'test'
  ...
# Subtest: 生成処理で上書きされても手動記事を完全に復元できる
ok 155 - 生成処理で上書きされても手動記事を完全に復元できる
  ---
  duration_ms: 10.361586
  type: 'test'
  ...
# {
#   "profile": "calculatorHome",
#   "files": [
#     "/tmp/playpoint-phase1-u09NI8/calculator-home-1.json",
#     "/tmp/playpoint-phase1-u09NI8/calculator-home-2.json",
#     "/tmp/playpoint-phase1-u09NI8/calculator-home-3.json"
#   ],
#   "urls": [
#     "https://playpoint-sim.com/",
#     "https://playpoint-sim.com/",
#     "https://playpoint-sim.com/"
#   ],
#   "aggregation": "median",
#   "sampleCount": 3,
#   "requiredSamples": 3,
#   "sampleMetrics": [
#     {
#       "performanceScore": 0.83,
#       "largestContentfulPaintMs": 3500,
#       "totalBlockingTimeMs": 5,
#       "cumulativeLayoutShift": 0.07,
#       "totalByteWeight": 295000
#     },
#     {
#       "performanceScore": 0.83,
#       "largestContentfulPaintMs": 3550,
#       "totalBlockingTimeMs": 5,
#       "cumulativeLayoutShift": 0.07,
#       "totalByteWeight": 295000
#     },
#     {
#       "performanceScore": 0.83,
#       "largestContentfulPaintMs": 5000,
#       "totalBlockingTimeMs": 5,
#       "cumulativeLayoutShift": 0.07,
#       "totalByteWeight": 295000
#     }
#   ],
#   "metrics": {
#     "performanceScore": 0.83,
#     "largestContentfulPaintMs": 3550,
#     "totalBlockingTimeMs": 5,
#     "cumulativeLayoutShift": 0.07,
#     "totalByteWeight": 295000
#   },
#   "hardBudgets": {
#     "performanceScore": 0.65,
#     "largestContentfulPaintMs": 3600,
#     "totalBlockingTimeMs": 1800,
#     "cumulativeLayoutShift": 0.15,
#     "totalByteWeight": 358400
#   },
#   "nextTargets": {
#     "performanceScore": 0.8,
#     "largestContentfulPaintMs": 2500,
#     "totalBlockingTimeMs": 600,
#     "cumulativeLayoutShift": 0.1,
#     "totalByteWeight": 307200
#   },
#   "failures": [],
#   "targetWarnings": [
#     "largestContentfulPaintMs: 3550（基準: 2500以下）"
#   ]
# }
# {
#   "profile": "calculatorHome",
#   "files": [
#     "/tmp/playpoint-phase1-MfZsiO/calculator-home-1.json",
#     "/tmp/playpoint-phase1-MfZsiO/calculator-home-2.json",
#     "/tmp/playpoint-phase1-MfZsiO/calculator-home-3.json"
#   ],
#   "urls": [
#     "https://playpoint-sim.com/",
#     "https://playpoint-sim.com/",
#     "https://playpoint-sim.com/"
#   ],
#   "aggregation": "median",
#   "sampleCount": 3,
#   "requiredSamples": 3,
#   "sampleMetrics": [
#     {
#       "performanceScore": 0.83,
#       "largestContentfulPaintMs": 3500,
#       "totalBlockingTimeMs": 5,
#       "cumulativeLayoutShift": 0.07,
#       "totalByteWeight": 295000
#     },
#     {
#       "performanceScore": 0.83,
#       "largestContentfulPaintMs": 3700,
#       "totalBlockingTimeMs": 5,
#       "cumulativeLayoutShift": 0.07,
#       "totalByteWeight": 295000
#     },
#     {
#       "performanceScore": 0.83,
#       "largestContentfulPaintMs": 3800,
#       "totalBlockingTimeMs": 5,
#       "cumulativeLayoutShift": 0.07,
#       "totalByteWeight": 295000
#     }
#   ],
#   "metrics": {
#     "performanceScore": 0.83,
#     "largestContentfulPaintMs": 3700,
#     "totalBlockingTimeMs": 5,
#     "cumulativeLayoutShift": 0.07,
#     "totalByteWeight": 295000
#   },
#   "hardBudgets": {
#     "performanceScore": 0.65,
#     "largestContentfulPaintMs": 3600,
#     "totalBlockingTimeMs": 1800,
#     "cumulativeLayoutShift": 0.15,
#     "totalByteWeight": 358400
#   },
#   "nextTargets": {
#     "performanceScore": 0.8,
#     "largestContentfulPaintMs": 2500,
#     "totalBlockingTimeMs": 600,
#     "cumulativeLayoutShift": 0.1,
#     "totalByteWeight": 307200
#   },
#   "failures": [
#     "largestContentfulPaintMs: 3700（基準: 3600以下）"
#   ],
#   "targetWarnings": [
#     "largestContentfulPaintMs: 3700（基準: 2500以下）"
#   ]
# }
# {
#   "profile": "calculatorHome",
#   "files": [
#     "/tmp/playpoint-phase1-68z6YL/calculator-home-1.json",
#     "/tmp/playpoint-phase1-68z6YL/calculator-home-2.json"
#   ],
#   "urls": [
#     "https://playpoint-sim.com/",
#     "https://playpoint-sim.com/"
#   ],
#   "aggregation": "median",
#   "sampleCount": 2,
#   "requiredSamples": 3,
#   "sampleMetrics": [
#     {
#       "performanceScore": 0.83,
#       "largestContentfulPaintMs": 3400,
#       "totalBlockingTimeMs": 5,
#       "cumulativeLayoutShift": 0.07,
#       "totalByteWeight": 295000
#     },
#     {
#       "performanceScore": 0.83,
#       "largestContentfulPaintMs": 3450,
#       "totalBlockingTimeMs": 5,
#       "cumulativeLayoutShift": 0.07,
#       "totalByteWeight": 295000
#     }
#   ],
#   "metrics": {
#     "performanceScore": 0.83,
#     "largestContentfulPaintMs": 3425,
#     "totalBlockingTimeMs": 5,
#     "cumulativeLayoutShift": 0.07,
#     "totalByteWeight": 295000
#   },
#   "hardBudgets": {
#     "performanceScore": 0.65,
#     "largestContentfulPaintMs": 3600,
#     "totalBlockingTimeMs": 1800,
#     "cumulativeLayoutShift": 0.15,
#     "totalByteWeight": 358400
#   },
#   "nextTargets": {
#     "performanceScore": 0.8,
#     "largestContentfulPaintMs": 2500,
#     "totalBlockingTimeMs": 600,
#     "cumulativeLayoutShift": 0.1,
#     "totalByteWeight": 307200
#   },
#   "failures": [
#     "sampleCount: 2（基準: 3以上）"
#   ],
#   "targetWarnings": [
#     "largestContentfulPaintMs: 3425（基準: 2500以下）"
#   ]
# }
# [public-assets] synchronized content hashes: 1 files
# [article-static-usability] synchronized: 1
# [article-static-usability] synchronized: 0
# Subtest: 低性能Androidのハード予算が旧基準より厳しく、ページ別に設定されている
ok 156 - 低性能Androidのハード予算が旧基準より厳しく、ページ別に設定されている
  ---
  duration_ms: 1.532999
  type: 'test'
  ...
# Subtest: トップページは3回の中央値で判定し、単発の遅い外れ値に左右されない
ok 157 - トップページは3回の中央値で判定し、単発の遅い外れ値に左右されない
  ---
  duration_ms: 3.872348
  type: 'test'
  ...
# Subtest: トップページは3回中2回が上限超過なら中央値で失敗する
ok 158 - トップページは3回中2回が上限超過なら中央値で失敗する
  ---
  duration_ms: 1.56023
  type: 'test'
  ...
# Subtest: トップページの測定が3回未満なら性能値に関係なく失敗する
ok 159 - トップページの測定が3回未満なら性能値に関係なく失敗する
  ---
  duration_ms: 1.182169
  type: 'test'
  ...
# Subtest: Lighthouse 13のCLS要素・原因・長時間タスク・改善候補を抽出する
ok 160 - Lighthouse 13のCLS要素・原因・長時間タスク・改善候補を抽出する
  ---
  duration_ms: 1.086023
  type: 'test'
  ...
# Subtest: 性能ワークフローが本番同等成果物・3回測定・記事一覧・診断アーティファクトを検査する
ok 161 - 性能ワークフローが本番同等成果物・3回測定・記事一覧・診断アーティファクトを検査する
  ---
  duration_ms: 2.251075
  type: 'test'
  ...
# Subtest: modulepreloadと実スクリプトが同じ内容ハッシュへ同期される
ok 162 - modulepreloadと実スクリプトが同じ内容ハッシュへ同期される
  ---
  duration_ms: 3.577152
  type: 'test'
  ...
# Subtest: 記事の共通ヘッダーと計算機導線を生成時に一度だけ埋め込む
ok 163 - 記事の共通ヘッダーと計算機導線を生成時に一度だけ埋め込む
  ---
  duration_ms: 7.403811
  type: 'test'
  ...
# Subtest: 記事広告枠・静的ヘッダー・計算図が初期レイアウトを予約する
ok 164 - 記事広告枠・静的ヘッダー・計算図が初期レイアウトを予約する
  ---
  duration_ms: 0.908084
  type: 'test'
  ...
# Subtest: 記事一覧はモバイルで重いOGP画像を生成せず、デスクトップだけに画像を残す
ok 165 - 記事一覧はモバイルで重いOGP画像を生成せず、デスクトップだけに画像を残す
  ---
  duration_ms: 0.814792
  type: 'test'
  ...
# Subtest: 生成済み代表記事は初回HTMLからヘッダーと計算導線を持つ
ok 166 - 生成済み代表記事は初回HTMLからヘッダーと計算導線を持つ
  ---
  duration_ms: 0.364392
  type: 'test'
  ...
# Subtest: 日記は初期モジュールグラフと先読みから外し、利用時だけ動的読込する
ok 167 - 日記は初期モジュールグラフと先読みから外し、利用時だけ動的読込する
  ---
  duration_ms: 0.745548
  type: 'test'
  ...
# Subtest: Service Workerの初回キャッシュは必須シェルだけに絞り、重い任意資産は利用時キャッシュへ回す
ok 168 - Service Workerの初回キャッシュは必須シェルだけに絞り、重い任意資産は利用時キャッシュへ回す
  ---
  duration_ms: 0.25748
  type: 'test'
  ...
# Subtest: JPEG実体の既存OGP URLをimage/jpegとして配信する
ok 169 - JPEG実体の既存OGP URLをimage/jpegとして配信する
  ---
  duration_ms: 1.433789
  type: 'test'
  ...
# Subtest: デプロイ後のSEO検査は実際のOGP Content-Typeを確認する
ok 170 - デプロイ後のSEO検査は実際のOGP Content-Typeを確認する
  ---
  duration_ms: 0.229767
  type: 'test'
  ...
# Subtest: 記事CSSは外部化され、AdSense以外のinline styleを残さない
ok 171 - 記事CSSは外部化され、AdSense以外のinline styleを残さない
  ---
  duration_ms: 20.646916
  type: 'test'
  ...
# Subtest: 記事のローカルCSSは内容ハッシュ付きURLで参照する
ok 172 - 記事のローカルCSSは内容ハッシュ付きURLで参照する
  ---
  duration_ms: 13.281372
  type: 'test'
  ...
# Subtest: 記事のローカルJavaScriptも内容ハッシュ付きURLで参照する
ok 173 - 記事のローカルJavaScriptも内容ハッシュ付きURLで参照する
  ---
  duration_ms: 10.785322
  type: 'test'
  ...
# Subtest: 公開HTMLのローカルCSS・JavaScriptは実ファイルと一致する内容ハッシュを使う
ok 174 - 公開HTMLのローカルCSS・JavaScriptは実ファイルと一致する内容ハッシュを使う
  ---
  duration_ms: 82.873366
  type: 'test'
  ...
# Subtest: 画面外描画の最適化は長文下部だけに限定し、印刷時に解除する
ok 175 - 画面外描画の最適化は長文下部だけに限定し、印刷時に解除する
  ---
  duration_ms: 0.570854
  type: 'test'
  ...
# Subtest: バージョン付き資産だけを1年間immutableでキャッシュする
ok 176 - バージョン付き資産だけを1年間immutableでキャッシュする
  ---
  duration_ms: 0.338963
  type: 'test'
  ...
# Subtest: 低性能Android相当の定期Lighthouse検査を固定バージョンで実行する
ok 177 - 低性能Android相当の定期Lighthouse検査を固定バージョンで実行する
  ---
  duration_ms: 0.37686
  type: 'test'
  ...
# Subtest: 未参照だった旧共通CSSを公開物に残さない
ok 178 - 未参照だった旧共通CSSを公開物に残さない
  ---
  duration_ms: 0.200474
  type: 'test'
  ...
# Subtest: PRでは秘密情報を使わず一つのジョブで全事前検証を実行する
ok 179 - PRでは秘密情報を使わず一つのジョブで全事前検証を実行する
  ---
  duration_ms: 1.740734
  type: 'test'
  ...
# Subtest: 事前検証は全テストを自動収集し失敗工程を最後にまとめる
ok 180 - 事前検証は全テストを自動収集し失敗工程を最後にまとめる
  ---
  duration_ms: 0.326584
  type: 'test'
  ...
# Subtest: 事前検証は多言語の公開必須ファイル欠損を検出する
ok 181 - 事前検証は多言語の公開必須ファイル欠損を検出する
  ---
  duration_ms: 0.326744
  type: 'test'
  ...
# Subtest: Service Workerの全先読み対象をデプロイ前に検証する
ok 182 - Service Workerの全先読み対象をデプロイ前に検証する
  ---
  duration_ms: 0.298832
  type: 'test'
  ...
# Subtest: 通常の事前検証は生成・圧縮対象を元に戻しデプロイ時だけ保持する
ok 183 - 通常の事前検証は生成・圧縮対象を元に戻しデプロイ時だけ保持する
  ---
  duration_ms: 0.348888
  type: 'test'
  ...
# Subtest: ルートService Workerは画面遷移をネットワーク優先で更新する
ok 184 - ルートService Workerは画面遷移をネットワーク優先で更新する
  ---
  duration_ms: 0.274655
  type: 'test'
  ...
# Subtest: ルートキャッシュ世代は全共有アセット版から自動生成する
ok 185 - ルートキャッシュ世代は全共有アセット版から自動生成する
  ---
  duration_ms: 0.3434
  type: 'test'
  ...
# Subtest: アプリモジュールのキャッシュ世代は改行コードが違っても一致する
ok 186 - アプリモジュールのキャッシュ世代は改行コードが違っても一致する
  ---
  duration_ms: 9.14817
  type: 'test'
  ...
# Subtest: 本番確認はコミット状態と公開JSONの両方で完全一致を検証する
ok 187 - 本番確認はコミット状態と公開JSONの両方で完全一致を検証する
  ---
  duration_ms: 2.559202
  type: 'test'
  ...
# Subtest: 公開デプロイ状態は検証完了前と完了後を区別する
ok 188 - 公開デプロイ状態は検証完了前と完了後を区別する
  ---
  duration_ms: 2.163874
  type: 'test'
  ...
# Subtest: 本番デプロイは実行中ジョブを中断せず待機中の最新版だけを残す
ok 189 - 本番デプロイは実行中ジョブを中断せず待機中の最新版だけを残す
  ---
  duration_ms: 0.275597
  type: 'test'
  ...
# Subtest: HTTP検査は同時接続数を制限し失敗対象だけを再試行する
ok 190 - HTTP検査は同時接続数を制限し失敗対象だけを再試行する
  ---
  duration_ms: 0.307214
  type: 'test'
  ...
# Subtest: 外部Actionは固定SHAで実行しDependabotで月次更新する
ok 191 - 外部Actionは固定SHAで実行しDependabotで月次更新する
  ---
  duration_ms: 0.455869
  type: 'test'
  ...
# Subtest: 新規記事は記事台帳へ一意に登録される
ok 192 - 新規記事は記事台帳へ一意に登録される
  ---
  duration_ms: 1.796127
  type: 'test'
  ...
# Subtest: スーパーウィークリー記事は一般条件と個別条件を分離する
ok 193 - スーパーウィークリー記事は一般条件と個別条件を分離する
  ---
  duration_ms: 2.582226
  type: 'test'
  ...
# Subtest: クエスト記事は対象・購入・ログイン・返金条件を案内する
ok 194 - クエスト記事は対象・購入・ログイン・返金条件を案内する
  ---
  duration_ms: 0.447777
  type: 'test'
  ...
# Subtest: 週次親記事は3制度を比較し日記を主要導線にする
ok 195 - 週次親記事は3制度を比較し日記を主要導線にする
  ---
  duration_ms: 0.437812
  type: 'test'
  ...
# Subtest: 無料獲得記事は無料・追加購入なし・有料条件を混同しない
ok 196 - 無料獲得記事は無料・追加購入なし・有料条件を混同しない
  ---
  duration_ms: 0.603824
  type: 'test'
  ...
# Subtest: 買い切り購入と継続課金の記事は役割を相互案内する
ok 197 - 買い切り購入と継続課金の記事は役割を相互案内する
  ---
  duration_ms: 0.572446
  type: 'test'
  ...
# Subtest: 今回のPlay Points公式記事群へ第三者決済キャンペーンを混入させない
ok 198 - 今回のPlay Points公式記事群へ第三者決済キャンペーンを混入させない
  ---
  duration_ms: 1.350312
  type: 'test'
  ...
# Subtest: 公式例のシルバー500円は6ポイントへ丸める
ok 199 - 公式例のシルバー500円は6ポイントへ丸める
  ---
  duration_ms: 1.485968
  type: 'test'
  ...
# Subtest: 購入ごとの丸めと総額への一度だけの丸めを分ける
ok 200 - 購入ごとの丸めと総額への一度だけの丸めを分ける
  ---
  duration_ms: 0.273474
  type: 'test'
  ...
# Subtest: 丸め関数は非負のポイントを最も近い整数へ丸める
ok 201 - 丸め関数は非負のポイントを最も近い整数へ丸める
  ---
  duration_ms: 0.589572
  type: 'test'
  ...
# Subtest: 不正な購入回数と獲得率を拒否する
ok 202 - 不正な購入回数と獲得率を拒否する
  ---
  duration_ms: 0.339443
  type: 'test'
  ...
# Subtest: 記事は税抜・四捨五入・機能の限界を明示する
ok 203 - 記事は税抜・四捨五入・機能の限界を明示する
  ---
  duration_ms: 1.530095
  type: 'test'
  ...
# Subtest: 記事冒頭は通常獲得率と交換価値を分けて即答する
ok 204 - 記事冒頭は通常獲得率と交換価値を分けて即答する
  ---
  duration_ms: 0.531554
  type: 'test'
  ...
# Subtest: 記事固有の導線だけを1つずつ表示し、自動導線の重複を防ぐ
ok 205 - 記事固有の導線だけを1つずつ表示し、自動導線の重複を防ぐ
  ---
  duration_ms: 0.486426
  type: 'test'
  ...
# Subtest: スマホでは比較表をカード表示し、主要操作を画面幅いっぱいにする
ok 206 - スマホでは比較表をカード表示し、主要操作を画面幅いっぱいにする
  ---
  duration_ms: 0.702764
  type: 'test'
  ...
# Subtest: FAQと補助導線は主要目次へ混入しない構造にする
ok 207 - FAQと補助導線は主要目次へ混入しない構造にする
  ---
  duration_ms: 0.765117
  type: 'test'
  ...
# Subtest: シミュレーターは差が見える初期例と利用限界を明示する
ok 208 - シミュレーターは差が見える初期例と利用限界を明示する
  ---
  duration_ms: 0.957749
  type: 'test'
  ...
# Subtest: 記事別の検証カード文言は生成元でも保持する
ok 209 - 記事別の検証カード文言は生成元でも保持する
  ---
  duration_ms: 0.619237
  type: 'test'
  ...
# Subtest: 画面のFAQとFAQPage構造化データが一致する
ok 210 - 画面のFAQとFAQPage構造化データが一致する
  ---
  duration_ms: 1.644708
  type: 'test'
  ...
# Subtest: 記事台帳は既存記事の役割を維持して更新日と説明を同期する
ok 211 - 記事台帳は既存記事の役割を維持して更新日と説明を同期する
  ---
  duration_ms: 2.166708
  type: 'test'
  ...
# Subtest: 海外向け案内は英語を全世界共通レートとして案内しない
ok 212 - 海外向け案内は英語を全世界共通レートとして案内しない
  ---
  duration_ms: 1.283191
  type: 'test'
  ...
# Subtest: 多言語トップの実行時記事リンクは各言語の記事一覧を指す
ok 213 - 多言語トップの実行時記事リンクは各言語の記事一覧を指す
  ---
  duration_ms: 4.605688
  type: 'test'
  ...
# Subtest: 日本語の必要ポイント例はあとがきにつながる実例1728を保つ
ok 214 - 日本語の必要ポイント例はあとがきにつながる実例1728を保つ
  ---
  duration_ms: 2.552973
  type: 'test'
  ...
# Subtest: 結果カードの見出しだけをブロック化し、金額の内訳は分断しない
ok 215 - 結果カードの見出しだけをブロック化し、金額の内訳は分断しない
  ---
  duration_ms: 0.501228
  type: 'test'
  ...
# Subtest: CSPは計測と広告品質確認で実際に使う接続先を許可する
ok 216 - CSPは計測と広告品質確認で実際に使う接続先を許可する
  ---
  duration_ms: 0.456461
  type: 'test'
  ...
# Subtest: 日記の景品選択には全言語で読み上げ可能な名前がある
ok 217 - 日記の景品選択には全言語で読み上げ可能な名前がある
  ---
  duration_ms: 2.116172
  type: 'test'
  ...
# Subtest: トップページは大きな画像プレビューとOGP画像サイズを明示する
ok 218 - トップページは大きな画像プレビューとOGP画像サイズを明示する
  ---
  duration_ms: 0.612927
  type: 'test'
  ...
# Subtest: 初期操作に必要なアプリモジュールは実際のimport URLと同じURLで先読みする
ok 219 - 初期操作に必要なアプリモジュールは実際のimport URLと同じURLで先読みする
  ---
  duration_ms: 1.644407
  type: 'test'
  ...
# Subtest: 日記の重複通知を表示せず、カレンダー登録は残す
ok 220 - 日記の重複通知を表示せず、カレンダー登録は残す
  ---
  duration_ms: 1.125303
  type: 'test'
  ...
# Subtest: 地域差案内は日本語トップでも英語の注意導線として表示する
ok 221 - 地域差案内は日本語トップでも英語の注意導線として表示する
  ---
  duration_ms: 1.226636
  type: 'test'
  ...
# Subtest: 計算方法と検証方針を全言語で本文から確認できる
ok 222 - 計算方法と検証方針を全言語で本文から確認できる
  ---
  duration_ms: 1.220166
  type: 'test'
  ...
# Subtest: 広告と計測は初期表示後に低優先度で読み込む
ok 223 - 広告と計測は初期表示後に低優先度で読み込む
  ---
  duration_ms: 0.356109
  type: 'test'
  ...
# ok - 著者ページのOGP画像は実在する
# ok - 計算機は有限値とHTMLの上下限を検証する
# ok - ルートService WorkerはGETの許可対象だけを安定したキーでキャッシュする
# ok - GAとAdSenseは地域別Consent ModeとGoogle認定CMPに従う
# ok - 計測イベントは同意済みラッパー経由だけで送信する
# ok - ルートService Workerは自分のキャッシュだけを削除対象にする
# ok - ルートService Workerはprecache失敗時に壊れたまま有効化しない
# ok - デプロイ同期は公開不要な運用ファイルをルート限定で除外する
# ok - JSミニファイは文字列中のスラッシュコメント風テキストを壊さない
# ok - デプロイ時ミニファイはPlayPoint本体・ブログ・ウィジェットを対象にする
# ok - デプロイ前検証はミニファイ後JSの構文を確認する
# ok - CIデプロイはコミット済み成果物だけを公開する
# ok - デプロイ前JS構文検証はGitHub Actions用スクリプトも対象にする
# ok - 多言語トップはJS実行前の主要文言も翻訳済みにする
# ok - 同意済み計測はGA本体ロード前のイベントを短期キューへ保持する
# ok - Xserver同期後に本番スモークテストを実行する
# ok - Xserver同期後に本番SEOヘルスチェックを実行する
# ok - デプロイ検証の変更でもワークフローを実行する
# ok - デプロイ前検証は全テストをミニファイ前後に実行する
# ok - 本番スモークテストの期待文字列は配信元ファイルに存在する
# ok - 本番スモークテストは主要PlayPointページと言語トップを確認する
# Subtest: tests/playpoint-nine-fixes.test.cjs
ok 39 - tests/playpoint-nine-fixes.test.cjs
  ---
  duration_ms: 61.888014
  type: 'test'
  ...
# ok - ステータス選択の初期値はブロンズになる
# ok - 通常計算では現在ステータスから次のランクだけを目標にする
# ok - 前年からランクを引き継いだ場合も目標閾値全体を入力できる
# ok - 直接レートと倍率は代替入力として高い方と採用理由を返す
# ok - パック額未入力では購入ごとの丸めを仮定しない概算として表示する
# ok - パック額入力時は購入ごとの四捨五入で必要回数と合計額を計算する
# ok - 1回0ポイントになる購入額は概算へフォールバックせずエラーにする
# ok - 逆算モードは入力額を1回の購入として丸める前提を表示する
# ok - 金曜の開始時刻を過ぎたカレンダー登録は翌週を使う
# ok - 月平均の分母は年末までの残日数から切り上げ月数で計算する
# ok - 12月31日でも通常計算は合計必要額を表示する
# ok - 必要ポイントはHTMLの整数制約に違反する小数を拒否する
# ok - 記事件数は言語UI更新後に実際の件数で再描画する
# ok - フッターの運営者リンクは色だけに頼らず下線で区別する
# ok - モバイルのヘッダーリンクは内側余白を含めて画面幅に収める
# ok - デスクトップのトップバーは言語切替と補助リンクを同じ段に収める
# ok - 通常計算の結果は週平均と1日あたりの目安も表示する
# ok - 通常計算の結果は条件別関連記事を最大4件だけ結果の後に表示する
# ok - 計算結果の関連記事は検索意図別LPを優先する
# ok - 計算結果の下には金額や条件に応じた次の判断導線が出る
# ok - 英語トップはJS実行前のファーストビューに日本語の主要文言を残さない
# ok - 英語トップの日記エリアはJS実行前でも英語で読める
# ok - トップのSEO名はGoogle Play Points計算機を主名にし旧名を別名として残す
# ok - 多言語トップの英語名はGoogle Play Points Calculatorを先頭にする
# ok - 検索LPの上部には通常時と倍率別の即答表がある
# ok - READMEと正規化設定は公式URLだけを一次導線にする
# ok - 共有ボタンは結果アクション行にまとめて表示状態を切り替える
# ok - 検索意図別LPは条件付き計算リンクとSEO基本タグを持つ
# ok - ブログRSSとAtomフィードは発見可能で最新記事を含む
# ok - ブログフィード生成は単体でURL正規化・日付順・XMLエスケープを行う
# Successfully synchronized asset versions and dates in sample.html
# ok - HTML同期はアセットバージョンと日付表記を単体で更新する
# ok - HTML置換ヘルパーは日付メタデータと指定アセットだけを更新する
# not ok - Service Workerアセット同期は定義済みパスをバージョンキーで更新する
# /home/runner/work/PlayPoint/PlayPoint/tests/playpoint-regression.test.cjs:132
#     throw error;
#     ^
# AssertionError [ERR_ASSERTION]: Expected values to be strictly equal:
# 3 !== 11
#     at /home/runner/work/PlayPoint/PlayPoint/tests/playpoint-regression.test.cjs:898:10
#     at test (/home/runner/work/PlayPoint/PlayPoint/tests/playpoint-regression.test.cjs:128:5)
#     at Object.<anonymous> (/home/runner/work/PlayPoint/PlayPoint/tests/playpoint-regression.test.cjs:868:1)
#     at Module._compile (node:internal/modules/cjs/loader:1781:14)
#     at Object..js (node:internal/modules/cjs/loader:1913:10)
#     at Module.load (node:internal/modules/cjs/loader:1505:32)
#     at Function._load (node:internal/modules/cjs/loader:1309:12)
#     at wrapModuleLoad (node:internal/modules/cjs/loader:254:19)
#     at Function.executeUserEntryPoint [as runMain] (node:internal/modules/run_main:171:5)
#     at node:internal/main/run_main_module:36:49 {
#   generatedMessage: true,
#   code: 'ERR_ASSERTION',
#   actual: 3,
#   expected: 11,
#   operator: 'strictEqual',
#   diff: 'simple'
# }
# Node.js v22.23.2
# Subtest: tests/playpoint-regression.test.cjs
not ok 40 - tests/playpoint-regression.test.cjs
  ---
  duration_ms: 1122.676949
  type: 'test'
  location: '/home/runner/work/PlayPoint/PlayPoint/tests/playpoint-regression.test.cjs:1:1'
  failureType: 'testCodeFailure'
  exitCode: 1
  signal: ~
  error: 'test failed'
  code: 'ERR_TEST_FAILURE'
  ...
# [repository-integrity] tracked=407 deployable=298 resolved=284
# Subtest: ファイル名はOS差で衝突せず、一時ファイルを追跡しない
ok 226 - ファイル名はOS差で衝突せず、一時ファイルを追跡しない
  ---
  duration_ms: 1.985845
  type: 'test'
  ...
# Subtest: 移設・統合・共通化済みの実体を残さない
ok 227 - 移設・統合・共通化済みの実体を残さない
  ---
  duration_ms: 0.161735
  type: 'test'
  ...
# Subtest: 公開ファイルの内部参照とアンカーは実在する
ok 228 - 公開ファイルの内部参照とアンカーは実在する
  ---
  duration_ms: 0.106181
  type: 'test'
  ...
# Subtest: 全公開HTMLのcanonicalは自己一致し重複しない
ok 229 - 全公開HTMLのcanonicalは自己一致し重複しない
  ---
  duration_ms: 1.492848
  type: 'test'
  ...
# Subtest: 公開コードは旧パス・開発URL・旧ホストを参照しない
ok 230 - 公開コードは旧パス・開発URL・旧ホストを参照しない
  ---
  duration_ms: 15.386768
  type: 'test'
  ...
# Subtest: 公開画像の実形式とHTTP配信形式を一致させる
ok 231 - 公開画像の実形式とHTTP配信形式を一致させる
  ---
  duration_ms: 8.68533
  type: 'test'
  ...
# Subtest: 未参照アセットと内容が完全重複する公開ファイルを残さない
ok 232 - 未参照アセットと内容が完全重複する公開ファイルを残さない
  ---
  duration_ms: 29.822066
  type: 'test'
  ...
# Subtest: READMEとPWAメタデータは現行機能を説明する
ok 233 - READMEとPWAメタデータは現行機能を説明する
  ---
  duration_ms: 0.349148
  type: 'test'
  ...
# Subtest: 送信するXMLサイトマップ間でURLを重複させない
ok 234 - 送信するXMLサイトマップ間でURLを重複させない
  ---
  duration_ms: 2.862931
  type: 'test'
  ...
# Subtest: ルートサイトマップはPlay Pointsの公開導線だけを扱う
ok 235 - ルートサイトマップはPlay Pointsの公開導線だけを扱う
  ---
  duration_ms: 0.498665
  type: 'test'
  ...
# Subtest: 専用XMLサイトマップへ移したURLをルートへ重ねない
ok 236 - 専用XMLサイトマップへ移したURLをルートへ重ねない
  ---
  duration_ms: 0.85266
  type: 'test'
  ...
# Subtest: Play Pointsブログとフィードに家計記事を混在させない
ok 237 - Play Pointsブログとフィードに家計記事を混在させない
  ---
  duration_ms: 1.548443
  type: 'test'
  ...
# Subtest: 人向けサイトマップはPlay Pointsの案内に集中する
ok 238 - 人向けサイトマップはPlay Pointsの案内に集中する
  ---
  duration_ms: 0.352233
  type: 'test'
  ...
# Subtest: 韓国語トップは為替計算をうたわず実際の入力条件を説明する
ok 239 - 韓国語トップは為替計算をうたわず実際の入力条件を説明する
  ---
  duration_ms: 0.279403
  type: 'test'
  ...
# Subtest: Q&Aは現在のランク判定と計算機の責任範囲を明示する
ok 240 - Q&Aは現在のランク判定と計算機の責任範囲を明示する
  ---
  duration_ms: 0.332623
  type: 'test'
  ...
# Subtest: 旧HTMLを5項目の静的レイアウトへ安全に変換できる
ok 241 - 旧HTMLを5項目の静的レイアウトへ安全に変換できる
  ---
  duration_ms: 3.409057
  type: 'test'
  ...
# Subtest: 4言語の公開HTMLはJavaScript実行前から5項目と専用ラベルを持つ
ok 242 - 4言語の公開HTMLはJavaScript実行前から5項目と専用ラベルを持つ
  ---
  duration_ms: 1.931913
  type: 'test'
  ...
# Subtest: 多言語生成処理は通常計算専用ラベルを一般翻訳と分離する
ok 243 - 多言語生成処理は通常計算専用ラベルを一般翻訳と分離する
  ---
  duration_ms: 0.307104
  type: 'test'
  ...
# Subtest: UIモジュールの旧HTML向けフォールバックと静的HTML向け早期終了を維持する
ok 244 - UIモジュールの旧HTML向けフォールバックと静的HTML向け早期終了を維持する
  ---
  duration_ms: 0.203498
  type: 'test'
  ...
# Subtest: UIモジュールは内容ハッシュ付きで読み込み、Service Workerも即時更新確認する
ok 245 - UIモジュールは内容ハッシュ付きで読み込み、Service Workerも即時更新確認する
  ---
  duration_ms: 0.449319
  type: 'test'
  ...
# Subtest: 未バージョンJavaScriptだけを短期再検証し、v付き資産はimmutableにする
ok 246 - 未バージョンJavaScriptだけを短期再検証し、v付き資産はimmutableにする
  ---
  duration_ms: 0.235756
  type: 'test'
  ...
# Subtest: 静的生成辞書は多言語フッターの全リンク文言を持つ
ok 247 - 静的生成辞書は多言語フッターの全リンク文言を持つ
  ---
  duration_ms: 1.418656
  type: 'test'
  ...
# Subtest: 3言語トップはJavaScript実行前からウィジェット名が翻訳されている
ok 248 - 3言語トップはJavaScript実行前からウィジェット名が翻訳されている
  ---
  duration_ms: 8.612249
  type: 'test'
  ...
# Subtest: フィード名と年次グラフの読み上げ文言を各言語で静的生成する
ok 249 - フィード名と年次グラフの読み上げ文言を各言語で静的生成する
  ---
  duration_ms: 4.020723
  type: 'test'
  ...
# Subtest: 多言語トップの利用者向け静的文言へ別言語の文字が混入しない
ok 250 - 多言語トップの利用者向け静的文言へ別言語の文字が混入しない
  ---
  duration_ms: 2.361382
  type: 'test'
  ...
1..250
# tests 250
# suites 0
# pass 249
# fail 1
# cancelled 0
# skipped 0
# todo 0
# duration_ms 2234.54494

=== ads.txt検証 ===
ads.txt is present and matches the AdSense publisher record.

=== 公開アセット圧縮 ===
Minified CSS: style.css (41007 -> 37168 bytes)
Minified CSS: article-gift-card.css (3758 -> 2501 bytes)
Minified CSS: article-legacy.css (1970 -> 1247 bytes)
Minified CSS: article-modern.css (6066 -> 4306 bytes)
Minified CSS: article-shared.css (14269 -> 12031 bytes)
Minified CSS: source-notice.css (751 -> 655 bytes)
Minified CSS: style.css (42356 -> 31804 bytes)
Minified CSS: intl-article.css (4688 -> 4211 bytes)
Minified CSS: 2025-12-25-best-use.css (6344 -> 4134 bytes)
Minified CSS: 2025-12-25-campaign.css (6233 -> 3999 bytes)
Minified CSS: 2025-12-25-diamond-vip.css (5888 -> 3786 bytes)
Minified CSS: 2025-12-25-diamond-worth-it.css (6069 -> 3965 bytes)
Minified CSS: 2025-12-25-expiration.css (5132 -> 3303 bytes)
Minified CSS: 2025-12-25-family-sharing.css (5242 -> 3385 bytes)
Minified CSS: 2025-12-25-getting-started.css (6183 -> 3961 bytes)
Minified CSS: 2025-12-25-gift-card.css (5369 -> 3430 bytes)
Minified CSS: 2025-12-25-multiple-accounts.css (4714 -> 3020 bytes)
Minified CSS: 2025-12-25-new-year-campaign.css (6266 -> 4020 bytes)
Minified CSS: 2025-12-25-playpoints-rank-maintenance.css (5825 -> 3704 bytes)
Minified CSS: 2025-12-25-promo-code.css (5045 -> 3237 bytes)
Minified CSS: 2025-12-25-refund.css (4732 -> 3038 bytes)
Minified CSS: 2026-03-10-play-points-reflection-timing.css (3915 -> 2594 bytes)
Minified CSS: 2026-06-20-discount-gift-cards.css (4422 -> 2913 bytes)
Minified CSS: 2026-07-24-play-points-1-value.css (3950 -> 3535 bytes)
Minified JS: sw.js (3800 -> 3799 bytes)
Minified JS: main.js (9559 -> 9542 bytes)
Minified JS: region-navigation.js (2493 -> 2492 bytes)
Minified JS: language-suggestion.js (2741 -> 2740 bytes)
Minified JS: calendar-reminder.js (1870 -> 1869 bytes)
Minified JS: pwa-install.js (2371 -> 2370 bytes)
Minified JS: widget-referral.js (621 -> 620 bytes)
Minified JS: service-worker-registration.js (1044 -> 1043 bytes)
Minified JS: main-calculator-ui.js (2911 -> 2910 bytes)
Minified JS: calculator.js (40399 -> 40290 bytes)
Minified JS: ui.js (8828 -> 8806 bytes)
Minified JS: diary.js (15045 -> 14767 bytes)
Minified JS: share.js (4923 -> 4902 bytes)
Minified JS: config.js (46047 -> 46046 bytes)
Minified JS: consent.js (3803 -> 3802 bytes)
Minified JS: intent-tracking.js (2983 -> 2982 bytes)
Minified JS: third-party.js (4930 -> 4929 bytes)
Minified JS: article.js (24818 -> 24816 bytes)
Minified JS: components.js (13764 -> 13761 bytes)
Minified JS: script.js (35900 -> 35897 bytes)
Minified JS: utils.js (2466 -> 2462 bytes)
Minified JS: playpoint-widget.js (29958 -> 29853 bytes)
[article-assets] synchronized source-notice.css: v=3c2ec22615
Successfully synchronized consent.js version in third-party.js to v=dc975a5e38
Successfully synchronized sw.js cache. CACHE_NAME=playpoint-calc-v20260807_1503-ee2c5959
[public-assets] synchronized content hashes: 197 files

=== 圧縮後JavaScript構文検証 ===
JS syntax check passed (66 files).

=== 圧縮後の全回帰テスト ===
TAP version 13
# Subtest: the complete published article corpus keeps structural quality signals
ok 1 - the complete published article corpus keeps structural quality signals
  ---
  duration_ms: 53.199881
  type: 'test'
  ...
# Subtest: article hreflang links are reciprocal and use the Taiwan locale code
ok 2 - article hreflang links are reciprocal and use the Taiwan locale code
  ---
  duration_ms: 31.547145
  type: 'test'
  ...
# Subtest: rewritten gift-card guides contain verifiable checks, not permanent discount claims
ok 3 - rewritten gift-card guides contain verifiable checks, not permanent discount claims
  ---
  duration_ms: 0.994825
  type: 'test'
  ...
# Subtest: known overstatements do not return to published copy
ok 4 - known overstatements do not return to published copy
  ---
  duration_ms: 16.581484
  type: 'test'
  ...
# Subtest: missing mapped related section is inserted before article end
ok 5 - missing mapped related section is inserted before article end
  ---
  duration_ms: 1.96286
  type: 'test'
  ...
# Subtest: existing related section is preserved without duplication
ok 6 - existing related section is preserved without duplication
  ---
  duration_ms: 0.431072
  type: 'test'
  ...
# Subtest: mapped section containing only non-article links is replaced with curated article guides
ok 7 - mapped section containing only non-article links is replaced with curated article guides
  ---
  duration_ms: 0.53511
  type: 'test'
  ...
# Subtest: scope note is inserted after the lead answer and links to the paired page
ok 8 - scope note is inserted after the lead answer and links to the paired page
  ---
  duration_ms: 0.750826
  type: 'test'
  ...
# Subtest: check mode detects required changes and does not write
ok 9 - check mode detects required changes and does not write
  ---
  duration_ms: 4.658703
  type: 'test'
  ...
# Subtest: normalization is idempotent and validates related targets
ok 10 - normalization is idempotent and validates related targets
  ---
  duration_ms: 2.561345
  type: 'test'
  ...
# Subtest: validator rejects self links in a non-curated related section
ok 11 - validator rejects self links in a non-curated related section
  ---
  duration_ms: 0.645647
  type: 'test'
  ...
# Subtest: 通常のウィークリーリワードとPlay Pass週次特典を区別して案内する
ok 12 - 通常のウィークリーリワードとPlay Pass週次特典を区別して案内する
  ---
  duration_ms: 1.725671
  type: 'test'
  ...
# Subtest: 入門記事の獲得対象は現在の日本向け公式案内に合わせる
ok 13 - 入門記事の獲得対象は現在の日本向け公式案内に合わせる
  ---
  duration_ms: 0.456431
  type: 'test'
  ...
# Subtest: 週次特典を使う補足記事にもシルバー以上の条件を明記する
ok 14 - 週次特典を使う補足記事にもシルバー以上の条件を明記する
  ---
  duration_ms: 0.565605
  type: 'test'
  ...
# Subtest: ゲーム以外の記事は終了・未確認サービスを獲得対象と断定しない
ok 15 - ゲーム以外の記事は終了・未確認サービスを獲得対象と断定しない
  ---
  duration_ms: 0.431162
  type: 'test'
  ...
# Subtest: サブスク記事は現行の公式確認項目だけを例示する
ok 16 - サブスク記事は現行の公式確認項目だけを例示する
  ---
  duration_ms: 0.540517
  type: 'test'
  ...
# Subtest: ダイヤモンド記事は未公表の週次上限を事実扱いしない
ok 17 - ダイヤモンド記事は未公表の週次上限を事実扱いしない
  ---
  duration_ms: 0.37048
  type: 'test'
  ...
# Subtest: 反映時間は公式案内にない時間幅を断定しない
ok 18 - 反映時間は公式案内にない時間幅を断定しない
  ---
  duration_ms: 0.428238
  type: 'test'
  ...
# Subtest: 終了済みの2025年末から2026年正月予測には履歴記事の明示がある
ok 19 - 終了済みの2025年末から2026年正月予測には履歴記事の明示がある
  ---
  duration_ms: 0.462519
  type: 'test'
  ...
# Subtest: all quality-audit P1 article files exist
ok 20 - all quality-audit P1 article files exist
  ---
  duration_ms: 1.924702
  type: 'test'
  ...
# Subtest: all international P1 articles are protected as canonical manual content
ok 21 - all international P1 articles are protected as canonical manual content
  ---
  duration_ms: 0.300515
  type: 'test'
  ...
# Subtest: international P1 articles share a validated audit update date
ok 22 - international P1 articles share a validated audit update date
  ---
  duration_ms: 4.439756
  type: 'test'
  ...
# Subtest: Super Weekly Prize pages retain the verified ticket and eligibility boundaries
ok 23 - Super Weekly Prize pages retain the verified ticket and eligibility boundaries
  ---
  duration_ms: 1.193135
  type: 'test'
  ...
# Subtest: gift-card discount guides use authorized regional rules instead of a permanent seller ranking
ok 24 - gift-card discount guides use authorized regional rules instead of a permanent seller ranking
  ---
  duration_ms: 1.949479
  type: 'test'
  ...
# Subtest: free-benefit guides separate no-new-purchase benefits from planned purchases
ok 25 - free-benefit guides separate no-new-purchase benefits from planned purchases
  ---
  duration_ms: 1.054015
  type: 'test'
  ...
# Subtest: regional Platinum and Diamond pages expose official thresholds in the title and first screen
ok 26 - regional Platinum and Diamond pages expose official thresholds in the title and first screen
  ---
  duration_ms: 0.598936
  type: 'test'
  ...
# Subtest: country-difference pages are hubs for local level and country-change guides
ok 27 - country-difference pages are hubs for local level and country-change guides
  ---
  duration_ms: 0.573698
  type: 'test'
  ...
# Subtest: Japanese seasonal and Diamond guides preserve the new editorial framing
ok 28 - Japanese seasonal and Diamond guides preserve the new editorial framing
  ---
  duration_ms: 0.707801
  type: 'test'
  ...
# Subtest: 可視本文と一致するFAQPageは保持する
ok 29 - 可視本文と一致するFAQPageは保持する
  ---
  duration_ms: 4.854965
  type: 'test'
  ...
# Subtest: 本文と文言がずれたFAQPageは可視FAQへ同期する
ok 30 - 本文と文言がずれたFAQPageは可視FAQへ同期する
  ---
  duration_ms: 1.131432
  type: 'test'
  ...
# Subtest: 可視FAQが無いFAQPageだけを除去しArticleは残す
ok 31 - 可視FAQが無いFAQPageだけを除去しArticleは残す
  ---
  duration_ms: 0.264611
  type: 'test'
  ...
# Subtest: 既存robots指示を保ったままmax-image-previewをlargeへ統一する
ok 32 - 既存robots指示を保ったままmax-image-previewをlargeへ統一する
  ---
  duration_ms: 0.715172
  type: 'test'
  ...
# Subtest: robots metaが無い場合もhead内へ安全に追加する
ok 33 - robots metaが無い場合もhead内へ安全に追加する
  ---
  duration_ms: 0.261085
  type: 'test'
  ...
# Subtest: 4言語の記事ディレクトリだけを処理し、checkモードでは書き換えない
ok 34 - 4言語の記事ディレクトリだけを処理し、checkモードでは書き換えない
  ---
  duration_ms: 2.686724
  type: 'test'
  ...
# Subtest: 注意ページは既存モードをそのまま使える国を正確に分類する
ok 35 - 注意ページは既存モードをそのまま使える国を正確に分類する
  ---
  duration_ms: 0.804297
  type: 'test'
  ...
# Subtest: 似ているだけの国を完全一致として案内しない
ok 36 - 似ているだけの国を完全一致として案内しない
  ---
  duration_ms: 0.222937
  type: 'test'
  ...
# Subtest: 国をブラウザ言語だけで推測せず公式確認導線を残す
ok 37 - 国をブラウザ言語だけで推測せず公式確認導線を残す
  ---
  duration_ms: 0.216117
  type: 'test'
  ...
# Subtest: 注意ページの確認日をサイト全体の更新日で巻き戻さない
ok 38 - 注意ページの確認日をサイト全体の更新日で巻き戻さない
  ---
  duration_ms: 0.169226
  type: 'test'
  ...
# Subtest: static blog article links follow article registry titles and remain idempotent
ok 39 - static blog article links follow article registry titles and remain idempotent
  ---
  duration_ms: 3.704605
  type: 'test'
  ...
# Subtest: skeleton loading never references filtered results
ok 40 - skeleton loading never references filtered results
  ---
  duration_ms: 1.688054
  type: 'test'
  ...
# Subtest: result count is calculated inside render after filtering
ok 41 - result count is calculated inside render after filtering
  ---
  duration_ms: 1.354218
  type: 'test'
  ...
# Subtest: pagination, reset and category controls synchronize URL and active state
ok 42 - pagination, reset and category controls synchronize URL and active state
  ---
  duration_ms: 0.497994
  type: 'test'
  ...
# Subtest: sidebar ARIA state is synchronized in markup and runtime
ok 43 - sidebar ARIA state is synchronized in markup and runtime
  ---
  duration_ms: 0.228626
  type: 'test'
  ...
# Subtest: browser smoke covers the blog runtime flow
ok 44 - browser smoke covers the blog runtime flow
  ---
  duration_ms: 0.278131
  type: 'test'
  ...
# Subtest: production revision verification retries IPv4 network errors
ok 45 - production revision verification retries IPv4 network errors
  ---
  duration_ms: 0.223929
  type: 'test'
  ...
# Subtest: 地域別の公式レート・年間しきい値・通貨単位を固定する
ok 46 - 地域別の公式レート・年間しきい値・通貨単位を固定する
  ---
  duration_ms: 7.571915
  type: 'test'
  ...
# Subtest: 共通説明は年初再判定・残高と年間進捗の違いを公式URL付きで示す
ok 47 - 共通説明は年初再判定・残高と年間進捗の違いを公式URL付きで示す
  ---
  duration_ms: 0.59477
  type: 'test'
  ...
# Subtest: トップは倍率と直接レートを代替入力として説明し、入力境界をHTMLでも制約する
ok 48 - トップは倍率と直接レートを代替入力として説明し、入力境界をHTMLでも制約する
  ---
  duration_ms: 0.834022
  type: 'test'
  ...
# Subtest: 4言語トップは対象条件・保存範囲・aria-labelを初期表示から翻訳する
ok 49 - 4言語トップは対象条件・保存範囲・aria-labelを初期表示から翻訳する
  ---
  duration_ms: 1.740083
  type: 'test'
  ...
# Subtest: 海外の既存ギフトカード割引記事を記事ハブと人向けサイトマップから発見できる
ok 50 - 海外の既存ギフトカード割引記事を記事ハブと人向けサイトマップから発見できる
  ---
  duration_ms: 0.810326
  type: 'test'
  ...
# Subtest: アプリモジュール変更がService Worker用の指紋を必ず変える
ok 51 - アプリモジュール変更がService Worker用の指紋を必ず変える
  ---
  duration_ms: 2.10861
  type: 'test'
  ...
# Subtest: 記事一覧は4つの検索意図カテゴリだけを使う
ok 52 - 記事一覧は4つの検索意図カテゴリだけを使う
  ---
  duration_ms: 2.231666
  type: 'test'
  ...
# Subtest: 反映トラブルの重複記事は新しい包括記事へ恒久統合する
ok 53 - 反映トラブルの重複記事は新しい包括記事へ恒久統合する
  ---
  duration_ms: 2.202272
  type: 'test'
  ...
# Subtest: 主要検索記事は即答と判明・不明の境界を静的HTMLで示す
ok 54 - 主要検索記事は即答と判明・不明の境界を静的HTMLで示す
  ---
  duration_ms: 1.882097
  type: 'test'
  ...
# Subtest: 既存CTAの有無にかかわらず記事冒頭近くへ計算導線を置く
ok 55 - 既存CTAの有無にかかわらず記事冒頭近くへ計算導線を置く
  ---
  duration_ms: 0.43593
  type: 'test'
  ...
# Subtest: 引用用比較表は恒久URL・固定アンカー・一次情報を持つ
ok 56 - 引用用比較表は恒久URL・固定アンカー・一次情報を持つ
  ---
  duration_ms: 1.734755
  type: 'test'
  ...
# Subtest: 公開記事はトップから3クリック以内で到達できる
ok 57 - 公開記事はトップから3クリック以内で到達できる
  ---
  duration_ms: 61.333907
  type: 'test'
  ...
# Subtest: 深いURLでも同意管理スクリプトをサイトルートから読み込む
ok 58 - 深いURLでも同意管理スクリプトをサイトルートから読み込む
  ---
  duration_ms: 0.18514
  type: 'test'
  ...
# Subtest: デプロイは公開物だけを厳密にミラーし、除外物も本番から削除する
ok 59 - デプロイは公開物だけを厳密にミラーし、除外物も本番から削除する
  ---
  duration_ms: 1.070159
  type: 'test'
  ...
# Subtest: 移設済み・非公開・統合済みの旧パスをXserver上の実体で検査する
ok 60 - 移設済み・非公開・統合済みの旧パスをXserver上の実体で検査する
  ---
  duration_ms: 0.248025
  type: 'test'
  ...
# Subtest: 旧calculatorファイルを持たず301転送だけを維持する
ok 61 - 旧calculatorファイルを持たず301転送だけを維持する
  ---
  duration_ms: 0.261986
  type: 'test'
  ...
# Subtest: 全階層のindex.htmlを階層を保った正規URLへ301転送する
ok 62 - 全階層のindex.htmlを階層を保った正規URLへ301転送する
  ---
  duration_ms: 0.142295
  type: 'test'
  ...
# Subtest: デプロイスクリプトのBash構文が有効である
ok 63 - デプロイスクリプトのBash構文が有効である
  ---
  duration_ms: 4.999463
  type: 'test'
  ...
# Subtest: PlayPointと無関係なツールはKatakataLabへ移設し旧URLを恒久転送する
ok 64 - PlayPointと無関係なツールはKatakataLabへ移設し旧URLを恒久転送する
  ---
  duration_ms: 1.390283
  type: 'test'
  ...
# Subtest: 公開HTMLと生成元にサイト内遷移用UTMを残さない
ok 65 - 公開HTMLと生成元にサイト内遷移用UTMを残さない
  ---
  duration_ms: 28.001516
  type: 'test'
  ...
# Subtest: プライバシー文書はWeb版と認定CMPの運用に一致する
ok 66 - プライバシー文書はWeb版と認定CMPの運用に一致する
  ---
  duration_ms: 0.543091
  type: 'test'
  ...
# Subtest: 再訪と配布の主要イベントだけを許可する
ok 67 - 再訪と配布の主要イベントだけを許可する
  ---
  duration_ms: 0.599166
  type: 'test'
  ...
# Subtest: ウィジェット作成ページは狭い画面でグリッド内容をはみ出させない
ok 68 - ウィジェット作成ページは狭い画面でグリッド内容をはみ出させない
  ---
  duration_ms: 0.32389
  type: 'test'
  ...
# ok - 実ユーザー速度は同意後に匿名区分だけを計測する
# ok - トップページに年間グラフと独自計算図がある
# ok - ビルド後HTMLは外部Google Fontsへ接続しない
# ok - Search ConsoleとGA4の運用手順が実行可能な粒度で残る
# ok - 運営者ページに検証工程と外部プロフィールの関係を明示する
# ok - 今回はWeb Share APIを追加しない
# Subtest: tests/growth-priority.test.cjs
ok 13 - tests/growth-priority.test.cjs
  ---
  duration_ms: 79.803226
  type: 'test'
  ...
# Subtest: mapWithConcurrencyは指定した同時実行数を超えず入力順を保持する
ok 70 - mapWithConcurrencyは指定した同時実行数を超えず入力順を保持する
  ---
  duration_ms: 18.040922
  type: 'test'
  ...
# Subtest: mapWithConcurrencyは一件の失敗後も残りを検査する
ok 71 - mapWithConcurrencyは一件の失敗後も残りを検査する
  ---
  duration_ms: 0.580929
  type: 'test'
  ...
# Subtest: retryは失敗対象だけを指定回数まで再試行する
ok 72 - retryは失敗対象だけを指定回数まで再試行する
  ---
  duration_ms: 3.474657
  type: 'test'
  ...
# Subtest: 機種変更記事は独立した検索意図と症状別の確認導線を持つ
ok 73 - 機種変更記事は独立した検索意図と症状別の確認導線を持つ
  ---
  duration_ms: 1.213706
  type: 'test'
  ...
# Subtest: 既存記事が履歴・週次特典・交換先の主担当として必要情報を持つ
ok 74 - 既存記事が履歴・週次特典・交換先の主担当として必要情報を持つ
  ---
  duration_ms: 1.803448
  type: 'test'
  ...
# Subtest: 機種変更記事のFAQ本文とFAQPage構造化データは一致する
ok 75 - 機種変更記事のFAQ本文とFAQPage構造化データは一致する
  ---
  duration_ms: 2.401473
  type: 'test'
  ...
# Subtest: 記事台帳のid・file・titleは重複せず、登録先ファイルが存在する
ok 76 - 記事台帳のid・file・titleは重複せず、登録先ファイルが存在する
  ---
  duration_ms: 1.398256
  type: 'test'
  ...
# Subtest: 国・地域別の実用記事を3言語で十分な本文として公開する
ok 77 - 国・地域別の実用記事を3言語で十分な本文として公開する
  ---
  duration_ms: 11.846296
  type: 'test'
  ...
# Subtest: 言語別記事一覧と専用サイトマップから対象ページを発見できる
ok 78 - 言語別記事一覧と専用サイトマップから対象ページを発見できる
  ---
  duration_ms: 0.829465
  type: 'test'
  ...
# Subtest: 国際記事内のローカルリンク先が存在する
ok 79 - 国際記事内のローカルリンク先が存在する
  ---
  duration_ms: 3.462458
  type: 'test'
  ...
# Subtest: 日本語では重複する残高併用記事を追加しない
ok 80 - 日本語では重複する残高併用記事を追加しない
  ---
  duration_ms: 0.39649
  type: 'test'
  ...
# Subtest: クーポン・Playクレジット問題解決記事は4言語でSEO公開要件を満たす
ok 81 - クーポン・Playクレジット問題解決記事は4言語でSEO公開要件を満たす
  ---
  duration_ms: 3.859598
  type: 'test'
  ...
# Subtest: 専用サイトマップは8記事と完全なhreflangを持ちrobots.txtから発見できる
ok 82 - 専用サイトマップは8記事と完全なhreflangを持ちrobots.txtから発見できる
  ---
  duration_ms: 0.331922
  type: 'test'
  ...
# Subtest: 言語別一覧・人向けサイトマップ・日本語ブログから記事を発見できる
ok 83 - 言語別一覧・人向けサイトマップ・日本語ブログから記事を発見できる
  ---
  duration_ms: 0.69821
  type: 'test'
  ...
# Subtest: 新規記事のサイト内リンク先はすべて存在する
ok 84 - 新規記事のサイト内リンク先はすべて存在する
  ---
  duration_ms: 2.303735
  type: 'test'
  ...
# Subtest: 海外向け維持計算は地域別の公式門檻・積点率・通貨を分ける
ok 85 - 海外向け維持計算は地域別の公式門檻・積点率・通貨を分ける
  ---
  duration_ms: 5.11272
  type: 'test'
  ...
# Subtest: 地域外の維持門檻や通貨を流用していない
ok 86 - 地域外の維持門檻や通貨を流用していない
  ---
  duration_ms: 0.955876
  type: 'test'
  ...
# Subtest: 維持計算ロジックは不足点・通常時・倍率・年末ペースを計算する
ok 87 - 維持計算ロジックは不足点・通常時・倍率・年末ペースを計算する
  ---
  duration_ms: 0.274496
  type: 'test'
  ...
# Subtest: 日本語既存ページと海外6ページは完全なhreflangで相互接続する
ok 88 - 日本語既存ページと海外6ページは完全なhreflangで相互接続する
  ---
  duration_ms: 1.466479
  type: 'test'
  ...
# Subtest: 専用サイトマップ・robots・一覧から地域別維持計算を発見できる
ok 89 - 専用サイトマップ・robots・一覧から地域別維持計算を発見できる
  ---
  duration_ms: 0.632457
  type: 'test'
  ...
# Subtest: 生成設定は手書き維持計算を上書きせずサイトマップ対象に保つ
ok 90 - 生成設定は手書き維持計算を上書きせずサイトマップ対象に保つ
  ---
  duration_ms: 7.967433
  type: 'test'
  ...
# Subtest: 維持解説・比較記事から同一地域の計算ページへ進める
ok 91 - 維持解説・比較記事から同一地域の計算ページへ進める
  ---
  duration_ms: 0.882145
  type: 'test'
  ...
# Subtest: manual multilingual guide links survive regeneration exactly once
ok 92 - manual multilingual guide links survive regeneration exactly once
  ---
  duration_ms: 8.856108
  type: 'test'
  ...
# Subtest: プラチナ・ダイヤモンド比較は地域別公式数値と計算条件を明示する
ok 93 - プラチナ・ダイヤモンド比較は地域別公式数値と計算条件を明示する
  ---
  duration_ms: 2.558681
  type: 'test'
  ...
# Subtest: 地域の通貨とランク条件を他地域から流用していない
ok 94 - 地域の通貨とランク条件を他地域から流用していない
  ---
  duration_ms: 1.979375
  type: 'test'
  ...
# Subtest: 専用サイトマップと記事一覧から4言語ページを発見できる
ok 95 - 専用サイトマップと記事一覧から4言語ページを発見できる
  ---
  duration_ms: 0.777667
  type: 'test'
  ...
# Subtest: 日本語記事データと配信ファイルの更新日・説明が一致する
ok 96 - 日本語記事データと配信ファイルの更新日・説明が一致する
  ---
  duration_ms: 0.907783
  type: 'test'
  ...
# Subtest: 独立管理の記事は生成処理で上書きされずサイトマップ対象に残る
ok 97 - 独立管理の記事は生成処理で上書きされずサイトマップ対象に残る
  ---
  duration_ms: 2.045224
  type: 'test'
  ...
# Subtest: ランク維持記事は4言語で相互接続され公式条件とSEO要件を満たす
ok 98 - ランク維持記事は4言語で相互接続され公式条件とSEO要件を満たす
  ---
  duration_ms: 2.331918
  type: 'test'
  ...
# Subtest: 日本語の既存記事と記事データは同じ更新日を持つ
ok 99 - 日本語の既存記事と記事データは同じ更新日を持つ
  ---
  duration_ms: 1.5866
  type: 'test'
  ...
# Subtest: 専用サイトマップは4言語URLと完全なhreflangを持ちrobots.txtから発見できる
ok 100 - 専用サイトマップは4言語URLと完全なhreflangを持ちrobots.txtから発見できる
  ---
  duration_ms: 0.278912
  type: 'test'
  ...
# Subtest: 言語別一覧と人向けサイトマップから新しい記事へ移動できる
ok 101 - 言語別一覧と人向けサイトマップから新しい記事へ移動できる
  ---
  duration_ms: 0.525776
  type: 'test'
  ...
# Subtest: 新しい多言語記事のサイト内リンク先は存在する
ok 102 - 新しい多言語記事のサイト内リンク先は存在する
  ---
  duration_ms: 1.997261
  type: 'test'
  ...
# Subtest: 海外向け記事から日本円固定ページへ誘導しない
ok 103 - 海外向け記事から日本円固定ページへ誘導しない
  ---
  duration_ms: 13.586018
  type: 'test'
  ...
# Subtest: ギフトカード購入・登録と対象コンテンツ購入を分離して説明する
ok 104 - ギフトカード購入・登録と対象コンテンツ購入を分離して説明する
  ---
  duration_ms: 0.424292
  type: 'test'
  ...
# Subtest: 영문 구독 가이드는 적격 Google Play 구독의 적립 가능성을 직접 답한다
ok 105 - 영문 구독 가이드는 적격 Google Play 구독의 적립 가능성을 직접 답한다
  ---
  duration_ms: 0.205461
  type: 'test'
  ...
# Subtest: Super Weekly Prize와 Super Ticket의 공식 명칭과 계정 한정을 유지한다
ok 106 - Super Weekly Prize와 Super Ticket의 공식 명칭과 계정 한정을 유지한다
  ---
  duration_ms: 0.432664
  type: 'test'
  ...
# Subtest: 영문 수치 기사는 미국 기준임을 명시한다
ok 107 - 영문 수치 기사는 미국 기준임을 명시한다
  ---
  duration_ms: 0.531584
  type: 'test'
  ...
# Subtest: regional guide set exists in all three locales
ok 108 - regional guide set exists in all three locales
  ---
  duration_ms: 1.621794
  type: 'test'
  ...
# Subtest: every regional article has reciprocal hreflang links
ok 109 - every regional article has reciprocal hreflang links
  ---
  duration_ms: 3.587827
  type: 'test'
  ...
# Subtest: regional level thresholds and earning units are not mixed
ok 110 - regional level thresholds and earning units are not mixed
  ---
  duration_ms: 0.72046
  type: 'test'
  ...
# Subtest: Silver strategy uses regional thresholds and positive value framing
ok 111 - Silver strategy uses regional thresholds and positive value framing
  ---
  duration_ms: 0.738086
  type: 'test'
  ...
# Subtest: promotion articles state no stacking, highest rate, pre-tax and rounding
ok 112 - promotion articles state no stacking, highest rate, pre-tax and rounding
  ---
  duration_ms: 0.689493
  type: 'test'
  ...
# Subtest: country-change guides warn that points and level do not transfer
ok 113 - country-change guides warn that points and level do not transfer
  ---
  duration_ms: 1.369001
  type: 'test'
  ...
# Subtest: localized Silver landing pages use the correct threshold and article route
ok 114 - localized Silver landing pages use the correct threshold and article route
  ---
  duration_ms: 0.493726
  type: 'test'
  ...
# Subtest: manual article source list preserves all regional guides
ok 115 - manual article source list preserves all regional guides
  ---
  duration_ms: 0.486406
  type: 'test'
  ...
# Subtest: reward and quest topics have complete Japanese, English, Korean and Taiwan clusters
ok 116 - reward and quest topics have complete Japanese, English, Korean and Taiwan clusters
  ---
  duration_ms: 4.154775
  type: 'test'
  ...
# Subtest: new international guides are substantial, sourced and usable instead of thin translations
ok 117 - new international guides are substantial, sourced and usable instead of thin translations
  ---
  duration_ms: 4.404123
  type: 'test'
  ...
# Subtest: Super Weekly Reward articles explain stock and the Super Ticket trade-off without promising premium prizes
ok 118 - Super Weekly Reward articles explain stock and the Super Ticket trade-off without promising premium prizes
  ---
  duration_ms: 1.602334
  type: 'test'
  ...
# Subtest: quest articles cover account-specific conditions, qualifying purchases, sign-in and refunds
ok 119 - quest articles cover account-specific conditions, qualifying purchases, sign-in and refunds
  ---
  duration_ms: 1.125032
  type: 'test'
  ...
# Subtest: locale indexes and the dedicated sitemap expose all six new international guides
ok 120 - locale indexes and the dedicated sitemap expose all six new international guides
  ---
  duration_ms: 1.941452
  type: 'test'
  ...
# Subtest: ポイント利用・参加条件記事は3言語でSEO公開要件を満たす
ok 121 - ポイント利用・参加条件記事は3言語でSEO公開要件を満たす
  ---
  duration_ms: 3.208484
  type: 'test'
  ...
# Subtest: 専用サイトマップは6記事を公開しrobots.txtから発見できる
ok 122 - 専用サイトマップは6記事を公開しrobots.txtから発見できる
  ---
  duration_ms: 1.048456
  type: 'test'
  ...
# Subtest: 新規記事のサイト内リンク先は存在する
ok 123 - 新規記事のサイト内リンク先は存在する
  ---
  duration_ms: 2.361873
  type: 'test'
  ...
# Subtest: 週次特典と複数アカウント記事は3言語で公開要件を満たす
ok 124 - 週次特典と複数アカウント記事は3言語で公開要件を満たす
  ---
  duration_ms: 3.280062
  type: 'test'
  ...
# Subtest: 新規記事は同一言語内で相互に接続される
ok 125 - 新規記事は同一言語内で相互に接続される
  ---
  duration_ms: 0.829135
  type: 'test'
  ...
# Subtest: 国際ガイド専用サイトマップをrobots.txtから発見できる
ok 126 - 国際ガイド専用サイトマップをrobots.txtから発見できる
  ---
  duration_ms: 0.513256
  type: 'test'
  ...
# Subtest: 新規国際記事のローカルリンク先はすべて存在する
ok 127 - 新規国際記事のローカルリンク先はすべて存在する
  ---
  duration_ms: 2.626574
  type: 'test'
  ...
# Subtest: 日本語のランク総合記事が5段階と判定値の違いを説明する
ok 128 - 日本語のランク総合記事が5段階と判定値の違いを説明する
  ---
  duration_ms: 1.252444
  type: 'test'
  ...
# Subtest: 登録できない記事が参加条件を順番に切り分ける
ok 129 - 登録できない記事が参加条件を順番に切り分ける
  ---
  duration_ms: 0.290139
  type: 'test'
  ...
# Subtest: 国変更記事がポイント・残高・変更条件を混同しない
ok 130 - 国変更記事がポイント・残高・変更条件を混同しない
  ---
  duration_ms: 0.355157
  type: 'test'
  ...
# Subtest: 倍率記事が直接レートと倍率入力を足し合わせない
ok 131 - 倍率記事が直接レートと倍率入力を足し合わせない
  ---
  duration_ms: 1.327308
  type: 'test'
  ...
# Subtest: シルバー記事が購入予定と高い獲得率を組み合わせる
ok 132 - シルバー記事が購入予定と高い獲得率を組み合わせる
  ---
  duration_ms: 0.360986
  type: 'test'
  ...
# Subtest: ウィークリー記事が通常リワードとPlay Pass週次特典を分離する
ok 133 - ウィークリー記事が通常リワードとPlay Pass週次特典を分離する
  ---
  duration_ms: 0.376529
  type: 'test'
  ...
# Subtest: ランク記事からシルバーのお得記事へ重複なく移動できる
ok 134 - ランク記事からシルバーのお得記事へ重複なく移動できる
  ---
  duration_ms: 0.365062
  type: 'test'
  ...
# Subtest: シルバー計算入口の上部からお得記事へ移動できる
ok 135 - シルバー計算入口の上部からお得記事へ移動できる
  ---
  duration_ms: 0.247094
  type: 'test'
  ...
# Subtest: 倍率キャンペーン入口からシルバーのお得記事へ移動できる
ok 136 - 倍率キャンペーン入口からシルバーのお得記事へ移動できる
  ---
  duration_ms: 0.577334
  type: 'test'
  ...
# Subtest: 記事一覧へ新規5本が重複なく登録される
ok 137 - 記事一覧へ新規5本が重複なく登録される
  ---
  duration_ms: 0.742423
  type: 'test'
  ...
# Subtest: 最新情報ハブは確認範囲・公式参照・確認日を明示する
ok 138 - 最新情報ハブは確認範囲・公式参照・確認日を明示する
  ---
  duration_ms: 1.840164
  type: 'test'
  ...
# Subtest: 最新情報ハブは週次3制度とクエストを別項目として扱う
ok 139 - 最新情報ハブは週次3制度とクエストを別項目として扱う
  ---
  duration_ms: 0.378032
  type: 'test'
  ...
# Subtest: 生成処理は確認していない日に最新情報ハブの日付を進めない
ok 140 - 生成処理は確認していない日に最新情報ハブの日付を進めない
  ---
  duration_ms: 0.181935
  type: 'test'
  ...
# Subtest: 鮮度検査は14日を超えた確認日を検出する
ok 141 - 鮮度検査は14日を超えた確認日を検出する
  ---
  duration_ms: 1.568283
  type: 'test'
  ...
# Subtest: 運用手順は日付だけの更新と個別オファーの一般化を禁止する
ok 142 - 運用手順は日付だけの更新と個別オファーの一般化を禁止する
  ---
  duration_ms: 0.331141
  type: 'test'
  ...
# Subtest: 通常計算は自動入力される獲得率と倍率を主画面に残し、平均パック額を表示しない
ok 143 - 通常計算は自動入力される獲得率と倍率を主画面に残し、平均パック額を表示しない
  ---
  duration_ms: 1.272375
  type: 'test'
  ...
# Subtest: 4言語に自動入力の獲得率と通常倍率の文言が用意されている
ok 144 - 4言語に自動入力の獲得率と通常倍率の文言が用意されている
  ---
  duration_ms: 0.405133
  type: 'test'
  ...
# Subtest: 初期化前にDOMを組み替え、地域更新時に文言も更新する
ok 145 - 初期化前にDOMを組み替え、地域更新時に文言も更新する
  ---
  duration_ms: 0.327656
  type: 'test'
  ...
# Subtest: 既存の主要入力IDと共有URL仕様を維持する
ok 146 - 既存の主要入力IDと共有URL仕様を維持する
  ---
  duration_ms: 2.417417
  type: 'test'
  ...
# Subtest: UIモジュールを圧縮・版管理・Service Workerの対象に含める
ok 147 - UIモジュールを圧縮・版管理・Service Workerの対象に含める
  ---
  duration_ms: 0.327345
  type: 'test'
  ...
# Subtest: main.jsは初期化と画面調停に集中し独立責務を各モジュールへ委譲する
ok 148 - main.jsは初期化と画面調停に集中し独立責務を各モジュールへ委譲する
  ---
  duration_ms: 1.683547
  type: 'test'
  ...
# Subtest: 分離した責務の実装と既存イベント名は専用モジュールに保持する
ok 149 - 分離した責務の実装と既存イベント名は専用モジュールに保持する
  ---
  duration_ms: 0.636352
  type: 'test'
  ...
# Subtest: 新しい実行時モジュールは圧縮・キャッシュ更新・オフライン先読みに含める
ok 150 - 新しい実行時モジュールは圧縮・キャッシュ更新・オフライン先読みに含める
  ---
  duration_ms: 0.493947
  type: 'test'
  ...
# [manual-intl] restored canonical article content: 40
# Subtest: 地域別に手動確認した記事の正本一覧を固定する
ok 151 - 地域別に手動確認した記事の正本一覧を固定する
  ---
  duration_ms: 2.495315
  type: 'test'
  ...
# Subtest: 手動正本の公開日・更新日・last-modifiedを一致させる
ok 152 - 手動正本の公開日・更新日・last-modifiedを一致させる
  ---
  duration_ms: 7.790095
  type: 'test'
  ...
# Subtest: 国際記事台帳は手動正本の日付を自動採用する
ok 153 - 国際記事台帳は手動正本の日付を自動採用する
  ---
  duration_ms: 2.516728
  type: 'test'
  ...
# Subtest: ビルドは国際記事生成の直前に退避し直後に復元する
ok 154 - ビルドは国際記事生成の直前に退避し直後に復元する
  ---
  duration_ms: 0.248596
  type: 'test'
  ...
# Subtest: 生成処理で上書きされても手動記事を完全に復元できる
ok 155 - 生成処理で上書きされても手動記事を完全に復元できる
  ---
  duration_ms: 13.110984
  type: 'test'
  ...
# {
#   "profile": "calculatorHome",
#   "files": [
#     "/tmp/playpoint-phase1-kOOVAD/calculator-home-1.json",
#     "/tmp/playpoint-phase1-kOOVAD/calculator-home-2.json",
#     "/tmp/playpoint-phase1-kOOVAD/calculator-home-3.json"
#   ],
#   "urls": [
#     "https://playpoint-sim.com/",
#     "https://playpoint-sim.com/",
#     "https://playpoint-sim.com/"
#   ],
#   "aggregation": "median",
#   "sampleCount": 3,
#   "requiredSamples": 3,
#   "sampleMetrics": [
#     {
#       "performanceScore": 0.83,
#       "largestContentfulPaintMs": 3500,
#       "totalBlockingTimeMs": 5,
#       "cumulativeLayoutShift": 0.07,
#       "totalByteWeight": 295000
#     },
#     {
#       "performanceScore": 0.83,
#       "largestContentfulPaintMs": 3550,
#       "totalBlockingTimeMs": 5,
#       "cumulativeLayoutShift": 0.07,
#       "totalByteWeight": 295000
#     },
#     {
#       "performanceScore": 0.83,
#       "largestContentfulPaintMs": 5000,
#       "totalBlockingTimeMs": 5,
#       "cumulativeLayoutShift": 0.07,
#       "totalByteWeight": 295000
#     }
#   ],
#   "metrics": {
#     "performanceScore": 0.83,
#     "largestContentfulPaintMs": 3550,
#     "totalBlockingTimeMs": 5,
#     "cumulativeLayoutShift": 0.07,
#     "totalByteWeight": 295000
#   },
#   "hardBudgets": {
#     "performanceScore": 0.65,
#     "largestContentfulPaintMs": 3600,
#     "totalBlockingTimeMs": 1800,
#     "cumulativeLayoutShift": 0.15,
#     "totalByteWeight": 358400
#   },
#   "nextTargets": {
#     "performanceScore": 0.8,
#     "largestContentfulPaintMs": 2500,
#     "totalBlockingTimeMs": 600,
#     "cumulativeLayoutShift": 0.1,
#     "totalByteWeight": 307200
#   },
#   "failures": [],
#   "targetWarnings": [
#     "largestContentfulPaintMs: 3550（基準: 2500以下）"
#   ]
# }
# {
#   "profile": "calculatorHome",
#   "files": [
#     "/tmp/playpoint-phase1-ps2cEi/calculator-home-1.json",
#     "/tmp/playpoint-phase1-ps2cEi/calculator-home-2.json",
#     "/tmp/playpoint-phase1-ps2cEi/calculator-home-3.json"
#   ],
#   "urls": [
#     "https://playpoint-sim.com/",
#     "https://playpoint-sim.com/",
#     "https://playpoint-sim.com/"
#   ],
#   "aggregation": "median",
#   "sampleCount": 3,
#   "requiredSamples": 3,
#   "sampleMetrics": [
#     {
#       "performanceScore": 0.83,
#       "largestContentfulPaintMs": 3500,
#       "totalBlockingTimeMs": 5,
#       "cumulativeLayoutShift": 0.07,
#       "totalByteWeight": 295000
#     },
#     {
#       "performanceScore": 0.83,
#       "largestContentfulPaintMs": 3700,
#       "totalBlockingTimeMs": 5,
#       "cumulativeLayoutShift": 0.07,
#       "totalByteWeight": 295000
#     },
#     {
#       "performanceScore": 0.83,
#       "largestContentfulPaintMs": 3800,
#       "totalBlockingTimeMs": 5,
#       "cumulativeLayoutShift": 0.07,
#       "totalByteWeight": 295000
#     }
#   ],
#   "metrics": {
#     "performanceScore": 0.83,
#     "largestContentfulPaintMs": 3700,
#     "totalBlockingTimeMs": 5,
#     "cumulativeLayoutShift": 0.07,
#     "totalByteWeight": 295000
#   },
#   "hardBudgets": {
#     "performanceScore": 0.65,
#     "largestContentfulPaintMs": 3600,
#     "totalBlockingTimeMs": 1800,
#     "cumulativeLayoutShift": 0.15,
#     "totalByteWeight": 358400
#   },
#   "nextTargets": {
#     "performanceScore": 0.8,
#     "largestContentfulPaintMs": 2500,
#     "totalBlockingTimeMs": 600,
#     "cumulativeLayoutShift": 0.1,
#     "totalByteWeight": 307200
#   },
#   "failures": [
#     "largestContentfulPaintMs: 3700（基準: 3600以下）"
#   ],
#   "targetWarnings": [
#     "largestContentfulPaintMs: 3700（基準: 2500以下）"
#   ]
# }
# {
#   "profile": "calculatorHome",
#   "files": [
#     "/tmp/playpoint-phase1-tQ9Iv9/calculator-home-1.json",
#     "/tmp/playpoint-phase1-tQ9Iv9/calculator-home-2.json"
#   ],
#   "urls": [
#     "https://playpoint-sim.com/",
#     "https://playpoint-sim.com/"
#   ],
#   "aggregation": "median",
#   "sampleCount": 2,
#   "requiredSamples": 3,
#   "sampleMetrics": [
#     {
#       "performanceScore": 0.83,
#       "largestContentfulPaintMs": 3400,
#       "totalBlockingTimeMs": 5,
#       "cumulativeLayoutShift": 0.07,
#       "totalByteWeight": 295000
#     },
#     {
#       "performanceScore": 0.83,
#       "largestContentfulPaintMs": 3450,
#       "totalBlockingTimeMs": 5,
#       "cumulativeLayoutShift": 0.07,
#       "totalByteWeight": 295000
#     }
#   ],
#   "metrics": {
#     "performanceScore": 0.83,
#     "largestContentfulPaintMs": 3425,
#     "totalBlockingTimeMs": 5,
#     "cumulativeLayoutShift": 0.07,
#     "totalByteWeight": 295000
#   },
#   "hardBudgets": {
#     "performanceScore": 0.65,
#     "largestContentfulPaintMs": 3600,
#     "totalBlockingTimeMs": 1800,
#     "cumulativeLayoutShift": 0.15,
#     "totalByteWeight": 358400
#   },
#   "nextTargets": {
#     "performanceScore": 0.8,
#     "largestContentfulPaintMs": 2500,
#     "totalBlockingTimeMs": 600,
#     "cumulativeLayoutShift": 0.1,
#     "totalByteWeight": 307200
#   },
#   "failures": [
#     "sampleCount: 2（基準: 3以上）"
#   ],
#   "targetWarnings": [
#     "largestContentfulPaintMs: 3425（基準: 2500以下）"
#   ]
# }
# [public-assets] synchronized content hashes: 1 files
# [article-static-usability] synchronized: 1
# [article-static-usability] synchronized: 0
# Subtest: 低性能Androidのハード予算が旧基準より厳しく、ページ別に設定されている
ok 156 - 低性能Androidのハード予算が旧基準より厳しく、ページ別に設定されている
  ---
  duration_ms: 1.324714
  type: 'test'
  ...
# Subtest: トップページは3回の中央値で判定し、単発の遅い外れ値に左右されない
ok 157 - トップページは3回の中央値で判定し、単発の遅い外れ値に左右されない
  ---
  duration_ms: 3.553376
  type: 'test'
  ...
# Subtest: トップページは3回中2回が上限超過なら中央値で失敗する
ok 158 - トップページは3回中2回が上限超過なら中央値で失敗する
  ---
  duration_ms: 1.28904
  type: 'test'
  ...
# Subtest: トップページの測定が3回未満なら性能値に関係なく失敗する
ok 159 - トップページの測定が3回未満なら性能値に関係なく失敗する
  ---
  duration_ms: 1.085803
  type: 'test'
  ...
# Subtest: Lighthouse 13のCLS要素・原因・長時間タスク・改善候補を抽出する
ok 160 - Lighthouse 13のCLS要素・原因・長時間タスク・改善候補を抽出する
  ---
  duration_ms: 1.028846
  type: 'test'
  ...
# Subtest: 性能ワークフローが本番同等成果物・3回測定・記事一覧・診断アーティファクトを検査する
ok 161 - 性能ワークフローが本番同等成果物・3回測定・記事一覧・診断アーティファクトを検査する
  ---
  duration_ms: 0.599037
  type: 'test'
  ...
# Subtest: modulepreloadと実スクリプトが同じ内容ハッシュへ同期される
ok 162 - modulepreloadと実スクリプトが同じ内容ハッシュへ同期される
  ---
  duration_ms: 4.243149
  type: 'test'
  ...
# Subtest: 記事の共通ヘッダーと計算機導線を生成時に一度だけ埋め込む
ok 163 - 記事の共通ヘッダーと計算機導線を生成時に一度だけ埋め込む
  ---
  duration_ms: 3.622611
  type: 'test'
  ...
# Subtest: 記事広告枠・静的ヘッダー・計算図が初期レイアウトを予約する
ok 164 - 記事広告枠・静的ヘッダー・計算図が初期レイアウトを予約する
  ---
  duration_ms: 0.815844
  type: 'test'
  ...
# Subtest: 記事一覧はモバイルで重いOGP画像を生成せず、デスクトップだけに画像を残す
ok 165 - 記事一覧はモバイルで重いOGP画像を生成せず、デスクトップだけに画像を残す
  ---
  duration_ms: 0.85307
  type: 'test'
  ...
# Subtest: 生成済み代表記事は初回HTMLからヘッダーと計算導線を持つ
ok 166 - 生成済み代表記事は初回HTMLからヘッダーと計算導線を持つ
  ---
  duration_ms: 0.398663
  type: 'test'
  ...
# Subtest: 日記は初期モジュールグラフと先読みから外し、利用時だけ動的読込する
ok 167 - 日記は初期モジュールグラフと先読みから外し、利用時だけ動的読込する
  ---
  duration_ms: 1.006683
  type: 'test'
  ...
# Subtest: Service Workerの初回キャッシュは必須シェルだけに絞り、重い任意資産は利用時キャッシュへ回す
ok 168 - Service Workerの初回キャッシュは必須シェルだけに絞り、重い任意資産は利用時キャッシュへ回す
  ---
  duration_ms: 0.383299
  type: 'test'
  ...
# Subtest: JPEG実体の既存OGP URLをimage/jpegとして配信する
ok 169 - JPEG実体の既存OGP URLをimage/jpegとして配信する
  ---
  duration_ms: 1.160786
  type: 'test'
  ...
# Subtest: デプロイ後のSEO検査は実際のOGP Content-Typeを確認する
ok 170 - デプロイ後のSEO検査は実際のOGP Content-Typeを確認する
  ---
  duration_ms: 0.176447
  type: 'test'
  ...
# Subtest: 記事CSSは外部化され、AdSense以外のinline styleを残さない
ok 171 - 記事CSSは外部化され、AdSense以外のinline styleを残さない
  ---
  duration_ms: 19.111096
  type: 'test'
  ...
# Subtest: 記事のローカルCSSは内容ハッシュ付きURLで参照する
ok 172 - 記事のローカルCSSは内容ハッシュ付きURLで参照する
  ---
  duration_ms: 13.516238
  type: 'test'
  ...
# Subtest: 記事のローカルJavaScriptも内容ハッシュ付きURLで参照する
ok 173 - 記事のローカルJavaScriptも内容ハッシュ付きURLで参照する
  ---
  duration_ms: 11.258081
  type: 'test'
  ...
# Subtest: 公開HTMLのローカルCSS・JavaScriptは実ファイルと一致する内容ハッシュを使う
ok 174 - 公開HTMLのローカルCSS・JavaScriptは実ファイルと一致する内容ハッシュを使う
  ---
  duration_ms: 70.635863
  type: 'test'
  ...
# Subtest: 画面外描画の最適化は長文下部だけに限定し、印刷時に解除する
ok 175 - 画面外描画の最適化は長文下部だけに限定し、印刷時に解除する
  ---
  duration_ms: 0.550673
  type: 'test'
  ...
# Subtest: バージョン付き資産だけを1年間immutableでキャッシュする
ok 176 - バージョン付き資産だけを1年間immutableでキャッシュする
  ---
  duration_ms: 0.338332
  type: 'test'
  ...
# Subtest: 低性能Android相当の定期Lighthouse検査を固定バージョンで実行する
ok 177 - 低性能Android相当の定期Lighthouse検査を固定バージョンで実行する
  ---
  duration_ms: 0.385123
  type: 'test'
  ...
# Subtest: 未参照だった旧共通CSSを公開物に残さない
ok 178 - 未参照だった旧共通CSSを公開物に残さない
  ---
  duration_ms: 0.182977
  type: 'test'
  ...
# Subtest: PRでは秘密情報を使わず一つのジョブで全事前検証を実行する
ok 179 - PRでは秘密情報を使わず一つのジョブで全事前検証を実行する
  ---
  duration_ms: 1.770539
  type: 'test'
  ...
# Subtest: 事前検証は全テストを自動収集し失敗工程を最後にまとめる
ok 180 - 事前検証は全テストを自動収集し失敗工程を最後にまとめる
  ---
  duration_ms: 0.328517
  type: 'test'
  ...
# Subtest: 事前検証は多言語の公開必須ファイル欠損を検出する
ok 181 - 事前検証は多言語の公開必須ファイル欠損を検出する
  ---
  duration_ms: 0.361216
  type: 'test'
  ...
# Subtest: Service Workerの全先読み対象をデプロイ前に検証する
ok 182 - Service Workerの全先読み対象をデプロイ前に検証する
  ---
  duration_ms: 0.269848
  type: 'test'
  ...
# Subtest: 通常の事前検証は生成・圧縮対象を元に戻しデプロイ時だけ保持する
ok 183 - 通常の事前検証は生成・圧縮対象を元に戻しデプロイ時だけ保持する
  ---
  duration_ms: 0.339223
  type: 'test'
  ...
# Subtest: ルートService Workerは画面遷移をネットワーク優先で更新する
ok 184 - ルートService Workerは画面遷移をネットワーク優先で更新する
  ---
  duration_ms: 0.2508
  type: 'test'
  ...
# Subtest: ルートキャッシュ世代は全共有アセット版から自動生成する
ok 185 - ルートキャッシュ世代は全共有アセット版から自動生成する
  ---
  duration_ms: 0.315287
  type: 'test'
  ...
# Subtest: アプリモジュールのキャッシュ世代は改行コードが違っても一致する
ok 186 - アプリモジュールのキャッシュ世代は改行コードが違っても一致する
  ---
  duration_ms: 7.828653
  type: 'test'
  ...
# Subtest: 本番確認はコミット状態と公開JSONの両方で完全一致を検証する
ok 187 - 本番確認はコミット状態と公開JSONの両方で完全一致を検証する
  ---
  duration_ms: 2.53824
  type: 'test'
  ...
# Subtest: 公開デプロイ状態は検証完了前と完了後を区別する
ok 188 - 公開デプロイ状態は検証完了前と完了後を区別する
  ---
  duration_ms: 2.149191
  type: 'test'
  ...
# Subtest: 本番デプロイは実行中ジョブを中断せず待機中の最新版だけを残す
ok 189 - 本番デプロイは実行中ジョブを中断せず待機中の最新版だけを残す
  ---
  duration_ms: 0.314936
  type: 'test'
  ...
# Subtest: HTTP検査は同時接続数を制限し失敗対象だけを再試行する
ok 190 - HTTP検査は同時接続数を制限し失敗対象だけを再試行する
  ---
  duration_ms: 0.293594
  type: 'test'
  ...
# Subtest: 外部Actionは固定SHAで実行しDependabotで月次更新する
ok 191 - 外部Actionは固定SHAで実行しDependabotで月次更新する
  ---
  duration_ms: 0.458133
  type: 'test'
  ...
# Subtest: 新規記事は記事台帳へ一意に登録される
ok 192 - 新規記事は記事台帳へ一意に登録される
  ---
  duration_ms: 1.829488
  type: 'test'
  ...
# Subtest: スーパーウィークリー記事は一般条件と個別条件を分離する
ok 193 - スーパーウィークリー記事は一般条件と個別条件を分離する
  ---
  duration_ms: 2.614145
  type: 'test'
  ...
# Subtest: クエスト記事は対象・購入・ログイン・返金条件を案内する
ok 194 - クエスト記事は対象・購入・ログイン・返金条件を案内する
  ---
  duration_ms: 0.440156
  type: 'test'
  ...
# Subtest: 週次親記事は3制度を比較し日記を主要導線にする
ok 195 - 週次親記事は3制度を比較し日記を主要導線にする
  ---
  duration_ms: 0.412864
  type: 'test'
  ...
# Subtest: 無料獲得記事は無料・追加購入なし・有料条件を混同しない
ok 196 - 無料獲得記事は無料・追加購入なし・有料条件を混同しない
  ---
  duration_ms: 0.550152
  type: 'test'
  ...
# Subtest: 買い切り購入と継続課金の記事は役割を相互案内する
ok 197 - 買い切り購入と継続課金の記事は役割を相互案内する
  ---
  duration_ms: 0.5418
  type: 'test'
  ...
# Subtest: 今回のPlay Points公式記事群へ第三者決済キャンペーンを混入させない
ok 198 - 今回のPlay Points公式記事群へ第三者決済キャンペーンを混入させない
  ---
  duration_ms: 1.293577
  type: 'test'
  ...
# Subtest: 公式例のシルバー500円は6ポイントへ丸める
ok 199 - 公式例のシルバー500円は6ポイントへ丸める
  ---
  duration_ms: 1.658328
  type: 'test'
  ...
# Subtest: 購入ごとの丸めと総額への一度だけの丸めを分ける
ok 200 - 購入ごとの丸めと総額への一度だけの丸めを分ける
  ---
  duration_ms: 0.297771
  type: 'test'
  ...
# Subtest: 丸め関数は非負のポイントを最も近い整数へ丸める
ok 201 - 丸め関数は非負のポイントを最も近い整数へ丸める
  ---
  duration_ms: 0.648341
  type: 'test'
  ...
# Subtest: 不正な購入回数と獲得率を拒否する
ok 202 - 不正な購入回数と獲得率を拒否する
  ---
  duration_ms: 0.288897
  type: 'test'
  ...
# Subtest: 記事は税抜・四捨五入・機能の限界を明示する
ok 203 - 記事は税抜・四捨五入・機能の限界を明示する
  ---
  duration_ms: 1.925683
  type: 'test'
  ...
# Subtest: 記事冒頭は通常獲得率と交換価値を分けて即答する
ok 204 - 記事冒頭は通常獲得率と交換価値を分けて即答する
  ---
  duration_ms: 0.47601
  type: 'test'
  ...
# Subtest: 記事固有の導線だけを1つずつ表示し、自動導線の重複を防ぐ
ok 205 - 記事固有の導線だけを1つずつ表示し、自動導線の重複を防ぐ
  ---
  duration_ms: 0.491844
  type: 'test'
  ...
# Subtest: スマホでは比較表をカード表示し、主要操作を画面幅いっぱいにする
ok 206 - スマホでは比較表をカード表示し、主要操作を画面幅いっぱいにする
  ---
  duration_ms: 0.669914
  type: 'test'
  ...
# Subtest: FAQと補助導線は主要目次へ混入しない構造にする
ok 207 - FAQと補助導線は主要目次へ混入しない構造にする
  ---
  duration_ms: 0.718577
  type: 'test'
  ...
# Subtest: シミュレーターは差が見える初期例と利用限界を明示する
ok 208 - シミュレーターは差が見える初期例と利用限界を明示する
  ---
  duration_ms: 1.077931
  type: 'test'
  ...
# Subtest: 記事別の検証カード文言は生成元でも保持する
ok 209 - 記事別の検証カード文言は生成元でも保持する
  ---
  duration_ms: 0.610033
  type: 'test'
  ...
# Subtest: 画面のFAQとFAQPage構造化データが一致する
ok 210 - 画面のFAQとFAQPage構造化データが一致する
  ---
  duration_ms: 1.76541
  type: 'test'
  ...
# Subtest: 記事台帳は既存記事の役割を維持して更新日と説明を同期する
ok 211 - 記事台帳は既存記事の役割を維持して更新日と説明を同期する
  ---
  duration_ms: 1.433679
  type: 'test'
  ...
# Subtest: 海外向け案内は英語を全世界共通レートとして案内しない
ok 212 - 海外向け案内は英語を全世界共通レートとして案内しない
  ---
  duration_ms: 1.264372
  type: 'test'
  ...
# Subtest: 多言語トップの実行時記事リンクは各言語の記事一覧を指す
ok 213 - 多言語トップの実行時記事リンクは各言語の記事一覧を指す
  ---
  duration_ms: 5.066594
  type: 'test'
  ...
# Subtest: 日本語の必要ポイント例はあとがきにつながる実例1728を保つ
ok 214 - 日本語の必要ポイント例はあとがきにつながる実例1728を保つ
  ---
  duration_ms: 2.82282
  type: 'test'
  ...
# Subtest: 結果カードの見出しだけをブロック化し、金額の内訳は分断しない
ok 215 - 結果カードの見出しだけをブロック化し、金額の内訳は分断しない
  ---
  duration_ms: 0.579827
  type: 'test'
  ...
# Subtest: CSPは計測と広告品質確認で実際に使う接続先を許可する
ok 216 - CSPは計測と広告品質確認で実際に使う接続先を許可する
  ---
  duration_ms: 0.704926
  type: 'test'
  ...
# Subtest: 日記の景品選択には全言語で読み上げ可能な名前がある
ok 217 - 日記の景品選択には全言語で読み上げ可能な名前がある
  ---
  duration_ms: 2.467994
  type: 'test'
  ...
# Subtest: トップページは大きな画像プレビューとOGP画像サイズを明示する
ok 218 - トップページは大きな画像プレビューとOGP画像サイズを明示する
  ---
  duration_ms: 0.615341
  type: 'test'
  ...
# Subtest: 初期操作に必要なアプリモジュールは実際のimport URLと同じURLで先読みする
ok 219 - 初期操作に必要なアプリモジュールは実際のimport URLと同じURLで先読みする
  ---
  duration_ms: 1.588743
  type: 'test'
  ...
# Subtest: 日記の重複通知を表示せず、カレンダー登録は残す
ok 220 - 日記の重複通知を表示せず、カレンダー登録は残す
  ---
  duration_ms: 0.981625
  type: 'test'
  ...
# Subtest: 地域差案内は日本語トップでも英語の注意導線として表示する
ok 221 - 地域差案内は日本語トップでも英語の注意導線として表示する
  ---
  duration_ms: 1.172654
  type: 'test'
  ...
# Subtest: 計算方法と検証方針を全言語で本文から確認できる
ok 222 - 計算方法と検証方針を全言語で本文から確認できる
  ---
  duration_ms: 0.945341
  type: 'test'
  ...
# Subtest: 広告と計測は初期表示後に低優先度で読み込む
ok 223 - 広告と計測は初期表示後に低優先度で読み込む
  ---
  duration_ms: 0.256007
  type: 'test'
  ...
# ok - 著者ページのOGP画像は実在する
# ok - 計算機は有限値とHTMLの上下限を検証する
# ok - ルートService WorkerはGETの許可対象だけを安定したキーでキャッシュする
# ok - GAとAdSenseは地域別Consent ModeとGoogle認定CMPに従う
# ok - 計測イベントは同意済みラッパー経由だけで送信する
# ok - ルートService Workerは自分のキャッシュだけを削除対象にする
# ok - ルートService Workerはprecache失敗時に壊れたまま有効化しない
# ok - デプロイ同期は公開不要な運用ファイルをルート限定で除外する
# ok - JSミニファイは文字列中のスラッシュコメント風テキストを壊さない
# ok - デプロイ時ミニファイはPlayPoint本体・ブログ・ウィジェットを対象にする
# ok - デプロイ前検証はミニファイ後JSの構文を確認する
# ok - CIデプロイはコミット済み成果物だけを公開する
# ok - デプロイ前JS構文検証はGitHub Actions用スクリプトも対象にする
# ok - 多言語トップはJS実行前の主要文言も翻訳済みにする
# ok - 同意済み計測はGA本体ロード前のイベントを短期キューへ保持する
# ok - Xserver同期後に本番スモークテストを実行する
# ok - Xserver同期後に本番SEOヘルスチェックを実行する
# ok - デプロイ検証の変更でもワークフローを実行する
# ok - デプロイ前検証は全テストをミニファイ前後に実行する
# ok - 本番スモークテストの期待文字列は配信元ファイルに存在する
# ok - 本番スモークテストは主要PlayPointページと言語トップを確認する
# Subtest: tests/playpoint-nine-fixes.test.cjs
ok 39 - tests/playpoint-nine-fixes.test.cjs
  ---
  duration_ms: 62.329377
  type: 'test'
  ...
# ok - ステータス選択の初期値はブロンズになる
# ok - 通常計算では現在ステータスから次のランクだけを目標にする
# ok - 前年からランクを引き継いだ場合も目標閾値全体を入力できる
# ok - 直接レートと倍率は代替入力として高い方と採用理由を返す
# ok - パック額未入力では購入ごとの丸めを仮定しない概算として表示する
# ok - パック額入力時は購入ごとの四捨五入で必要回数と合計額を計算する
# ok - 1回0ポイントになる購入額は概算へフォールバックせずエラーにする
# ok - 逆算モードは入力額を1回の購入として丸める前提を表示する
# ok - 金曜の開始時刻を過ぎたカレンダー登録は翌週を使う
# ok - 月平均の分母は年末までの残日数から切り上げ月数で計算する
# ok - 12月31日でも通常計算は合計必要額を表示する
# ok - 必要ポイントはHTMLの整数制約に違反する小数を拒否する
# ok - 記事件数は言語UI更新後に実際の件数で再描画する
# ok - フッターの運営者リンクは色だけに頼らず下線で区別する
# ok - モバイルのヘッダーリンクは内側余白を含めて画面幅に収める
# ok - デスクトップのトップバーは言語切替と補助リンクを同じ段に収める
# ok - 通常計算の結果は週平均と1日あたりの目安も表示する
# ok - 通常計算の結果は条件別関連記事を最大4件だけ結果の後に表示する
# ok - 計算結果の関連記事は検索意図別LPを優先する
# ok - 計算結果の下には金額や条件に応じた次の判断導線が出る
# ok - 英語トップはJS実行前のファーストビューに日本語の主要文言を残さない
# ok - 英語トップの日記エリアはJS実行前でも英語で読める
# ok - トップのSEO名はGoogle Play Points計算機を主名にし旧名を別名として残す
# ok - 多言語トップの英語名はGoogle Play Points Calculatorを先頭にする
# ok - 検索LPの上部には通常時と倍率別の即答表がある
# ok - READMEと正規化設定は公式URLだけを一次導線にする
# ok - 共有ボタンは結果アクション行にまとめて表示状態を切り替える
# ok - 検索意図別LPは条件付き計算リンクとSEO基本タグを持つ
# ok - ブログRSSとAtomフィードは発見可能で最新記事を含む
# ok - ブログフィード生成は単体でURL正規化・日付順・XMLエスケープを行う
# Successfully synchronized asset versions and dates in sample.html
# ok - HTML同期はアセットバージョンと日付表記を単体で更新する
# ok - HTML置換ヘルパーは日付メタデータと指定アセットだけを更新する
# not ok - Service Workerアセット同期は定義済みパスをバージョンキーで更新する
# /home/runner/work/PlayPoint/PlayPoint/tests/playpoint-regression.test.cjs:132
#     throw error;
#     ^
# AssertionError [ERR_ASSERTION]: Expected values to be strictly equal:
# 3 !== 11
#     at /home/runner/work/PlayPoint/PlayPoint/tests/playpoint-regression.test.cjs:898:10
#     at test (/home/runner/work/PlayPoint/PlayPoint/tests/playpoint-regression.test.cjs:128:5)
#     at Object.<anonymous> (/home/runner/work/PlayPoint/PlayPoint/tests/playpoint-regression.test.cjs:868:1)
#     at Module._compile (node:internal/modules/cjs/loader:1781:14)
#     at Object..js (node:internal/modules/cjs/loader:1913:10)
#     at Module.load (node:internal/modules/cjs/loader:1505:32)
#     at Function._load (node:internal/modules/cjs/loader:1309:12)
#     at wrapModuleLoad (node:internal/modules/cjs/loader:254:19)
#     at Function.executeUserEntryPoint [as runMain] (node:internal/modules/run_main:171:5)
#     at node:internal/main/run_main_module:36:49 {
#   generatedMessage: true,
#   code: 'ERR_ASSERTION',
#   actual: 3,
#   expected: 11,
#   operator: 'strictEqual',
#   diff: 'simple'
# }
# Node.js v22.23.2
# Subtest: tests/playpoint-regression.test.cjs
not ok 40 - tests/playpoint-regression.test.cjs
  ---
  duration_ms: 124.124245
  type: 'test'
  location: '/home/runner/work/PlayPoint/PlayPoint/tests/playpoint-regression.test.cjs:1:1'
  failureType: 'testCodeFailure'
  exitCode: 1
  signal: ~
  error: 'test failed'
  code: 'ERR_TEST_FAILURE'
  ...
# [repository-integrity] tracked=407 deployable=298 resolved=284
# Subtest: ファイル名はOS差で衝突せず、一時ファイルを追跡しない
ok 226 - ファイル名はOS差で衝突せず、一時ファイルを追跡しない
  ---
  duration_ms: 2.858976
  type: 'test'
  ...
# Subtest: 移設・統合・共通化済みの実体を残さない
ok 227 - 移設・統合・共通化済みの実体を残さない
  ---
  duration_ms: 0.219061
  type: 'test'
  ...
# Subtest: 公開ファイルの内部参照とアンカーは実在する
ok 228 - 公開ファイルの内部参照とアンカーは実在する
  ---
  duration_ms: 0.174344
  type: 'test'
  ...
# Subtest: 全公開HTMLのcanonicalは自己一致し重複しない
ok 229 - 全公開HTMLのcanonicalは自己一致し重複しない
  ---
  duration_ms: 2.371087
  type: 'test'
  ...
# Subtest: 公開コードは旧パス・開発URL・旧ホストを参照しない
ok 230 - 公開コードは旧パス・開発URL・旧ホストを参照しない
  ---
  duration_ms: 18.659568
  type: 'test'
  ...
# Subtest: 公開画像の実形式とHTTP配信形式を一致させる
ok 231 - 公開画像の実形式とHTTP配信形式を一致させる
  ---
  duration_ms: 9.062219
  type: 'test'
  ...
# Subtest: 未参照アセットと内容が完全重複する公開ファイルを残さない
ok 232 - 未参照アセットと内容が完全重複する公開ファイルを残さない
  ---
  duration_ms: 29.79885
  type: 'test'
  ...
# Subtest: READMEとPWAメタデータは現行機能を説明する
ok 233 - READMEとPWAメタデータは現行機能を説明する
  ---
  duration_ms: 0.318933
  type: 'test'
  ...
# Subtest: 送信するXMLサイトマップ間でURLを重複させない
ok 234 - 送信するXMLサイトマップ間でURLを重複させない
  ---
  duration_ms: 4.028815
  type: 'test'
  ...
# Subtest: ルートサイトマップはPlay Pointsの公開導線だけを扱う
ok 235 - ルートサイトマップはPlay Pointsの公開導線だけを扱う
  ---
  duration_ms: 0.745698
  type: 'test'
  ...
# Subtest: 専用XMLサイトマップへ移したURLをルートへ重ねない
ok 236 - 専用XMLサイトマップへ移したURLをルートへ重ねない
  ---
  duration_ms: 0.976608
  type: 'test'
  ...
# Subtest: Play Pointsブログとフィードに家計記事を混在させない
ok 237 - Play Pointsブログとフィードに家計記事を混在させない
  ---
  duration_ms: 1.551226
  type: 'test'
  ...
# Subtest: 人向けサイトマップはPlay Pointsの案内に集中する
ok 238 - 人向けサイトマップはPlay Pointsの案内に集中する
  ---
  duration_ms: 0.357932
  type: 'test'
  ...
# Subtest: 韓国語トップは為替計算をうたわず実際の入力条件を説明する
ok 239 - 韓国語トップは為替計算をうたわず実際の入力条件を説明する
  ---
  duration_ms: 0.233052
  type: 'test'
  ...
# Subtest: Q&Aは現在のランク判定と計算機の責任範囲を明示する
ok 240 - Q&Aは現在のランク判定と計算機の責任範囲を明示する
  ---
  duration_ms: 0.255848
  type: 'test'
  ...
# Subtest: 旧HTMLを5項目の静的レイアウトへ安全に変換できる
ok 241 - 旧HTMLを5項目の静的レイアウトへ安全に変換できる
  ---
  duration_ms: 3.209295
  type: 'test'
  ...
# Subtest: 4言語の公開HTMLはJavaScript実行前から5項目と専用ラベルを持つ
ok 242 - 4言語の公開HTMLはJavaScript実行前から5項目と専用ラベルを持つ
  ---
  duration_ms: 1.906754
  type: 'test'
  ...
# Subtest: 多言語生成処理は通常計算専用ラベルを一般翻訳と分離する
ok 243 - 多言語生成処理は通常計算専用ラベルを一般翻訳と分離する
  ---
  duration_ms: 0.265131
  type: 'test'
  ...
# Subtest: UIモジュールの旧HTML向けフォールバックと静的HTML向け早期終了を維持する
ok 244 - UIモジュールの旧HTML向けフォールバックと静的HTML向け早期終了を維持する
  ---
  duration_ms: 0.200333
  type: 'test'
  ...
# Subtest: UIモジュールは内容ハッシュ付きで読み込み、Service Workerも即時更新確認する
ok 245 - UIモジュールは内容ハッシュ付きで読み込み、Service Workerも即時更新確認する
  ---
  duration_ms: 0.57522
  type: 'test'
  ...
# Subtest: 未バージョンJavaScriptだけを短期再検証し、v付き資産はimmutableにする
ok 246 - 未バージョンJavaScriptだけを短期再検証し、v付き資産はimmutableにする
  ---
  duration_ms: 0.197088
  type: 'test'
  ...
# Subtest: 静的生成辞書は多言語フッターの全リンク文言を持つ
ok 247 - 静的生成辞書は多言語フッターの全リンク文言を持つ
  ---
  duration_ms: 1.802968
  type: 'test'
  ...
# Subtest: 3言語トップはJavaScript実行前からウィジェット名が翻訳されている
ok 248 - 3言語トップはJavaScript実行前からウィジェット名が翻訳されている
  ---
  duration_ms: 10.548813
  type: 'test'
  ...
# Subtest: フィード名と年次グラフの読み上げ文言を各言語で静的生成する
ok 249 - フィード名と年次グラフの読み上げ文言を各言語で静的生成する
  ---
  duration_ms: 4.22414
  type: 'test'
  ...
# Subtest: 多言語トップの利用者向け静的文言へ別言語の文字が混入しない
ok 250 - 多言語トップの利用者向け静的文言へ別言語の文字が混入しない
  ---
  duration_ms: 2.243254
  type: 'test'
  ...
1..250
# tests 250
# suites 0
# pass 249
# fail 1
# cancelled 0
# skipped 0
# todo 0
# duration_ms 1278.45155

事前検証で失敗した工程:
- 生成物の再現性検証
- 全回帰テスト
- 圧縮後の全回帰テスト
